OrderDate,Region,Category,SubCategory,Segment,Quantity,Sales,Profit,Discount,Month,ProfitMargin
2023-03-07,Europe,Technology,Copiers,Corporate,1,202.16,0.85,0.15,2023-03-01,0.004204590423426988
2024-01-11,Europe,Office Supplies,Binders,Home Office,3,167.34,56.4,0.0,2024-01-01,0.33703836500537826
2023-03-09,North America,Technology,Accessories,Corporate,2,544.14,-210.98,0.4,2023-03-01,-0.3877310986143272
2024-05-10,North America,Office Supplies,Art,Consumer,3,134.99,16.16,0.15,2024-05-01,0.11971257130157789
2023-10-28,Europe,Office Supplies,Paper,Consumer,2,56.48,23.3,0.0,2023-10-01,0.41253541076487255
2024-11-18,Latin America,Technology,Machines,Consumer,2,1191.54,322.83,0.0,2024-11-01,0.2709350924014301
2023-06-25,North America,Furniture,Bookcases,Consumer,3,984.62,-35.43,0.15,2023-06-01,-0.03598342507769495
2024-02-11,Asia Pacific,Furniture,Tables,Consumer,1,270.36,11.69,0.1,2024-02-01,0.04323864476993638
2024-02-25,Europe,Office Supplies,Storage,Consumer,2,54.98,20.37,0.0,2024-02-01,0.3704983630411059
2024-12-26,North America,Furniture,Furnishings,Consumer,3,1330.06,90.35,0.1,2024-12-01,0.06792926634888652
2024-12-29,Europe,Technology,Accessories,Consumer,2,933.28,41.39,0.15,2024-12-01,0.04434896279787417
2024-06-08,Europe,Furniture,Chairs,Corporate,3,796.56,172.07,0.0,2024-06-01,0.21601637039268856
2024-03-19,North America,Furniture,Tables,Home Office,3,512.31,145.99,0.0,2024-03-01,0.2849641818430248
2023-07-12,Asia Pacific,Office Supplies,Art,Consumer,1,38.78,11.39,0.0,2023-07-01,0.2937080969571944
2024-06-11,Asia Pacific,Furniture,Tables,Home Office,3,672.11,148.6,0.0,2024-06-01,0.22109476127419617
2023-04-13,Asia Pacific,Furniture,Bookcases,Consumer,3,1106.79,263.24,0.0,2023-04-01,0.23784096350707903
2024-05-10,Asia Pacific,Furniture,Chairs,Home Office,2,255.19,12.48,0.1,2024-05-01,0.0489047376464595
2023-04-21,Europe,Technology,Copiers,Consumer,5,3665.02,-987.64,0.3,2023-04-01,-0.26947738347948985
2024-02-01,North America,Office Supplies,Paper,Corporate,2,60.5,4.1,0.2,2024-02-01,0.06776859504132231
2024-02-01,Europe,Furniture,Chairs,Corporate,2,648.76,18.9,0.15,2024-02-01,0.029132498921018556
2024-03-25,North America,Furniture,Furnishings,Corporate,6,1036.71,-150.47,0.2,2024-03-01,-0.14514184294547172
2023-05-29,North America,Office Supplies,Art,Consumer,2,92.49,29.48,0.0,2023-05-01,0.3187371607741378
2024-12-09,Latin America,Technology,Copiers,Home Office,2,1212.24,328.48,0.0,2024-12-01,0.2709694449943906
2023-09-03,Europe,Furniture,Bookcases,Corporate,3,428.58,129.66,0.0,2023-09-01,0.3025339493210136
2023-02-19,North America,Furniture,Furnishings,Corporate,1,137.64,-5.47,0.15,2023-02-01,-0.03974135425748329
2023-12-31,North America,Furniture,Bookcases,Consumer,3,1332.6,289.93,0.0,2023-12-01,0.2175671619390665
2024-11-09,Asia Pacific,Furniture,Bookcases,Corporate,4,776.86,152.1,0.0,2024-11-01,0.19578817290116624
2024-12-12,Europe,Technology,Machines,Home Office,2,833.57,226.84,0.0,2024-12-01,0.27213071487697493
2023-04-19,North America,Furniture,Bookcases,Consumer,6,2373.5,-651.22,0.3,2023-04-01,-0.27437118179903097
2023-11-12,Latin America,Furniture,Tables,Consumer,1,279.51,59.22,0.0,2023-11-01,0.21187077385424494
2024-07-13,Latin America,Office Supplies,Storage,Consumer,1,41.27,-0.55,0.2,2024-07-01,-0.01332687181972377
2024-01-24,North America,Technology,Phones,Corporate,7,1545.73,180.97,0.1,2024-01-01,0.1170773679750021
2023-05-21,North America,Furniture,Furnishings,Home Office,3,651.26,98.51,0.0,2023-05-01,0.15126063323403866
2024-01-30,North America,Furniture,Chairs,Consumer,3,1015.84,241.35,0.0,2024-01-01,0.237586627815404
2024-12-20,Latin America,Technology,Accessories,Consumer,2,1880.69,224.35,0.1,2024-12-01,0.1192913239289835
2023-07-26,Europe,Office Supplies,Binders,Consumer,4,183.54,-34.36,0.3,2023-07-01,-0.18720714830554647
2024-09-03,Latin America,Technology,Copiers,Corporate,3,1134.81,16.82,0.15,2024-09-01,0.014821864453080253
2024-08-26,Europe,Technology,Accessories,Consumer,2,806.95,194.8,0.0,2024-08-01,0.24140281306152797
2023-11-13,Europe,Furniture,Tables,Consumer,4,1283.27,214.76,0.0,2023-11-01,0.16735371355988996
2023-06-22,Middle East & Africa,Technology,Machines,Consumer,4,1871.08,-71.2,0.2,2023-06-01,-0.03805288924043868
2023-05-28,Europe,Office Supplies,Art,Consumer,4,91.9,11.99,0.15,2023-05-01,0.13046789989118607
2024-11-27,North America,Technology,Accessories,Consumer,1,505.8,-205.31,0.4,2024-11-01,-0.4059114274416765
2023-10-25,Latin America,Technology,Accessories,Home Office,3,654.59,180.41,0.0,2023-10-01,0.27560763225836016
2023-04-05,Asia Pacific,Office Supplies,Storage,Corporate,3,137.38,38.03,0.0,2023-04-01,0.27682340952103657
2023-04-12,North America,Furniture,Furnishings,Consumer,3,950.35,19.66,0.15,2023-04-01,0.020687115273320355
2024-06-18,Latin America,Technology,Machines,Consumer,1,396.42,110.67,0.0,2024-06-01,0.2791736037535947
2023-03-05,Europe,Office Supplies,Art,Corporate,1,27.63,2.82,0.2,2023-03-01,0.10206297502714441
2023-04-13,Middle East & Africa,Technology,Machines,Home Office,3,2037.7,-0.36,0.1,2023-04-01,-0.0001766697747460372
2023-12-16,Asia Pacific,Furniture,Bookcases,Consumer,1,203.7,36.73,0.0,2023-12-01,0.18031418753068237
2023-01-09,Middle East & Africa,Technology,Machines,Consumer,1,387.23,109.57,0.0,2023-01-01,0.28295844846731916
2023-02-01,Middle East & Africa,Technology,Phones,Corporate,4,1346.39,302.62,0.0,2023-02-01,0.22476399854425536
2023-11-28,Asia Pacific,Furniture,Chairs,Home Office,3,986.32,257.9,0.0,2023-11-01,0.26147700543434177
2024-08-22,Latin America,Furniture,Bookcases,Home Office,1,301.37,-75.38,0.3,2024-08-01,-0.2501244317616219
2024-09-10,Latin America,Furniture,Bookcases,Consumer,5,1251.6,-162.36,0.2,2024-09-01,-0.12972195589645255
2024-08-17,North America,Office Supplies,Storage,Corporate,5,103.25,33.86,0.0,2024-08-01,0.32794188861985474
2023-01-04,Latin America,Technology,Phones,Consumer,2,571.63,-327.38,0.5,2023-01-01,-0.5727131186256844
2024-02-01,Asia Pacific,Office Supplies,Art,Consumer,4,113.73,31.09,0.1,2024-02-01,0.2733667458014596
2023-07-08,Middle East & Africa,Furniture,Bookcases,Consumer,3,1388.35,310.25,0.0,2023-07-01,0.22346670508157165
2024-11-23,North America,Office Supplies,Paper,Corporate,2,128.74,38.69,0.0,2024-11-01,0.30052819636476613
2024-11-24,North America,Furniture,Bookcases,Consumer,5,2476.4,191.64,0.1,2024-11-01,0.07738652883217573
2024-03-07,Asia Pacific,Office Supplies,Storage,Consumer,2,109.79,41.75,0.0,2024-03-01,0.38027142727024316
2024-01-20,Europe,Technology,Machines,Home Office,3,1100.58,67.16,0.1,2024-01-01,0.06102237002307874
2023-06-29,Latin America,Office Supplies,Paper,Consumer,3,182.14,66.61,0.0,2023-06-01,0.3657076973756451
2024-02-18,North America,Office Supplies,Paper,Corporate,2,19.29,2.47,0.2,2024-02-01,0.12804561949196477
2024-06-02,Asia Pacific,Furniture,Chairs,Consumer,2,993.07,-47.65,0.15,2024-06-01,-0.04798251885566979
2024-07-17,Asia Pacific,Office Supplies,Storage,Corporate,2,110.67,28.05,0.1,2024-07-01,0.2534562211981567
2024-06-04,Latin America,Technology,Phones,Corporate,1,613.43,202.55,0.0,2024-06-01,0.33019252400436894
2024-09-08,North America,Technology,Machines,Consumer,5,1659.42,394.23,0.0,2024-09-01,0.23757095852767834
2024-11-18,North America,Office Supplies,Binders,Consumer,4,37.59,11.11,0.0,2024-11-01,0.2955573290768821
2024-09-06,Asia Pacific,Office Supplies,Art,Corporate,2,85.69,35.59,0.0,2024-09-01,0.41533434473100717
2024-10-06,Latin America,Office Supplies,Paper,Corporate,6,222.21,-30.59,0.3,2024-10-01,-0.13766257144142927
2023-03-29,Europe,Office Supplies,Art,Corporate,1,37.26,-3.63,0.3,2023-03-01,-0.09742351046698873
2023-10-14,Europe,Furniture,Chairs,Consumer,2,595.97,87.96,0.0,2023-10-01,0.14759132171082434
2024-02-19,North America,Technology,Phones,Corporate,1,457.32,113.13,0.0,2024-02-01,0.24737601679349253
2024-04-20,Asia Pacific,Technology,Copiers,Corporate,1,464.33,-18.03,0.15,2024-04-01,-0.038830142355652235
2024-04-19,Asia Pacific,Technology,Accessories,Home Office,3,1824.7,-2.18,0.15,2024-04-01,-0.0011947169397709212
2023-01-04,North America,Technology,Phones,Consumer,4,1549.65,-548.93,0.4,2023-01-01,-0.3542283741490013
2023-02-24,North America,Office Supplies,Art,Corporate,3,124.68,36.87,0.0,2023-02-01,0.2957170356111645
2024-11-27,North America,Technology,Phones,Corporate,3,1159.65,64.58,0.15,2024-11-01,0.05568921657396628
2023-10-07,North America,Office Supplies,Binders,Home Office,3,128.34,20.99,0.15,2023-10-01,0.16354994545737883
2024-07-09,Latin America,Technology,Machines,Consumer,1,634.07,-50.89,0.2,2024-07-01,-0.08025927736685223
2024-06-02,Europe,Office Supplies,Storage,Home Office,1,52.93,16.16,0.0,2024-06-01,0.30530889854524845
2023-11-07,Middle East & Africa,Office Supplies,Art,Consumer,2,130.41,-63.06,0.5,2023-11-01,-0.4835518748562227
2024-06-21,Europe,Technology,Accessories,Consumer,2,1324.02,383.12,0.0,2024-06-01,0.2893611878974638
2024-02-10,Europe,Office Supplies,Binders,Consumer,2,26.15,2.48,0.15,2024-02-01,0.09483747609942639
2024-12-17,Latin America,Furniture,Tables,Consumer,3,868.55,16.71,0.15,2024-12-01,0.0192389614875367
2024-03-29,North America,Office Supplies,Storage,Consumer,3,216.77,51.89,0.1,2024-03-01,0.23937814273192784
2024-03-03,Europe,Office Supplies,Art,Home Office,2,67.81,28.45,0.0,2024-03-01,0.41955463795900305
2023-08-22,Asia Pacific,Technology,Phones,Corporate,2,952.45,-401.3,0.4,2023-08-01,-0.4213344532521392
2023-08-03,North America,Furniture,Chairs,Consumer,2,694.77,117.04,0.0,2023-08-01,0.16845862659585187
2024-04-09,North America,Technology,Machines,Consumer,3,1051.61,272.7,0.0,2024-04-01,0.2593166668251538
2023-07-31,Latin America,Furniture,Chairs,Consumer,1,124.52,25.21,0.0,2023-07-01,0.2024574365563765
2023-12-08,North America,Office Supplies,Art,Consumer,1,39.27,15.48,0.0,2023-12-01,0.3941940412528648
2023-06-30,North America,Office Supplies,Art,Corporate,3,157.35,61.98,0.0,2023-06-01,0.3938989513822688
2023-03-07,North America,Furniture,Chairs,Consumer,1,332.59,2.98,0.1,2023-03-01,0.008959980757088308
2024-05-17,North America,Technology,Copiers,Corporate,3,961.93,-57.17,0.2,2024-05-01,-0.05943259904566861
2023-07-01,Europe,Office Supplies,Art,Home Office,4,119.28,49.14,0.0,2023-07-01,0.4119718309859155
2023-03-24,North America,Office Supplies,Storage,Consumer,3,134.31,51.6,0.0,2023-03-01,0.3841858387312933
2024-05-28,Asia Pacific,Technology,Phones,Corporate,5,2038.67,205.1,0.1,2024-05-01,0.1006048060745486
2024-07-21,Asia Pacific,Furniture,Chairs,Consumer,1,270.07,83.69,0.0,2024-07-01,0.30988262302366054
2024-02-27,North America,Technology,Accessories,Home Office,2,387.1,86.21,0.0,2024-02-01,0.2227073107724102
2023-11-23,North America,Technology,Accessories,Home Office,2,1486.04,462.59,0.0,2023-11-01,0.31129040941024466
2024-09-05,Asia Pacific,Office Supplies,Paper,Consumer,3,171.46,36.59,0.1,2024-09-01,0.21340254286714103
2024-06-08,Europe,Office Supplies,Art,Consumer,2,95.79,33.39,0.0,2024-06-01,0.3485750078296273
2024-07-18,Europe,Technology,Copiers,Consumer,1,347.59,70.18,0.0,2024-07-01,0.20190454270836333
2023-09-08,Asia Pacific,Technology,Machines,Consumer,2,1058.61,42.13,0.15,2023-09-01,0.039797470267615084
2024-11-25,North America,Technology,Accessories,Home Office,1,488.08,171.74,0.0,2024-11-01,0.3518685461399771
2023-11-30,Middle East & Africa,Office Supplies,Binders,Corporate,2,121.32,65.39,0.0,2023-11-01,0.5389878008572371
2024-02-22,Europe,Office Supplies,Storage,Home Office,2,86.46,34.06,0.0,2024-02-01,0.393939393939394
2024-07-16,North America,Technology,Phones,Consumer,3,822.99,211.57,0.0,2024-07-01,0.2570748125736643
2024-03-03,North America,Furniture,Furnishings,Consumer,2,397.65,93.03,0.0,2024-03-01,0.23394945303658998
2023-01-07,Middle East & Africa,Office Supplies,Paper,Consumer,1,39.83,14.93,0.0,2023-01-01,0.37484308310318853
2023-08-09,Latin America,Technology,Copiers,Home Office,1,234.59,75.6,0.0,2023-08-01,0.3222643761456157
2023-06-12,North America,Technology,Accessories,Corporate,2,716.51,175.12,0.0,2023-06-01,0.2444069168608952
2023-03-19,Asia Pacific,Technology,Copiers,Consumer,1,422.11,5.33,0.15,2023-03-01,0.012627040344933785
2023-02-01,Middle East & Africa,Furniture,Chairs,Home Office,1,203.72,-28.03,0.2,2023-02-01,-0.13759081091694483
2024-04-20,Europe,Office Supplies,Paper,Corporate,4,236.83,68.25,0.1,2024-04-01,0.2881813959380146
2023-09-01,North America,Technology,Phones,Home Office,2,715.8,180.03,0.0,2023-09-01,0.2515088013411568
2023-10-15,Europe,Furniture,Bookcases,Consumer,3,992.54,-401.5,0.4,2023-10-01,-0.4045177020573478
2023-09-30,North America,Office Supplies,Storage,Consumer,4,171.85,69.52,0.0,2023-09-01,0.40453884201338375
2023-02-22,Europe,Office Supplies,Paper,Consumer,1,36.36,1.96,0.15,2023-02-01,0.0539053905390539
2024-09-05,Middle East & Africa,Office Supplies,Binders,Consumer,5,163.63,35.98,0.1,2024-09-01,0.21988632891279103
2024-04-10,North America,Technology,Copiers,Consumer,2,694.24,-383.77,0.5,2024-04-01,-0.5527915418299147
2024-10-03,Europe,Furniture,Chairs,Consumer,2,514.79,-159.58,0.3,2024-10-01,-0.30999048155558584
2023-10-30,Europe,Office Supplies,Storage,Corporate,3,139.46,54.6,0.0,2023-10-01,0.3915101104259286
2023-03-08,Latin America,Furniture,Bookcases,Consumer,3,655.47,15.42,0.15,2023-03-01,0.023525104123758522
2023-09-22,Europe,Technology,Copiers,Consumer,3,1424.27,151.74,0.1,2023-09-01,0.10653878829154585
2023-08-30,Asia Pacific,Office Supplies,Paper,Consumer,3,120.13,49.67,0.0,2023-08-01,0.4134687421959544
2023-04-06,Asia Pacific,Furniture,Bookcases,Consumer,5,1000.0,-152.25,0.2,2023-04-01,-0.15225
2024-10-29,North America,Office Supplies,Storage,Consumer,3,128.23,-10.2,0.3,2024-10-01,-0.07954456835373938
2024-12-03,Asia Pacific,Technology,Accessories,Corporate,3,1650.32,527.08,0.0,2024-12-01,0.319380483784963
2024-01-15,Asia Pacific,Furniture,Tables,Consumer,2,672.57,175.06,0.0,2024-01-01,0.2602851747773466
2024-09-11,Europe,Office Supplies,Art,Consumer,3,87.98,31.07,0.0,2024-09-01,0.3531484428279154
2024-11-28,Latin America,Technology,Copiers,Corporate,2,1144.29,218.71,0.0,2024-11-01,0.1911316187330135
2024-05-26,Asia Pacific,Office Supplies,Binders,Consumer,3,113.55,40.56,0.0,2024-05-01,0.3571994715984148
2023-08-01,North America,Furniture,Furnishings,Consumer,3,1129.35,237.34,0.0,2023-08-01,0.21015628458848012
2024-03-18,Europe,Technology,Phones,Consumer,3,1641.29,115.99,0.1,2024-03-01,0.07067002175118352
2023-07-31,North America,Furniture,Furnishings,Corporate,3,837.6,-75.3,0.15,2023-07-01,-0.08989971346704871
2024-06-03,North America,Office Supplies,Art,Corporate,3,164.93,17.68,0.15,2024-06-01,0.10719699266355423
2023-01-18,Europe,Furniture,Furnishings,Corporate,4,1434.69,359.68,0.0,2023-01-01,0.25070224229624516
2023-06-03,Asia Pacific,Office Supplies,Binders,Corporate,1,31.76,13.4,0.0,2023-06-01,0.42191435768261965
2023-06-21,Latin America,Office Supplies,Storage,Home Office,3,135.65,49.1,0.0,2023-06-01,0.3619609288610394
2023-08-14,North America,Furniture,Bookcases,Consumer,1,229.36,47.36,0.0,2023-08-01,0.2064876177188699
2024-06-29,North America,Furniture,Furnishings,Home Office,1,242.19,-7.49,0.2,2024-06-01,-0.030926132375407738
2023-11-06,Asia Pacific,Office Supplies,Paper,Corporate,2,116.15,30.67,0.0,2023-11-01,0.26405510116229014
2023-10-28,North America,Technology,Phones,Consumer,3,986.69,307.36,0.0,2023-10-01,0.3115061468140956
2023-02-14,Middle East & Africa,Furniture,Tables,Corporate,4,826.19,-21.77,0.2,2023-02-01,-0.026349871095026567
2024-11-29,North America,Furniture,Furnishings,Corporate,2,337.38,5.72,0.1,2024-11-01,0.01695417629972138
2023-10-08,Asia Pacific,Furniture,Furnishings,Consumer,1,83.04,14.13,0.0,2023-10-01,0.17015895953757226
2023-07-09,Latin America,Office Supplies,Art,Consumer,3,151.29,63.95,0.0,2023-07-01,0.42269812942031865
2024-04-12,North America,Furniture,Bookcases,Consumer,2,563.94,120.09,0.0,2024-04-01,0.2129481859772316
2023-03-11,Europe,Technology,Machines,Consumer,5,3203.72,684.55,0.0,2023-03-01,0.21367347957998825
2023-01-20,North America,Furniture,Chairs,Consumer,3,701.43,-93.79,0.2,2023-01-01,-0.13371255863022685
2023-09-09,North America,Office Supplies,Paper,Consumer,4,126.64,-17.18,0.3,2023-09-01,-0.13566013897662665
2024-05-26,North America,Furniture,Chairs,Corporate,1,357.7,15.93,0.15,2024-05-01,0.04453452613922281
2024-05-20,Middle East & Africa,Furniture,Bookcases,Consumer,4,786.2,69.43,0.1,2024-05-01,0.08831086237598576
2024-11-07,Middle East & Africa,Office Supplies,Binders,Consumer,1,59.76,20.34,0.0,2024-11-01,0.34036144578313254
2023-12-10,Europe,Furniture,Chairs,Consumer,4,941.84,182.2,0.0,2023-12-01,0.1934511169625414
2023-11-18,Asia Pacific,Technology,Machines,Home Office,2,500.55,168.1,0.0,2023-11-01,0.33583058635500945
2023-10-08,Asia Pacific,Office Supplies,Paper,Consumer,4,157.84,56.17,0.0,2023-10-01,0.35586670045615815
2024-01-01,Europe,Furniture,Bookcases,Corporate,2,465.39,-31.13,0.2,2024-01-01,-0.06689013515546101
2023-05-13,Asia Pacific,Furniture,Bookcases,Home Office,2,556.8,34.06,0.1,2023-05-01,0.061170977011494265
2024-03-26,Asia Pacific,Office Supplies,Binders,Consumer,4,38.45,16.14,0.0,2024-03-01,0.4197659297789337
2023-11-27,Latin America,Office Supplies,Binders,Home Office,6,448.39,160.54,0.0,2023-11-01,0.3580365306987221
2023-11-14,Europe,Office Supplies,Art,Home Office,1,44.57,14.79,0.0,2023-11-01,0.33183755889611843
2024-12-04,Europe,Furniture,Furnishings,Corporate,4,1223.37,-770.51,0.5,2024-12-01,-0.6298258090356965
2024-10-27,Europe,Office Supplies,Paper,Consumer,4,122.19,49.89,0.0,2024-10-01,0.40829855143628774
2024-06-17,North America,Office Supplies,Art,Consumer,4,126.25,17.53,0.15,2024-06-01,0.13885148514851486
2024-07-31,North America,Office Supplies,Storage,Corporate,1,42.09,12.04,0.0,2024-07-01,0.2860536944642432
2023-05-16,Middle East & Africa,Office Supplies,Binders,Corporate,5,227.56,62.7,0.15,2023-05-01,0.27553172789593955
2024-10-08,Europe,Office Supplies,Storage,Consumer,2,48.03,-11.7,0.4,2024-10-01,-0.24359775140537163
2023-05-29,North America,Technology,Accessories,Consumer,3,624.54,184.92,0.0,2023-05-01,0.2960899221827265
2023-01-04,North America,Office Supplies,Art,Home Office,2,72.89,31.04,0.0,2023-01-01,0.4258471669639182
2023-05-06,North America,Furniture,Furnishings,Consumer,1,355.27,-18.48,0.2,2023-05-01,-0.052016775973203484
2024-01-31,Middle East & Africa,Technology,Copiers,Home Office,2,844.11,91.89,0.1,2024-01-01,0.10886021963962043
2024-12-06,Middle East & Africa,Technology,Copiers,Consumer,2,1038.49,274.9,0.0,2024-12-01,0.26471126346907525
2023-03-25,North America,Technology,Phones,Consumer,1,576.49,163.21,0.0,2023-03-01,0.2831098544640844
2024-09-20,Middle East & Africa,Furniture,Chairs,Corporate,3,379.92,77.43,0.0,2024-09-01,0.20380606443461782
2023-09-17,North America,Furniture,Chairs,Corporate,3,907.27,77.72,0.1,2023-09-01,0.08566358415907062
2024-01-06,Asia Pacific,Technology,Copiers,Home Office,5,1333.31,413.03,0.0,2024-01-01,0.30977792111361946
2024-03-29,Europe,Technology,Copiers,Corporate,3,1660.84,-42.47,0.15,2024-03-01,-0.025571397606030683
2023-04-29,North America,Technology,Machines,Consumer,2,512.89,91.41,0.0,2023-04-01,0.17822535046501198
2024-01-24,Europe,Office Supplies,Storage,Home Office,1,55.69,22.17,0.0,2024-01-01,0.39809660621296467
2024-06-20,North America,Office Supplies,Storage,Consumer,6,385.93,-50.04,0.3,2024-06-01,-0.12966081931956572
2024-06-08,Latin America,Office Supplies,Binders,Corporate,5,204.87,13.22,0.2,2024-06-01,0.064528725533265
2023-08-09,Asia Pacific,Technology,Machines,Home Office,1,427.91,-24.81,0.2,2023-08-01,-0.05797948166670561
2023-02-03,Europe,Furniture,Bookcases,Corporate,3,844.31,-44.77,0.1,2023-02-01,-0.05302554748848173
2023-06-14,North America,Furniture,Furnishings,Home Office,2,878.38,217.98,0.0,2023-06-01,0.24816138800974522
2023-05-19,Asia Pacific,Technology,Copiers,Consumer,4,789.56,212.34,0.0,2023-05-01,0.26893459648411777
2023-07-01,North America,Office Supplies,Paper,Corporate,2,52.38,0.13,0.2,2023-07-01,0.0024818633066055746
2023-03-21,Europe,Technology,Copiers,Consumer,4,1695.71,483.17,0.0,2023-03-01,0.28493669318456577
2024-06-09,Asia Pacific,Office Supplies,Binders,Consumer,3,157.32,44.07,0.0,2024-06-01,0.2801296720061022
2024-10-20,Asia Pacific,Technology,Phones,Consumer,2,227.01,-153.79,0.5,2024-10-01,-0.677459142769041
2023-11-19,Latin America,Technology,Copiers,Consumer,4,2072.56,602.83,0.0,2023-11-01,0.2908625082024164
2023-12-26,Asia Pacific,Office Supplies,Paper,Home Office,6,224.21,-5.46,0.2,2023-12-01,-0.024352169840774273
2024-07-17,Latin America,Technology,Copiers,Consumer,3,1189.81,104.9,0.1,2024-07-01,0.08816533732276582
2023-11-12,Europe,Office Supplies,Paper,Consumer,1,40.7,-11.33,0.4,2023-11-01,-0.27837837837837837
2023-02-13,Asia Pacific,Furniture,Furnishings,Consumer,4,743.14,-188.02,0.3,2023-02-01,-0.2530075086793875
2023-08-07,Latin America,Furniture,Bookcases,Consumer,1,264.18,37.16,0.0,2023-08-01,0.14066167007343477
2024-05-26,Asia Pacific,Technology,Machines,Consumer,1,212.1,66.06,0.0,2024-05-01,0.31145685997171146
2023-09-23,North America,Furniture,Furnishings,Corporate,3,565.44,78.57,0.0,2023-09-01,0.13895373514431236
2023-04-25,North America,Furniture,Tables,Consumer,1,124.73,2.93,0.1,2023-04-01,0.023490739998396536
2023-04-09,Europe,Office Supplies,Art,Home Office,5,122.45,24.08,0.15,2023-04-01,0.19665169456921192
2023-10-30,North America,Furniture,Tables,Consumer,3,765.2,-213.64,0.3,2023-10-01,-0.2791949817041296
2024-04-10,North America,Office Supplies,Paper,Consumer,1,47.45,13.82,0.0,2024-04-01,0.2912539515279241
2024-04-07,North America,Furniture,Tables,Corporate,4,1347.91,-274.16,0.3,2024-04-01,-0.20339636919378892
2023-07-01,North America,Furniture,Furnishings,Home Office,1,190.65,-3.98,0.15,2023-07-01,-0.02087595069499082
2023-03-31,Middle East & Africa,Technology,Copiers,Consumer,3,1034.87,46.73,0.15,2023-03-01,0.04515543015064694
2023-04-28,North America,Furniture,Bookcases,Consumer,3,707.94,36.15,0.1,2023-04-01,0.051063649461818794
2024-08-31,Middle East & Africa,Office Supplies,Art,Corporate,2,73.38,29.31,0.0,2024-08-01,0.39942763695829925
2023-11-28,Asia Pacific,Technology,Copiers,Home Office,1,531.2,169.76,0.0,2023-11-01,0.319578313253012
2023-06-12,Europe,Technology,Phones,Consumer,1,380.64,-142.07,0.4,2023-06-01,-0.37323980664144596
2024-07-24,Asia Pacific,Office Supplies,Paper,Corporate,3,98.46,30.03,0.0,2024-07-01,0.3049969530773919
2024-11-01,Asia Pacific,Office Supplies,Storage,Consumer,3,141.22,52.66,0.0,2024-11-01,0.3728933578813199
2023-11-01,North America,Technology,Copiers,Consumer,1,448.43,125.79,0.0,2023-11-01,0.2805120085632094
2023-10-27,North America,Furniture,Furnishings,Consumer,1,203.72,-11.46,0.1,2023-10-01,-0.05625368152365993
2024-11-09,Europe,Office Supplies,Storage,Corporate,4,212.13,-11.41,0.2,2024-11-01,-0.05378777164946024
2024-12-11,North America,Technology,Accessories,Home Office,2,898.19,173.42,0.0,2024-12-01,0.1930771885681203
2023-04-08,North America,Furniture,Chairs,Home Office,4,1003.14,-126.86,0.2,2023-04-01,-0.12646290647367267
2023-03-04,Asia Pacific,Technology,Copiers,Corporate,2,376.43,115.09,0.0,2023-03-01,0.3057407751773238
2023-05-03,North America,Technology,Machines,Consumer,2,1118.4,-140.46,0.2,2023-05-01,-0.1255901287553648
2024-11-27,Latin America,Furniture,Bookcases,Corporate,2,930.15,-47.39,0.15,2024-11-01,-0.05094877170348869
2023-03-23,Asia Pacific,Office Supplies,Paper,Corporate,5,353.35,78.98,0.1,2023-03-01,0.22351775859629264
2023-08-28,Asia Pacific,Technology,Accessories,Consumer,1,360.81,109.0,0.0,2023-08-01,0.3020980571491921
2023-08-30,Asia Pacific,Furniture,Tables,Home Office,2,512.6,156.5,0.0,2023-08-01,0.3053062817011315
2023-03-02,Middle East & Africa,Office Supplies,Storage,Corporate,1,60.47,23.27,0.0,2023-03-01,0.3848189184719696
2024-05-03,Middle East & Africa,Office Supplies,Paper,Consumer,4,70.85,30.52,0.0,2024-05-01,0.4307692307692308
2023-04-16,North America,Office Supplies,Binders,Corporate,1,34.91,7.42,0.1,2023-04-01,0.21254654826697222
2023-03-19,North America,Office Supplies,Art,Consumer,2,66.99,2.94,0.15,2023-03-01,0.0438871473354232
2023-07-02,Europe,Technology,Copiers,Home Office,1,129.23,33.55,0.0,2023-07-01,0.25961464056333666
2024-05-13,Asia Pacific,Technology,Machines,Home Office,3,1004.85,-21.64,0.2,2024-05-01,-0.021535552570035327
2023-08-24,Europe,Technology,Phones,Consumer,4,2173.09,-1198.08,0.5,2023-08-01,-0.5513255318463569
2024-03-01,North America,Office Supplies,Art,Corporate,3,121.84,25.23,0.1,2024-03-01,0.20707485226526592
2024-05-11,Europe,Office Supplies,Storage,Consumer,4,76.15,21.18,0.0,2024-05-01,0.27813525935653316
2023-03-18,Europe,Furniture,Furnishings,Consumer,2,540.47,137.07,0.0,2023-03-01,0.2536125964438359
2023-01-08,Asia Pacific,Furniture,Chairs,Home Office,3,383.3,63.54,0.0,2023-01-01,0.16577093660318287
2023-10-07,Latin America,Technology,Phones,Consumer,2,926.38,103.55,0.1,2023-10-01,0.11177918348841728
2024-10-17,Asia Pacific,Technology,Phones,Corporate,1,136.82,47.95,0.0,2024-10-01,0.35046045899722267
2024-07-18,North America,Furniture,Tables,Consumer,2,569.53,132.89,0.0,2024-07-01,0.2333327480554141
2023-07-01,Asia Pacific,Technology,Accessories,Corporate,4,1195.48,-9.33,0.1,2023-07-01,-0.0078043965603774215
2023-05-11,North America,Office Supplies,Binders,Consumer,2,47.63,-2.21,0.3,2023-05-01,-0.04639932815452446
2024-03-20,North America,Technology,Copiers,Home Office,3,1126.85,-403.67,0.4,2024-03-01,-0.35822869059768386
2023-06-20,Europe,Furniture,Furnishings,Home Office,4,22.0,5.97,0.0,2023-06-01,0.27136363636363636
2024-01-02,Asia Pacific,Furniture,Chairs,Corporate,1,343.55,0.13,0.1,2024-01-01,0.0003784019793334304
2024-11-09,Asia Pacific,Office Supplies,Art,Consumer,1,46.82,-9.14,0.4,2024-11-01,-0.19521571977787272
2023-03-13,Latin America,Office Supplies,Binders,Home Office,1,27.48,-2.62,0.3,2023-03-01,-0.09534206695778748
2023-03-11,Middle East & Africa,Furniture,Bookcases,Consumer,1,170.45,54.55,0.0,2023-03-01,0.3200352009386917
2024-07-05,North America,Office Supplies,Art,Home Office,3,84.67,27.08,0.0,2024-07-01,0.3198299279555923
2023-07-03,North America,Technology,Accessories,Consumer,2,749.65,33.18,0.15,2023-07-01,0.044260654972320415
2024-02-01,North America,Office Supplies,Paper,Consumer,2,58.56,27.22,0.0,2024-02-01,0.4648224043715847
2023-08-12,Asia Pacific,Furniture,Tables,Consumer,5,1463.79,281.02,0.0,2023-08-01,0.19198109018370121
2023-01-05,Europe,Office Supplies,Paper,Consumer,3,87.78,27.39,0.0,2023-01-01,0.31203007518796994
2023-03-13,Middle East & Africa,Furniture,Furnishings,Corporate,3,827.32,-86.52,0.2,2023-03-01,-0.10457863946236039
2023-07-17,Middle East & Africa,Furniture,Furnishings,Consumer,3,897.72,247.89,0.0,2023-07-01,0.2761328699371742
2023-05-19,Europe,Technology,Phones,Consumer,1,616.37,159.94,0.0,2023-05-01,0.25948699644693934
2024-06-14,North America,Office Supplies,Art,Consumer,3,151.71,27.38,0.1,2024-06-01,0.1804759079823347
2024-12-12,Europe,Technology,Machines,Consumer,3,147.68,34.87,0.0,2024-12-01,0.2361186348862405
2024-10-28,North America,Office Supplies,Art,Consumer,3,147.55,28.01,0.15,2024-10-01,0.18983395459166383
2024-01-06,North America,Office Supplies,Storage,Consumer,5,146.56,48.41,0.0,2024-01-01,0.33030840611353707
2023-02-10,North America,Technology,Accessories,Consumer,4,712.13,286.9,0.0,2023-02-01,0.40287587940404135
2024-05-10,North America,Technology,Accessories,Home Office,1,293.09,-15.34,0.15,2024-05-01,-0.05233887201883381
2023-12-24,North America,Office Supplies,Paper,Corporate,2,155.16,63.08,0.0,2023-12-01,0.4065480794019077
2024-03-18,North America,Furniture,Tables,Consumer,2,509.89,111.3,0.0,2024-03-01,0.2182823746298221
2023-11-02,Europe,Office Supplies,Paper,Consumer,3,101.41,19.38,0.15,2023-11-01,0.1911054136672912
2023-09-14,Europe,Office Supplies,Art,Consumer,3,124.35,8.28,0.2,2023-09-01,0.06658624849215923
2023-05-05,Asia Pacific,Technology,Machines,Consumer,1,129.05,-68.03,0.5,2023-05-01,-0.527160015497869
2023-01-27,Asia Pacific,Furniture,Chairs,Corporate,2,722.8,-101.13,0.2,2023-01-01,-0.1399142224681793
2024-07-03,Europe,Furniture,Tables,Consumer,3,966.31,215.62,0.0,2024-07-01,0.22313750245780342
2023-05-16,Latin America,Office Supplies,Paper,Consumer,3,86.02,32.57,0.0,2023-05-01,0.37863287607533136
2023-02-06,Europe,Office Supplies,Binders,Consumer,4,127.56,-35.58,0.4,2023-02-01,-0.27892756349952963
2023-12-30,Latin America,Furniture,Furnishings,Corporate,4,1587.76,87.73,0.1,2023-12-01,0.055253942661359405
2023-05-02,North America,Office Supplies,Art,Corporate,1,26.0,1.09,0.2,2023-05-01,0.041923076923076924
2024-01-07,North America,Technology,Accessories,Consumer,1,409.83,113.37,0.0,2024-01-01,0.27662689407803237
2023-03-30,Asia Pacific,Office Supplies,Storage,Consumer,1,58.22,23.88,0.0,2023-03-01,0.41016832703538303
2024-11-04,North America,Technology,Phones,Home Office,2,773.84,189.6,0.0,2024-11-01,0.24501188876253488
2023-08-13,Latin America,Office Supplies,Binders,Corporate,3,142.06,34.95,0.15,2023-08-01,0.24602280726453613
2024-03-06,North America,Technology,Accessories,Corporate,3,1091.4,393.5,0.0,2024-03-01,0.36054608759391604
2024-09-27,North America,Furniture,Bookcases,Consumer,3,795.41,167.82,0.0,2024-09-01,0.21098552947536492
2023-08-13,Europe,Office Supplies,Storage,Corporate,2,81.3,22.28,0.1,2023-08-01,0.2740467404674047
2023-08-07,Latin America,Technology,Accessories,Consumer,2,897.48,-426.67,0.5,2023-08-01,-0.47540892276151003
2023-01-14,Asia Pacific,Furniture,Chairs,Corporate,2,374.79,-35.74,0.2,2023-01-01,-0.09536006830491742
2024-11-08,Asia Pacific,Technology,Accessories,Home Office,3,1740.32,642.69,0.0,2024-11-01,0.3692941527994852
2024-07-02,Europe,Furniture,Bookcases,Consumer,5,930.58,202.91,0.0,2024-07-01,0.2180468095166455
2024-06-03,North America,Office Supplies,Art,Home Office,1,22.54,9.12,0.0,2024-06-01,0.4046140195208518
2024-05-22,Asia Pacific,Furniture,Chairs,Consumer,4,622.86,8.57,0.15,2024-05-01,0.01375911119673763
2023-06-25,Europe,Office Supplies,Paper,Corporate,3,173.91,-38.06,0.3,2023-06-01,-0.21884882985452248
2024-08-27,Europe,Furniture,Chairs,Consumer,4,1185.67,-133.17,0.15,2024-08-01,-0.11231624313679184
2024-03-25,North America,Furniture,Furnishings,Consumer,4,966.07,-622.06,0.5,2024-03-01,-0.6439077913608744
2023-03-31,Asia Pacific,Office Supplies,Binders,Corporate,3,166.41,67.05,0.0,2023-03-01,0.40292049756625203
2023-03-12,Latin America,Office Supplies,Storage,Corporate,1,46.25,20.36,0.0,2023-03-01,0.4402162162162162
2024-11-24,Asia Pacific,Furniture,Tables,Home Office,1,298.12,58.28,0.0,2024-11-01,0.19549174828927948
2024-02-02,North America,Office Supplies,Art,Consumer,2,108.39,30.84,0.1,2024-02-01,0.284528092997509
2023-10-21,Latin America,Furniture,Chairs,Consumer,3,860.43,-29.61,0.15,2023-10-01,-0.03441302604511698
2024-08-27,Europe,Office Supplies,Paper,Consumer,4,223.85,58.39,0.0,2024-08-01,0.26084431538976993
2023-01-30,Latin America,Office Supplies,Binders,Consumer,4,109.48,43.03,0.0,2023-01-01,0.39303982462550235
2024-02-22,North America,Technology,Phones,Home Office,4,1704.23,569.17,0.0,2024-02-01,0.33397487428340067
2023-09-08,Europe,Furniture,Furnishings,Corporate,1,234.57,69.22,0.0,2023-09-01,0.2950931491665601
2023-10-13,Asia Pacific,Technology,Accessories,Corporate,3,667.11,178.45,0.0,2023-10-01,0.2674971144189114
2024-06-29,Europe,Technology,Machines,Corporate,1,360.97,81.79,0.1,2024-06-01,0.22658392664210322
2023-09-12,North America,Office Supplies,Binders,Consumer,4,98.36,36.81,0.0,2023-09-01,0.37423749491663283
2024-09-04,Latin America,Technology,Phones,Consumer,1,376.99,2.38,0.15,2024-09-01,0.006313164805432504
2024-10-13,Asia Pacific,Office Supplies,Storage,Corporate,2,34.17,6.7,0.15,2024-10-01,0.19607843137254902
2024-05-05,Middle East & Africa,Furniture,Furnishings,Consumer,3,509.29,19.3,0.1,2024-05-01,0.03789589428419957
2023-12-19,Asia Pacific,Office Supplies,Paper,Corporate,4,247.19,4.13,0.2,2023-12-01,0.016707795622800274
2024-07-22,North America,Office Supplies,Binders,Home Office,2,59.34,8.0,0.1,2024-07-01,0.13481631277384562
2023-01-11,Latin America,Office Supplies,Storage,Corporate,2,94.34,-3.12,0.2,2023-01-01,-0.03307186771252915
2023-09-28,Europe,Furniture,Bookcases,Consumer,4,1633.17,-687.3,0.4,2023-09-01,-0.4208380021675637
2024-12-21,North America,Office Supplies,Binders,Corporate,3,154.45,1.67,0.2,2024-12-01,0.010812560699255423
2023-05-17,North America,Technology,Machines,Home Office,3,752.32,226.42,0.0,2023-05-01,0.3009623564440663
2024-05-11,North America,Technology,Machines,Home Office,4,1235.33,354.61,0.0,2024-05-01,0.2870568997757684
2024-04-26,Europe,Office Supplies,Art,Consumer,2,28.41,9.01,0.0,2024-04-01,0.31714185146075324
2023-08-20,North America,Furniture,Furnishings,Corporate,1,208.28,19.39,0.1,2023-08-01,0.09309583253312849
2024-07-17,Middle East & Africa,Furniture,Bookcases,Home Office,3,554.48,-23.06,0.1,2024-07-01,-0.041588515365748084
2024-03-26,Asia Pacific,Furniture,Bookcases,Home Office,1,269.03,57.84,0.0,2024-03-01,0.21499461026651306
2024-08-12,Europe,Office Supplies,Storage,Consumer,2,102.83,43.01,0.0,2024-08-01,0.4182631527764271
2024-11-16,Europe,Office Supplies,Paper,Corporate,1,45.82,7.68,0.15,2024-11-01,0.16761239633347882
2023-06-24,Europe,Furniture,Tables,Corporate,4,1660.57,174.8,0.1,2023-06-01,0.10526505958797282
2023-08-25,North America,Furniture,Tables,Corporate,4,1027.66,62.22,0.1,2023-08-01,0.060545316544382374
2023-12-14,Europe,Office Supplies,Art,Corporate,5,260.25,40.25,0.2,2023-12-01,0.15465898174831894
2024-06-11,North America,Office Supplies,Binders,Consumer,2,123.37,48.39,0.0,2024-06-01,0.3922347410229391
2024-04-10,Asia Pacific,Furniture,Furnishings,Consumer,1,108.08,27.19,0.0,2024-04-01,0.25157290895632867
2024-02-20,Europe,Technology,Copiers,Consumer,2,516.95,186.64,0.0,2024-02-01,0.36104071960537765
2024-08-10,Asia Pacific,Office Supplies,Binders,Home Office,2,21.13,2.56,0.15,2024-08-01,0.12115475627070517
2023-04-09,North America,Technology,Machines,Home Office,3,1088.87,-322.18,0.4,2023-04-01,-0.2958847245309358
2024-03-03,Asia Pacific,Office Supplies,Art,Corporate,1,46.57,19.19,0.0,2024-03-01,0.4120678548421731
2024-03-06,Latin America,Office Supplies,Paper,Corporate,1,26.51,11.89,0.0,2024-03-01,0.44850999622783855
2023-10-04,Asia Pacific,Technology,Phones,Corporate,3,1467.59,-219.39,0.3,2023-10-01,-0.1494899801715738
2024-11-05,Asia Pacific,Technology,Copiers,Home Office,3,2019.03,-42.67,0.15,2024-11-01,-0.021133910838372884
2024-10-27,Europe,Office Supplies,Art,Consumer,2,119.52,46.64,0.0,2024-10-01,0.39022757697456495
2024-02-18,Europe,Technology,Phones,Home Office,4,665.82,200.54,0.0,2024-02-01,0.3011925144934066
2024-02-19,Europe,Office Supplies,Paper,Corporate,2,84.35,12.05,0.2,2024-02-01,0.14285714285714288
2023-02-18,Latin America,Technology,Machines,Consumer,2,576.1,53.76,0.15,2023-02-01,0.09331713244228432
2024-06-26,North America,Office Supplies,Storage,Home Office,2,81.55,-29.33,0.5,2024-06-01,-0.35965665236051503
2024-02-02,Europe,Technology,Phones,Corporate,3,878.86,-94.78,0.2,2024-02-01,-0.10784425278201307
2023-01-16,Latin America,Furniture,Tables,Consumer,3,1378.08,172.41,0.0,2023-01-01,0.12510884709160572
2023-01-22,North America,Office Supplies,Art,Home Office,3,78.88,19.13,0.1,2023-01-01,0.24252028397565922
2023-07-03,Europe,Furniture,Tables,Corporate,2,572.87,118.26,0.0,2023-07-01,0.2064342695550474
2024-10-19,North America,Office Supplies,Binders,Consumer,2,93.59,37.27,0.0,2024-10-01,0.398226306229298
2023-07-07,Asia Pacific,Furniture,Bookcases,Home Office,4,1014.69,188.22,0.0,2023-07-01,0.1854950773142536
2023-05-10,North America,Office Supplies,Binders,Consumer,4,51.46,0.43,0.2,2023-05-01,0.008356004663816556
2024-02-19,Latin America,Technology,Copiers,Corporate,3,960.34,-22.18,0.15,2024-02-01,-0.023095986837994877
2024-03-24,North America,Furniture,Chairs,Home Office,3,682.63,-165.93,0.2,2024-03-01,-0.24307457920103132
2023-07-27,Latin America,Technology,Phones,Consumer,2,494.84,51.16,0.1,2023-07-01,0.10338695335866138
2023-03-16,North America,Furniture,Tables,Consumer,3,1088.61,249.27,0.0,2023-03-01,0.22898007550913554
2023-06-24,Europe,Technology,Accessories,Consumer,5,1138.86,-51.36,0.15,2023-06-01,-0.045097729308255625
2024-08-13,Asia Pacific,Office Supplies,Art,Consumer,1,33.95,-11.9,0.5,2024-08-01,-0.35051546391752575
2024-03-21,Asia Pacific,Furniture,Chairs,Consumer,4,1406.03,276.29,0.0,2024-03-01,0.1965036307902392
2023-01-16,Latin America,Technology,Phones,Consumer,2,329.33,103.39,0.0,2023-01-01,0.3139404244982237
2023-07-06,Middle East & Africa,Office Supplies,Paper,Corporate,4,123.23,-55.04,0.5,2023-07-01,-0.4466444859206362
2023-02-11,North America,Technology,Machines,Corporate,5,2008.26,619.32,0.0,2023-02-01,0.3083863643153775
2024-07-08,Asia Pacific,Office Supplies,Storage,Consumer,6,305.91,25.47,0.2,2024-07-01,0.0832597822889085
2024-02-02,North America,Furniture,Tables,Corporate,4,909.49,-17.7,0.15,2024-02-01,-0.01946145642063134
2024-03-31,Europe,Technology,Machines,Consumer,2,538.58,40.4,0.15,2024-03-01,0.07501206877344126
2023-05-27,Europe,Office Supplies,Storage,Corporate,3,92.97,39.84,0.0,2023-05-01,0.4285253307518555
2024-09-08,Europe,Technology,Machines,Consumer,5,626.15,119.72,0.0,2024-09-01,0.19120019164736884
2024-10-05,North America,Office Supplies,Binders,Corporate,3,97.52,40.86,0.0,2024-10-01,0.4189909762100082
2023-08-14,Europe,Furniture,Tables,Consumer,4,639.08,136.88,0.0,2023-08-01,0.21418288790135817
2024-10-07,Asia Pacific,Office Supplies,Art,Home Office,1,53.73,17.74,0.0,2024-10-01,0.3301693653452447
2024-02-16,Europe,Technology,Machines,Consumer,4,1260.1,195.07,0.1,2024-02-01,0.1548051741925244
2024-03-09,Middle East & Africa,Office Supplies,Binders,Corporate,2,61.21,11.56,0.15,2024-03-01,0.18885802973370364
2023-08-30,North America,Technology,Phones,Consumer,1,589.53,157.0,0.0,2023-08-01,0.26631384323104845
2023-03-30,North America,Office Supplies,Storage,Corporate,1,80.97,6.25,0.15,2023-03-01,0.07718908237618871
2024-02-27,Asia Pacific,Technology,Phones,Corporate,1,237.71,39.28,0.0,2024-02-01,0.16524336376256785
2024-04-24,Middle East & Africa,Furniture,Chairs,Corporate,1,284.69,75.35,0.0,2024-04-01,0.264673855772946
2024-01-29,Middle East & Africa,Technology,Copiers,Consumer,3,1142.68,-270.38,0.3,2024-01-01,-0.2366191759722757
2023-05-24,North America,Furniture,Tables,Consumer,2,360.91,-173.42,0.4,2023-05-01,-0.4805076057742927
2024-06-27,North America,Office Supplies,Storage,Consumer,2,44.68,15.78,0.0,2024-06-01,0.3531781557743957
2023-05-27,North America,Technology,Accessories,Consumer,1,442.16,50.58,0.15,2023-05-01,0.1143929799167722
2024-03-23,Asia Pacific,Office Supplies,Art,Consumer,5,328.17,139.67,0.0,2024-03-01,0.42560258402657153
2024-12-05,North America,Office Supplies,Storage,Corporate,1,75.1,17.56,0.1,2024-12-01,0.23382157123834887
2023-02-06,Asia Pacific,Furniture,Tables,Home Office,4,1106.33,-85.16,0.1,2023-02-01,-0.07697522439055254
2023-07-25,North America,Technology,Accessories,Corporate,5,2947.62,15.71,0.15,2023-07-01,0.00532972364144632
2023-08-21,Asia Pacific,Technology,Copiers,Consumer,4,2142.05,637.78,0.0,2023-08-01,0.29774281646086687
2023-11-15,Europe,Technology,Phones,Consumer,1,653.45,175.92,0.0,2023-11-01,0.2692172316168031
2024-09-13,Asia Pacific,Office Supplies,Art,Corporate,1,40.4,18.2,0.0,2024-09-01,0.4504950495049505
2023-04-05,Asia Pacific,Furniture,Bookcases,Consumer,2,472.36,-120.0,0.3,2023-04-01,-0.2540435261241426
2023-11-22,Asia Pacific,Technology,Machines,Consumer,2,866.68,221.45,0.0,2023-11-01,0.255515299764619
2023-12-23,Asia Pacific,Technology,Phones,Corporate,2,1183.2,320.77,0.0,2023-12-01,0.271103786342123
2023-06-18,Europe,Office Supplies,Storage,Home Office,6,219.15,70.02,0.0,2023-06-01,0.3195071868583162
2023-04-15,Europe,Furniture,Bookcases,Home Office,4,1637.5,-185.48,0.2,2023-04-01,-0.11327022900763359
2024-04-25,Asia Pacific,Office Supplies,Paper,Consumer,4,285.57,33.97,0.15,2024-04-01,0.11895507231151732
2024-08-21,North America,Furniture,Furnishings,Consumer,4,1098.55,-139.04,0.2,2024-08-01,-0.12656683810477448
2023-05-11,Middle East & Africa,Office Supplies,Art,Consumer,1,37.61,13.27,0.0,2023-05-01,0.35283169369848444
2024-11-16,North America,Technology,Copiers,Corporate,2,1322.57,367.48,0.0,2024-11-01,0.2778529680848651
2023-11-17,Middle East & Africa,Office Supplies,Binders,Consumer,1,56.54,21.15,0.0,2023-11-01,0.3740714538379908
2023-04-21,Asia Pacific,Office Supplies,Binders,Consumer,3,141.96,64.05,0.0,2023-04-01,0.4511834319526627
2023-02-15,North America,Office Supplies,Binders,Consumer,2,39.46,14.06,0.0,2023-02-01,0.35631018753167765
2024-01-30,North America,Technology,Phones,Corporate,6,2361.7,47.72,0.15,2024-01-01,0.02020578396917475
2023-01-12,North America,Technology,Machines,Consumer,4,1593.84,93.3,0.15,2023-01-01,0.05853787080258997
2023-04-19,North America,Furniture,Furnishings,Corporate,1,341.7,56.23,0.0,2023-04-01,0.16455955516534973
2023-02-03,North America,Technology,Phones,Consumer,1,212.86,65.66,0.0,2023-02-01,0.30846565817908483
2023-02-26,Asia Pacific,Furniture,Bookcases,Consumer,5,571.89,-350.47,0.5,2023-02-01,-0.612827641679344
2023-05-08,Middle East & Africa,Technology,Accessories,Consumer,4,2080.01,545.45,0.0,2023-05-01,0.2622343161811722
2024-04-01,North America,Office Supplies,Art,Consumer,3,167.2,29.93,0.15,2024-04-01,0.17900717703349284
2023-04-16,North America,Furniture,Chairs,Consumer,1,138.62,9.6,0.1,2023-04-01,0.06925407589092483
2023-07-07,North America,Furniture,Bookcases,Home Office,2,601.15,-145.19,0.3,2023-07-01,-0.24152041919653996
2024-01-19,Europe,Furniture,Furnishings,Consumer,2,303.14,82.84,0.0,2024-01-01,0.2732730751467969
2024-12-10,Asia Pacific,Furniture,Furnishings,Corporate,1,333.63,66.76,0.0,2024-12-01,0.20010190930072239
2024-09-02,Latin America,Technology,Machines,Corporate,3,1219.85,49.92,0.15,2024-09-01,0.04092306431118581
2023-08-04,Europe,Office Supplies,Storage,Consumer,2,39.2,14.8,0.0,2023-08-01,0.37755102040816324
2023-11-24,North America,Office Supplies,Art,Consumer,3,115.22,-16.81,0.3,2023-11-01,-0.1458948099288318
2023-04-07,Europe,Office Supplies,Binders,Corporate,3,143.47,-31.11,0.4,2023-04-01,-0.2168397574405799
2023-10-30,Europe,Furniture,Tables,Corporate,1,184.88,17.47,0.1,2023-10-01,0.09449372565988749
2023-01-04,Asia Pacific,Furniture,Chairs,Consumer,1,125.57,28.17,0.0,2023-01-01,0.2243370231743251
2023-09-09,North America,Technology,Copiers,Corporate,2,1009.35,-8.76,0.15,2023-09-01,-0.008678852727002527
2023-05-12,Europe,Office Supplies,Paper,Consumer,2,93.43,40.27,0.0,2023-05-01,0.431017874344429
2023-04-28,Asia Pacific,Office Supplies,Binders,Consumer,1,54.24,17.04,0.0,2023-04-01,0.3141592920353982
2024-06-16,Europe,Office Supplies,Storage,Home Office,3,55.24,21.7,0.0,2024-06-01,0.392831281679942
2023-04-10,North America,Office Supplies,Art,Home Office,1,48.62,17.38,0.0,2023-04-01,0.3574660633484163
2023-12-11,North America,Technology,Accessories,Home Office,3,2287.86,698.84,0.0,2023-12-01,0.30545575341148495
2023-05-21,North America,Furniture,Bookcases,Consumer,3,857.6,-53.33,0.15,2023-05-01,-0.06218516791044776
2024-02-07,Latin America,Office Supplies,Storage,Home Office,2,31.34,-8.73,0.4,2024-02-01,-0.27855775366943203
2024-05-21,North America,Office Supplies,Binders,Consumer,2,83.01,32.92,0.0,2024-05-01,0.39657872545476447
2023-05-18,Latin America,Furniture,Tables,Consumer,2,431.86,-19.83,0.2,2023-05-01,-0.04591765850043995
2024-10-07,Europe,Furniture,Furnishings,Consumer,1,334.1,60.7,0.0,2024-10-01,0.1816821310984735
2024-02-17,Europe,Technology,Accessories,Corporate,4,909.51,29.16,0.1,2024-02-01,0.03206121977768249
2023-04-02,Europe,Technology,Machines,Corporate,3,900.18,-224.28,0.3,2023-04-01,-0.2491501699660068
2024-09-26,North America,Office Supplies,Art,Consumer,3,143.11,61.1,0.0,2024-09-01,0.4269443085738243
2023-01-25,Latin America,Technology,Machines,Corporate,4,968.48,72.34,0.1,2023-01-01,0.07469436642986949
2024-01-17,North America,Furniture,Tables,Corporate,4,922.17,33.9,0.15,2024-01-01,0.036761117798236764
2024-09-14,North America,Technology,Phones,Corporate,4,1974.11,255.18,0.1,2024-09-01,0.12926331359448057
2023-02-06,Latin America,Office Supplies,Art,Consumer,2,21.81,3.11,0.15,2023-02-01,0.1425951398441082
2024-01-30,North America,Office Supplies,Storage,Consumer,1,35.13,16.31,0.0,2024-01-01,0.46427554796470244
2023-07-27,Europe,Office Supplies,Art,Consumer,3,156.92,60.14,0.0,2023-07-01,0.3832526127963294
2024-05-20,Latin America,Office Supplies,Art,Corporate,1,30.83,5.21,0.1,2024-05-01,0.16899124229646448
2023-11-21,North America,Office Supplies,Paper,Consumer,1,67.86,25.89,0.0,2023-11-01,0.38152077807250223
2023-04-19,Asia Pacific,Technology,Machines,Consumer,1,180.78,18.0,0.1,2023-04-01,0.09956853634251576
2023-01-22,Middle East & Africa,Technology,Phones,Home Office,2,795.48,26.98,0.2,2023-01-01,0.03391662895358777
2023-12-11,North America,Office Supplies,Art,Corporate,2,53.1,17.33,0.0,2023-12-01,0.3263653483992467
2024-08-03,Europe,Office Supplies,Art,Corporate,3,82.04,23.55,0.0,2024-08-01,0.28705509507557286
2023-11-10,Middle East & Africa,Office Supplies,Art,Consumer,4,107.29,27.41,0.1,2023-11-01,0.25547581321651597
2023-05-26,Asia Pacific,Technology,Accessories,Consumer,2,173.44,18.47,0.1,2023-05-01,0.1064921586715867
2024-02-22,Asia Pacific,Technology,Copiers,Consumer,4,1286.4,129.15,0.1,2024-02-01,0.10039645522388059
2024-03-22,Asia Pacific,Office Supplies,Storage,Consumer,3,135.99,64.44,0.0,2024-03-01,0.4738583719391131
2024-03-16,Middle East & Africa,Technology,Accessories,Home Office,3,629.58,143.19,0.0,2024-03-01,0.22743733917849993
2024-08-14,Europe,Technology,Copiers,Consumer,3,1165.53,367.49,0.0,2024-08-01,0.31529861951215327
2024-11-12,Latin America,Office Supplies,Binders,Consumer,2,51.8,24.71,0.0,2024-11-01,0.4770270270270271
2023-08-06,North America,Office Supplies,Art,Consumer,1,36.26,8.16,0.1,2023-08-01,0.22504136789851079
2023-11-23,Europe,Office Supplies,Binders,Consumer,6,498.53,65.33,0.2,2023-11-01,0.1310452731029226
2024-04-17,Europe,Office Supplies,Storage,Consumer,3,62.09,-12.85,0.3,2024-04-01,-0.20695764213238846
2023-11-09,Asia Pacific,Office Supplies,Storage,Home Office,4,301.82,31.3,0.2,2023-11-01,0.10370419455304486
2023-01-12,Latin America,Office Supplies,Paper,Corporate,2,46.05,16.85,0.0,2023-01-01,0.3659066232356135
2024-03-13,Latin America,Office Supplies,Paper,Corporate,4,142.63,6.82,0.2,2024-03-01,0.047816027483699085
2024-03-06,Middle East & Africa,Technology,Accessories,Consumer,5,1779.48,511.23,0.0,2024-03-01,0.287291793108099
2023-02-14,Latin America,Furniture,Tables,Consumer,4,922.39,223.52,0.0,2023-02-01,0.24232699834126564
2023-07-13,Europe,Furniture,Chairs,Home Office,3,734.83,127.84,0.0,2023-07-01,0.17397221125974716
2023-07-04,Asia Pacific,Office Supplies,Binders,Corporate,2,133.02,27.32,0.15,2023-07-01,0.20538264922568034
2023-09-15,Europe,Technology,Phones,Corporate,2,959.9,-49.1,0.2,2023-09-01,-0.05115116157933118
2023-09-07,Latin America,Technology,Accessories,Corporate,2,1115.84,-466.47,0.4,2023-09-01,-0.4180438055635217
2024-07-19,Asia Pacific,Furniture,Tables,Home Office,1,358.75,17.73,0.1,2024-07-01,0.04942160278745645
2024-06-05,Latin America,Furniture,Chairs,Consumer,3,462.31,133.64,0.0,2024-06-01,0.28907010447535203
2023-11-11,North America,Furniture,Furnishings,Consumer,4,1818.3,433.05,0.0,2023-11-01,0.23816201946873455
2024-10-11,Latin America,Furniture,Tables,Consumer,3,780.86,-67.84,0.15,2024-10-01,-0.08687856978203519
2023-07-02,North America,Furniture,Tables,Consumer,3,1390.66,97.57,0.1,2023-07-01,0.07016093078106797
2023-01-27,Latin America,Technology,Machines,Consumer,5,2198.01,845.44,0.0,2023-01-01,0.3846388323983967
2023-01-01,Europe,Office Supplies,Binders,Consumer,4,277.67,-51.95,0.4,2023-01-01,-0.18709259192566716
2023-09-14,North America,Office Supplies,Paper,Consumer,4,157.82,53.93,0.0,2023-09-01,0.34171841338233433
2024-03-09,North America,Office Supplies,Binders,Home Office,1,50.89,5.34,0.15,2024-03-01,0.10493220672037729
2023-03-01,Europe,Technology,Phones,Consumer,1,508.23,61.55,0.15,2023-03-01,0.12110658560100741
2024-02-27,Latin America,Technology,Copiers,Corporate,4,1765.79,447.87,0.0,2024-02-01,0.2536371822243868
2024-02-19,Latin America,Office Supplies,Storage,Corporate,3,52.04,24.11,0.0,2024-02-01,0.46329746348962336
2023-03-15,Middle East & Africa,Technology,Copiers,Corporate,5,1540.3,-581.34,0.4,2023-03-01,-0.37741998312017144
2023-12-14,Latin America,Office Supplies,Storage,Consumer,3,192.26,60.71,0.1,2023-12-01,0.3157703110371372
2023-03-23,North America,Technology,Accessories,Consumer,2,831.07,17.37,0.1,2023-03-01,0.020900766481764473
2023-04-26,Europe,Office Supplies,Art,Consumer,3,142.12,40.27,0.0,2023-04-01,0.2833520968195891
2023-12-15,North America,Office Supplies,Paper,Consumer,1,59.62,24.33,0.0,2023-12-01,0.40808453539080847
2023-08-02,Middle East & Africa,Technology,Accessories,Corporate,1,436.85,143.07,0.0,2023-08-01,0.32750371981229254
2024-03-28,Asia Pacific,Technology,Phones,Consumer,4,1099.85,276.85,0.0,2024-03-01,0.2517161431104242
2024-05-18,Middle East & Africa,Furniture,Furnishings,Consumer,1,181.65,37.85,0.0,2024-05-01,0.20836774015964768
2024-08-27,Asia Pacific,Office Supplies,Binders,Corporate,3,148.06,56.86,0.0,2024-08-01,0.3840334999324598
2023-07-19,North America,Furniture,Chairs,Consumer,3,892.51,84.63,0.1,2023-07-01,0.09482246697515993
2023-07-06,Asia Pacific,Furniture,Furnishings,Corporate,3,1007.6,234.12,0.0,2023-07-01,0.23235410877332274
2023-02-27,Asia Pacific,Technology,Machines,Corporate,3,788.81,266.0,0.0,2023-02-01,0.3372168202735767
2023-09-26,North America,Office Supplies,Storage,Home Office,1,48.11,9.7,0.1,2023-09-01,0.2016212845562253
2024-02-18,North America,Office Supplies,Paper,Corporate,2,51.09,21.35,0.0,2024-02-01,0.4178899980426698
2024-09-22,Asia Pacific,Office Supplies,Storage,Home Office,2,43.39,2.2,0.15,2024-09-01,0.05070292694169164
2023-02-23,Europe,Office Supplies,Paper,Consumer,2,92.46,37.2,0.0,2023-02-01,0.40233614536015583
2023-04-16,Asia Pacific,Furniture,Tables,Consumer,3,893.35,154.71,0.0,2023-04-01,0.1731796048581183
2024-02-10,Asia Pacific,Office Supplies,Paper,Corporate,3,34.6,15.49,0.0,2024-02-01,0.4476878612716763
2024-08-20,Middle East & Africa,Office Supplies,Binders,Consumer,5,165.5,75.71,0.0,2024-08-01,0.4574622356495468
2024-01-18,Asia Pacific,Office Supplies,Art,Home Office,3,48.79,4.97,0.2,2024-01-01,0.10186513629842181
2023-11-05,North America,Technology,Machines,Corporate,3,2188.34,127.83,0.1,2023-11-01,0.05841414039865834
2023-01-28,North America,Furniture,Tables,Consumer,2,401.68,47.17,0.1,2023-01-01,0.1174317864967138
2023-03-12,Latin America,Office Supplies,Art,Corporate,2,103.64,5.89,0.2,2023-03-01,0.05683133925125434
2024-02-08,North America,Office Supplies,Paper,Corporate,3,106.5,35.32,0.0,2024-02-01,0.3316431924882629
2023-05-08,Middle East & Africa,Furniture,Tables,Corporate,3,901.77,184.02,0.0,2023-05-01,0.20406533816826908
2024-04-21,Asia Pacific,Office Supplies,Storage,Consumer,5,206.02,77.32,0.0,2024-04-01,0.37530336860498975
2023-10-23,North America,Furniture,Tables,Consumer,1,131.54,29.54,0.0,2023-10-01,0.22457047285996656
2023-08-24,North America,Technology,Phones,Consumer,3,616.03,-270.55,0.4,2023-08-01,-0.4391831566644482
2023-03-23,Asia Pacific,Technology,Phones,Home Office,5,2109.5,550.32,0.0,2023-03-01,0.2608769850675516
2023-04-05,North America,Office Supplies,Storage,Consumer,3,72.83,22.93,0.0,2023-04-01,0.31484278456679937
2024-02-23,Europe,Furniture,Chairs,Consumer,4,603.13,103.1,0.0,2024-02-01,0.170941588049011
2024-12-08,North America,Office Supplies,Storage,Corporate,1,10.5,4.32,0.0,2024-12-01,0.4114285714285715
2023-04-09,Middle East & Africa,Technology,Machines,Home Office,3,1396.28,256.75,0.0,2023-04-01,0.18388145644140144
2023-06-27,North America,Office Supplies,Binders,Consumer,1,27.97,12.52,0.0,2023-06-01,0.4476224526278155
2023-10-29,Europe,Furniture,Chairs,Consumer,2,437.97,31.13,0.1,2023-10-01,0.07107792771194374
2024-12-28,Middle East & Africa,Furniture,Chairs,Corporate,3,1092.26,283.45,0.0,2024-12-01,0.25950780949590757
2023-08-26,North America,Furniture,Bookcases,Consumer,4,1055.58,-422.42,0.4,2023-08-01,-0.4001781011387105
2024-05-25,Europe,Technology,Accessories,Corporate,5,1946.95,113.13,0.1,2024-05-01,0.05810626877937286
2024-04-24,Latin America,Office Supplies,Paper,Home Office,1,39.22,13.48,0.0,2024-04-01,0.34370219275879654
2024-07-02,North America,Office Supplies,Paper,Consumer,4,49.47,-10.43,0.4,2024-07-01,-0.210834849403679
2023-05-11,Europe,Technology,Accessories,Home Office,3,958.41,210.65,0.0,2023-05-01,0.21979111236318488
2023-12-22,Asia Pacific,Furniture,Furnishings,Corporate,1,390.34,119.07,0.0,2023-12-01,0.3050417584669775
2024-08-19,North America,Office Supplies,Art,Corporate,4,203.41,74.7,0.0,2024-08-01,0.36723858217393446
2023-11-16,Asia Pacific,Furniture,Bookcases,Consumer,1,408.9,-26.74,0.15,2023-11-01,-0.06539496209342137
2023-12-09,Middle East & Africa,Office Supplies,Storage,Corporate,3,132.66,48.78,0.0,2023-12-01,0.3677069199457259
2024-02-25,North America,Furniture,Furnishings,Consumer,3,1072.23,-37.93,0.15,2024-02-01,-0.0353748729283829
2023-11-18,Asia Pacific,Office Supplies,Paper,Consumer,3,185.35,41.92,0.15,2023-11-01,0.2261667116266523
2024-03-07,Europe,Office Supplies,Art,Home Office,2,78.34,12.39,0.15,2024-03-01,0.15815675261679857
2024-09-26,Latin America,Office Supplies,Storage,Consumer,2,93.37,-8.42,0.3,2024-09-01,-0.09017885830566563
2023-11-05,North America,Office Supplies,Art,Consumer,1,59.9,8.33,0.15,2023-11-01,0.13906510851419032
2023-02-06,Europe,Office Supplies,Paper,Consumer,2,31.73,4.21,0.15,2023-02-01,0.13268200441222816
2024-04-08,Europe,Furniture,Tables,Consumer,4,965.28,186.22,0.0,2024-04-01,0.19291811702303996
2024-07-28,Europe,Office Supplies,Paper,Corporate,4,216.65,46.6,0.1,2024-07-01,0.2150934687283637
2023-10-28,North America,Office Supplies,Art,Consumer,3,133.32,7.5,0.2,2023-10-01,0.056255625562556255
2023-04-30,North America,Furniture,Bookcases,Consumer,2,702.92,-324.21,0.4,2023-04-01,-0.46123314175155067
2023-08-08,North America,Technology,Copiers,Corporate,4,1933.35,2.84,0.15,2023-08-01,0.0014689528538547082
2023-05-15,North America,Technology,Accessories,Consumer,2,960.74,252.75,0.0,2023-05-01,0.26307846035347754
2023-05-02,Europe,Furniture,Chairs,Corporate,3,964.65,201.63,0.0,2023-05-01,0.20901881511429016
2024-11-10,Latin America,Furniture,Chairs,Consumer,2,921.85,261.64,0.0,2024-11-01,0.2838205781851711
2023-01-21,Asia Pacific,Furniture,Bookcases,Consumer,2,582.34,-29.37,0.15,2023-01-01,-0.050434454098979974
2023-02-18,North America,Office Supplies,Paper,Consumer,2,77.48,-18.76,0.4,2023-02-01,-0.24212700051626226
2023-12-09,North America,Office Supplies,Binders,Consumer,2,75.18,13.66,0.1,2023-12-01,0.1816972599095504
2024-12-05,North America,Technology,Accessories,Consumer,5,2949.45,811.88,0.0,2024-12-01,0.2752648798928614
2023-12-22,Latin America,Office Supplies,Paper,Corporate,2,173.65,66.81,0.0,2023-12-01,0.3847394183702851
2024-01-22,North America,Technology,Accessories,Consumer,5,2150.09,485.36,0.0,2024-01-01,0.22573938765354007
2023-04-22,Europe,Technology,Phones,Consumer,3,572.15,-202.16,0.4,2023-04-01,-0.35333391593113694
2024-02-28,Latin America,Office Supplies,Art,Corporate,1,31.72,13.74,0.0,2024-02-01,0.43316519546027743
2024-02-10,Asia Pacific,Technology,Copiers,Consumer,1,194.81,54.64,0.0,2024-02-01,0.28047841486576663
2024-01-07,Latin America,Office Supplies,Paper,Corporate,3,59.58,13.02,0.1,2024-01-01,0.21852970795568982
2023-01-30,North America,Technology,Copiers,Consumer,6,3080.56,889.71,0.0,2023-01-01,0.2888143714129899
2023-05-23,Asia Pacific,Technology,Phones,Consumer,1,106.94,6.37,0.1,2023-05-01,0.059566111838414065
2024-08-22,Asia Pacific,Technology,Machines,Consumer,2,750.92,117.22,0.1,2024-08-01,0.15610184839929686
2024-07-18,Asia Pacific,Office Supplies,Art,Corporate,2,83.04,23.29,0.1,2024-07-01,0.2804672447013487
2024-08-17,Latin America,Office Supplies,Art,Home Office,3,257.38,88.93,0.0,2024-08-01,0.3455202424430803
2024-10-12,North America,Technology,Accessories,Home Office,4,2042.2,-547.41,0.3,2024-10-01,-0.2680491626677113
2024-10-01,Latin America,Furniture,Tables,Consumer,3,707.45,-69.64,0.2,2024-10-01,-0.09843805215916318
2023-01-14,Asia Pacific,Furniture,Chairs,Corporate,1,261.35,-23.32,0.2,2023-01-01,-0.08922900325234359
2023-11-21,North America,Furniture,Furnishings,Corporate,2,828.34,-49.31,0.15,2023-11-01,-0.059528695946109086
2024-01-13,Europe,Technology,Machines,Consumer,2,787.36,-317.58,0.4,2024-01-01,-0.4033478967689494
2023-10-10,Asia Pacific,Furniture,Tables,Consumer,3,1038.16,-3.7,0.1,2023-10-01,-0.0035639978423364412
2024-11-18,North America,Technology,Accessories,Consumer,2,1376.55,111.62,0.1,2024-11-01,0.08108677490828521
2023-08-07,Europe,Technology,Phones,Home Office,2,636.21,-9.99,0.15,2023-08-01,-0.015702362427500352
2024-01-29,Asia Pacific,Office Supplies,Binders,Corporate,1,27.88,10.7,0.0,2024-01-01,0.3837876614060258
2023-09-01,Asia Pacific,Technology,Phones,Corporate,2,642.06,143.75,0.0,2023-09-01,0.223888733140205
2024-02-07,Europe,Technology,Copiers,Consumer,6,2042.61,74.18,0.15,2024-02-01,0.036316281620084115
2024-04-03,Asia Pacific,Office Supplies,Paper,Consumer,2,78.53,27.71,0.0,2024-04-01,0.3528587800840443
2024-01-12,North America,Office Supplies,Storage,Consumer,1,41.63,14.9,0.0,2024-01-01,0.357914965169349
2024-12-03,Latin America,Technology,Machines,Consumer,5,1557.56,-13.9,0.2,2024-12-01,-0.008924214797503788
2023-08-15,North America,Furniture,Tables,Consumer,3,684.41,188.96,0.0,2023-08-01,0.27609181630893764
2024-05-15,Europe,Office Supplies,Paper,Consumer,1,8.24,1.37,0.15,2024-05-01,0.1662621359223301
2023-08-29,Europe,Furniture,Bookcases,Corporate,1,184.31,37.21,0.0,2023-08-01,0.20188812327057676
2023-09-19,Middle East & Africa,Furniture,Tables,Consumer,2,365.96,-194.53,0.5,2023-09-01,-0.5315608263198164
2023-03-10,North America,Office Supplies,Art,Consumer,1,31.27,9.65,0.1,2023-03-01,0.30860249440358173
2024-04-17,Middle East & Africa,Office Supplies,Art,Corporate,2,41.63,3.15,0.2,2024-04-01,0.07566658659620465
2023-08-28,North America,Office Supplies,Art,Corporate,2,89.82,-30.55,0.5,2023-08-01,-0.3401246938321087
2023-01-05,Europe,Office Supplies,Paper,Consumer,1,43.5,15.52,0.0,2023-01-01,0.3567816091954023
2024-07-18,Europe,Furniture,Bookcases,Consumer,1,414.37,18.03,0.15,2024-07-01,0.043511837246904946
2024-07-03,Europe,Technology,Accessories,Consumer,5,1991.14,442.83,0.0,2024-07-01,0.22240023303233322
2024-03-27,North America,Furniture,Furnishings,Consumer,3,1081.63,19.76,0.15,2024-03-01,0.01826872405536089
2023-02-04,Asia Pacific,Furniture,Bookcases,Corporate,3,308.59,-29.23,0.15,2023-02-01,-0.09472115104183546
2024-01-02,North America,Technology,Accessories,Home Office,3,1901.27,454.13,0.0,2024-01-01,0.23885613300583294
2023-10-30,Europe,Office Supplies,Art,Consumer,1,38.59,5.6,0.15,2023-10-01,0.1451153148484063
2023-06-10,Asia Pacific,Furniture,Chairs,Corporate,3,589.49,-51.41,0.15,2023-06-01,-0.08721097898183175
2023-10-18,Asia Pacific,Technology,Phones,Consumer,2,606.85,169.36,0.0,2023-10-01,0.27908049765180853
2024-12-19,North America,Office Supplies,Art,Corporate,3,173.27,86.86,0.0,2024-12-01,0.5012985513937784
2023-11-16,North America,Technology,Copiers,Consumer,4,1642.9,54.03,0.15,2023-11-01,0.03288696816604784
2024-11-22,Middle East & Africa,Technology,Copiers,Corporate,2,1249.23,128.61,0.1,2024-11-01,0.10295141807353331
2024-09-14,Europe,Technology,Phones,Consumer,2,1228.04,274.14,0.0,2024-09-01,0.2232337708869418
2024-10-31,Europe,Office Supplies,Paper,Home Office,1,42.39,2.78,0.15,2024-10-01,0.06558150507195093
2024-11-16,North America,Furniture,Furnishings,Home Office,5,2236.52,-147.28,0.15,2024-11-01,-0.06585230626151342
2024-08-15,North America,Furniture,Tables,Corporate,1,257.99,67.19,0.0,2024-08-01,0.2604364510252335
2024-07-04,Latin America,Furniture,Bookcases,Corporate,4,693.35,147.76,0.0,2024-07-01,0.21311026177255352
2023-09-25,Europe,Office Supplies,Paper,Consumer,3,90.43,38.47,0.0,2023-09-01,0.42541192082273577
2023-05-06,North America,Furniture,Chairs,Consumer,3,509.93,83.97,0.0,2023-05-01,0.16466966054164298
2024-05-20,North America,Office Supplies,Art,Consumer,1,47.91,11.75,0.0,2024-05-01,0.24525151325401798
2024-08-01,Latin America,Furniture,Furnishings,Corporate,1,181.22,-30.98,0.3,2024-08-01,-0.1709524335062355
2023-04-30,Asia Pacific,Office Supplies,Binders,Corporate,1,49.02,19.41,0.0,2023-04-01,0.39596083231334145
2024-09-18,Asia Pacific,Furniture,Tables,Consumer,3,891.01,-129.12,0.2,2024-09-01,-0.14491419849384407
2024-11-17,Asia Pacific,Technology,Phones,Home Office,1,611.05,190.78,0.0,2024-11-01,0.31221667621307586
2024-07-19,Europe,Office Supplies,Storage,Corporate,4,150.78,22.23,0.15,2024-07-01,0.147433346597692
2023-05-04,Europe,Technology,Machines,Home Office,5,765.09,192.04,0.0,2023-05-01,0.25100314995621426
2024-09-07,North America,Office Supplies,Paper,Consumer,4,199.26,-16.63,0.3,2024-09-01,-0.08345879755093848
2023-02-16,Europe,Office Supplies,Binders,Consumer,2,77.22,17.72,0.1,2023-02-01,0.22947422947422946
2024-12-07,North America,Office Supplies,Storage,Corporate,3,295.25,102.36,0.0,2024-12-01,0.3466892464013548
2023-10-22,Europe,Furniture,Furnishings,Home Office,7,2111.92,460.19,0.0,2023-10-01,0.217901246259328
2023-08-02,North America,Furniture,Bookcases,Corporate,2,637.74,107.35,0.0,2023-08-01,0.16832878602565307
2024-03-01,Latin America,Furniture,Bookcases,Consumer,3,435.16,73.02,0.0,2024-03-01,0.16780034929681034
2023-06-05,Europe,Technology,Accessories,Consumer,4,1635.98,95.26,0.1,2023-06-01,0.05822809569799142
2024-08-28,Europe,Office Supplies,Storage,Corporate,1,52.67,6.19,0.15,2024-08-01,0.11752420732865008
2023-07-09,North America,Office Supplies,Paper,Consumer,2,58.9,21.32,0.0,2023-07-01,0.36196943972835316
2024-07-17,North America,Technology,Accessories,Home Office,4,2073.25,-205.98,0.2,2024-07-01,-0.09935126009887857
2024-06-03,North America,Technology,Accessories,Consumer,3,1292.41,-466.43,0.4,2024-06-01,-0.36089940498758133
2023-06-20,North America,Office Supplies,Binders,Home Office,3,103.21,35.87,0.0,2023-06-01,0.34754384265090593
2023-08-20,Latin America,Technology,Machines,Consumer,2,1038.69,117.65,0.1,2023-08-01,0.11326767370437762
2023-05-31,Europe,Technology,Accessories,Consumer,2,1031.34,144.02,0.1,2023-05-01,0.1396435705005139
2024-10-22,Asia Pacific,Office Supplies,Storage,Corporate,3,137.73,46.78,0.0,2024-10-01,0.3396500399332027
2024-12-12,Latin America,Technology,Machines,Corporate,1,428.6,27.19,0.15,2024-12-01,0.06343910405972936
2024-05-09,North America,Furniture,Furnishings,Consumer,1,245.55,57.06,0.0,2024-05-01,0.23237629810629198
2024-05-19,Europe,Office Supplies,Paper,Consumer,2,73.93,18.64,0.15,2024-05-01,0.2521303936155823
2023-09-28,Latin America,Furniture,Bookcases,Consumer,4,1265.37,58.8,0.1,2023-09-01,0.04646862182602717
2024-02-08,Europe,Technology,Machines,Consumer,3,1181.24,245.07,0.0,2024-02-01,0.20746842301310486
2023-10-19,Europe,Office Supplies,Binders,Consumer,1,64.01,14.62,0.1,2023-10-01,0.22840181221684108
2023-08-02,North America,Technology,Accessories,Consumer,7,2896.24,464.22,0.1,2023-08-01,0.16028367814821978
2023-09-17,Latin America,Technology,Machines,Consumer,5,1880.53,-842.61,0.5,2023-09-01,-0.4480704907659011
2024-12-25,Europe,Office Supplies,Paper,Corporate,1,31.02,6.87,0.1,2024-12-01,0.22147001934235977
2024-06-05,Europe,Office Supplies,Art,Consumer,3,59.18,13.05,0.1,2024-06-01,0.220513687056438
2024-01-10,Asia Pacific,Furniture,Chairs,Consumer,4,908.35,-421.51,0.4,2024-01-01,-0.4640391919414322
2023-02-17,Asia Pacific,Technology,Copiers,Home Office,2,628.71,163.01,0.0,2023-02-01,0.2592769321308711
2024-04-28,Europe,Furniture,Tables,Consumer,2,391.51,-6.52,0.15,2024-04-01,-0.016653469898597735
2024-04-28,North America,Office Supplies,Art,Consumer,1,65.34,16.27,0.1,2024-04-01,0.24900520355065808
2023-10-19,North America,Office Supplies,Art,Home Office,2,99.71,19.68,0.1,2023-10-01,0.197372379901715
2024-08-08,Asia Pacific,Furniture,Bookcases,Corporate,1,154.84,21.57,0.0,2024-08-01,0.1393050891242573
2023-11-13,North America,Office Supplies,Art,Corporate,3,185.42,56.22,0.0,2023-11-01,0.3032035379139252
2023-06-04,North America,Office Supplies,Binders,Consumer,3,96.46,19.67,0.1,2023-06-01,0.20391872278664736
2023-05-04,Latin America,Office Supplies,Paper,Consumer,4,75.57,2.54,0.2,2023-05-01,0.033611221384147155
2023-03-20,North America,Office Supplies,Art,Consumer,3,82.19,14.39,0.1,2023-03-01,0.17508212677941357
2023-05-28,North America,Furniture,Furnishings,Home Office,3,389.23,3.09,0.1,2023-05-01,0.007938750867096575
2024-11-01,Europe,Office Supplies,Binders,Corporate,1,45.95,4.99,0.15,2024-11-01,0.10859630032644178
2024-11-17,Europe,Technology,Phones,Corporate,5,2589.29,745.63,0.0,2024-11-01,0.28796697164087454
2023-02-26,Asia Pacific,Furniture,Chairs,Consumer,2,490.73,37.01,0.1,2023-02-01,0.07541825443726692
2024-03-11,Latin America,Technology,Copiers,Corporate,3,1980.39,592.64,0.0,2024-03-01,0.29925418730654063
2024-06-17,North America,Furniture,Bookcases,Home Office,3,914.14,109.55,0.1,2024-06-01,0.11983941190627256
2023-09-26,North America,Technology,Copiers,Corporate,4,1340.46,361.06,0.0,2023-09-01,0.2693552959431837
2023-11-04,Middle East & Africa,Furniture,Chairs,Home Office,3,1656.8,421.13,0.0,2023-11-01,0.25418276195074846
2023-12-24,North America,Technology,Accessories,Consumer,1,591.51,79.84,0.1,2023-12-01,0.1349765853493601
2024-02-13,North America,Office Supplies,Binders,Consumer,1,30.48,8.82,0.1,2024-02-01,0.28937007874015747
2023-10-10,Europe,Office Supplies,Paper,Consumer,1,36.0,-13.1,0.5,2023-10-01,-0.3638888888888889
2023-10-19,North America,Office Supplies,Paper,Corporate,1,30.71,12.06,0.0,2023-10-01,0.39270595897101923
2024-09-18,Europe,Technology,Copiers,Consumer,1,335.77,84.31,0.0,2024-09-01,0.2510944992107693
2024-09-02,Europe,Technology,Machines,Corporate,2,775.43,-2.84,0.2,2024-09-01,-0.003662484041112673
2023-06-19,North America,Furniture,Bookcases,Corporate,5,682.59,163.48,0.0,2023-06-01,0.2394995531724754
2024-02-25,Latin America,Furniture,Bookcases,Corporate,2,329.08,79.45,0.0,2024-02-01,0.24143065515983958
2023-05-12,Asia Pacific,Furniture,Bookcases,Consumer,1,227.43,42.11,0.0,2023-05-01,0.18515587213648155
2024-08-05,North America,Office Supplies,Storage,Consumer,3,85.76,35.94,0.0,2024-08-01,0.4190764925373134
2024-04-27,Europe,Technology,Phones,Consumer,3,972.72,228.08,0.0,2024-04-01,0.2344765194506127
2024-06-05,Asia Pacific,Office Supplies,Storage,Home Office,2,53.35,-12.34,0.3,2024-06-01,-0.23130271790065604
2024-03-02,North America,Office Supplies,Art,Consumer,4,205.95,77.72,0.0,2024-03-01,0.37737314882252976
2023-11-04,Asia Pacific,Office Supplies,Paper,Consumer,1,35.18,11.92,0.0,2023-11-01,0.3388288800454804
2024-03-23,Asia Pacific,Office Supplies,Storage,Corporate,4,99.72,27.02,0.1,2024-03-01,0.27095868431608505
2024-11-20,North America,Furniture,Chairs,Consumer,3,1064.5,43.12,0.1,2024-11-01,0.04050728041333959
2024-02-08,North America,Technology,Machines,Consumer,1,283.48,33.42,0.1,2024-02-01,0.11789191477352899
2023-08-18,Asia Pacific,Technology,Accessories,Consumer,2,702.19,-276.57,0.4,2023-08-01,-0.39386775659009665
2023-07-16,Asia Pacific,Office Supplies,Paper,Consumer,4,133.77,46.56,0.0,2023-07-01,0.348060103162144
2024-04-13,North America,Technology,Phones,Consumer,1,282.38,102.09,0.0,2024-04-01,0.3615341029817976
2024-07-11,Europe,Office Supplies,Art,Consumer,3,120.32,59.63,0.0,2024-07-01,0.4955950797872341
2023-09-10,North America,Furniture,Bookcases,Consumer,4,952.57,170.67,0.0,2023-09-01,0.17916793516486976
2023-03-08,Latin America,Technology,Phones,Consumer,2,687.04,96.03,0.1,2023-03-01,0.13977352119236144
2023-10-17,Europe,Office Supplies,Binders,Consumer,1,49.16,15.18,0.0,2023-10-01,0.30878763222131816
2024-09-21,Europe,Furniture,Bookcases,Consumer,3,1110.46,248.82,0.0,2024-09-01,0.2240693046125029
2023-01-29,Asia Pacific,Technology,Copiers,Corporate,2,674.01,190.79,0.0,2023-01-01,0.2830670168098396
2023-08-30,North America,Technology,Accessories,Consumer,2,1015.6,-55.21,0.2,2023-08-01,-0.054361953525009846
2023-04-13,Middle East & Africa,Technology,Machines,Home Office,5,1803.08,158.16,0.15,2023-04-01,0.08771657386250194
2024-11-10,North America,Technology,Accessories,Home Office,2,285.38,53.08,0.0,2024-11-01,0.1859976172121382
2024-07-26,Latin America,Office Supplies,Binders,Consumer,1,27.07,13.31,0.0,2024-07-01,0.49168821573697824
2023-10-15,Asia Pacific,Office Supplies,Storage,Home Office,6,224.15,100.79,0.0,2023-10-01,0.4496542493865715
2023-02-23,Asia Pacific,Office Supplies,Storage,Consumer,2,134.39,52.61,0.0,2023-02-01,0.3914725798050451
2023-10-05,North America,Office Supplies,Paper,Corporate,1,41.49,16.45,0.0,2023-10-01,0.3964810797782598
2023-01-27,Europe,Furniture,Tables,Corporate,1,197.5,45.94,0.0,2023-01-01,0.23260759493670885
2024-11-04,Middle East & Africa,Office Supplies,Storage,Consumer,2,56.33,20.3,0.0,2024-11-01,0.36037635363039233
2023-10-23,Asia Pacific,Technology,Machines,Corporate,2,902.96,199.43,0.0,2023-10-01,0.2208624966775937
2024-03-25,Asia Pacific,Office Supplies,Art,Consumer,1,57.63,10.98,0.15,2024-03-01,0.1905257678292556
2023-12-15,Asia Pacific,Office Supplies,Art,Corporate,2,148.97,28.74,0.1,2023-12-01,0.19292474994965428
2024-04-21,Latin America,Office Supplies,Paper,Consumer,3,85.07,-4.9,0.3,2024-04-01,-0.05759962383919126
2023-06-23,Latin America,Technology,Machines,Consumer,3,2636.44,306.47,0.1,2023-06-01,0.11624387431536466
2024-01-16,North America,Technology,Accessories,Consumer,5,2367.65,105.02,0.15,2024-01-01,0.0443562181910333
2024-11-27,North America,Technology,Phones,Consumer,4,2471.05,-665.29,0.3,2024-11-01,-0.26923372655348937
2023-11-17,Middle East & Africa,Office Supplies,Paper,Consumer,1,75.71,26.43,0.0,2023-11-01,0.34909523180557395
2023-03-12,Asia Pacific,Furniture,Chairs,Consumer,2,413.47,-39.81,0.15,2023-03-01,-0.09628268072653397
2023-04-27,North America,Technology,Phones,Consumer,3,762.99,233.75,0.0,2023-04-01,0.3063605027588828
2023-08-07,North America,Technology,Machines,Consumer,6,2361.73,526.63,0.0,2023-08-01,0.22298484585452188
2023-01-21,Middle East & Africa,Office Supplies,Binders,Home Office,1,53.03,15.68,0.1,2023-01-01,0.2956816896096549
2023-01-09,Asia Pacific,Office Supplies,Paper,Corporate,4,104.98,42.48,0.0,2023-01-01,0.4046485044770432
2024-07-10,North America,Technology,Phones,Corporate,4,541.67,159.65,0.0,2024-07-01,0.2947366477744753
2023-10-22,Europe,Office Supplies,Paper,Consumer,5,341.58,138.79,0.0,2023-10-01,0.40631770009953744
2024-03-26,North America,Office Supplies,Storage,Consumer,5,277.17,116.35,0.0,2024-03-01,0.419778475303965
2024-07-03,North America,Technology,Accessories,Corporate,3,1307.21,334.62,0.0,2024-07-01,0.2559802939084003
2024-04-16,Middle East & Africa,Furniture,Chairs,Corporate,2,401.16,108.14,0.0,2024-04-01,0.26956825206899987
2024-04-26,North America,Furniture,Furnishings,Consumer,1,233.94,-62.39,0.3,2024-04-01,-0.2666923142686159
2024-08-22,Europe,Technology,Phones,Consumer,3,1935.9,678.99,0.0,2024-08-01,0.3507360917402758
2023-09-17,Middle East & Africa,Office Supplies,Paper,Consumer,2,61.59,16.31,0.1,2023-09-01,0.26481571683714883
2023-12-08,Latin America,Office Supplies,Storage,Consumer,2,153.95,28.73,0.1,2023-12-01,0.18661903215329653
2024-05-01,Europe,Office Supplies,Storage,Consumer,1,36.3,13.31,0.0,2024-05-01,0.3666666666666667
2024-03-28,Europe,Office Supplies,Storage,Consumer,1,42.04,-3.28,0.3,2024-03-01,-0.0780209324452902
2023-04-11,Middle East & Africa,Technology,Phones,Consumer,4,1353.97,262.44,0.0,2023-04-01,0.1938299962332991
2023-10-03,North America,Office Supplies,Art,Consumer,3,73.3,18.98,0.1,2023-10-01,0.25893587994542977
2023-11-14,Europe,Office Supplies,Storage,Home Office,1,70.43,25.85,0.0,2023-11-01,0.3670310947039614
2024-12-11,Europe,Furniture,Chairs,Corporate,2,906.57,168.41,0.0,2024-12-01,0.18576612947703983
2023-08-03,Middle East & Africa,Office Supplies,Binders,Consumer,3,74.37,24.77,0.0,2023-08-01,0.3330644076912733
2024-09-27,North America,Technology,Phones,Consumer,3,1103.57,-26.06,0.2,2024-09-01,-0.023614270050835016
2023-01-04,Middle East & Africa,Technology,Phones,Home Office,2,1104.72,276.2,0.0,2023-01-01,0.25001810413498443
2024-11-27,Asia Pacific,Technology,Accessories,Corporate,3,570.51,74.86,0.1,2024-11-01,0.131215929606843
2024-03-23,Asia Pacific,Furniture,Furnishings,Corporate,2,329.33,85.74,0.0,2024-03-01,0.2603467646433668
2024-01-02,Europe,Furniture,Tables,Home Office,2,574.15,42.18,0.1,2024-01-01,0.07346512235478533
2023-12-14,Europe,Technology,Accessories,Consumer,1,665.02,13.85,0.15,2023-12-01,0.02082644131003579
2024-09-29,Europe,Technology,Phones,Corporate,1,248.88,61.54,0.0,2024-09-01,0.24726775956284153
2023-04-30,North America,Office Supplies,Storage,Corporate,3,94.77,39.44,0.0,2023-04-01,0.4161654532024902
2024-06-14,Europe,Furniture,Chairs,Consumer,1,275.79,-12.6,0.15,2024-06-01,-0.04568693571195474
2023-05-13,Europe,Technology,Accessories,Corporate,3,525.11,125.84,0.0,2023-05-01,0.23964502675629867
2023-07-24,Latin America,Office Supplies,Binders,Corporate,1,54.45,18.5,0.0,2023-07-01,0.3397612488521579
2024-08-04,North America,Technology,Copiers,Consumer,3,1049.16,235.06,0.0,2024-08-01,0.22404590338937816
2024-12-26,North America,Technology,Accessories,Corporate,1,367.18,-11.66,0.2,2024-12-01,-0.03175554224086279
2024-04-05,Europe,Technology,Accessories,Consumer,1,371.33,128.38,0.0,2024-04-01,0.34573021301807016
2024-01-18,North America,Office Supplies,Paper,Consumer,2,95.69,35.54,0.0,2024-01-01,0.3714076706029888
2023-03-18,Europe,Furniture,Furnishings,Corporate,1,392.17,95.05,0.0,2023-03-01,0.24236938062574903
2024-05-02,North America,Technology,Copiers,Consumer,1,358.01,51.28,0.1,2024-05-01,0.14323622245188683
2024-08-13,Latin America,Furniture,Furnishings,Corporate,2,528.1,-328.63,0.5,2024-08-01,-0.6222874455595531
2024-04-13,North America,Technology,Phones,Home Office,1,299.68,-2.46,0.15,2024-04-01,-0.008208756006406834
2023-08-14,Latin America,Technology,Phones,Home Office,3,1444.86,-284.55,0.3,2023-08-01,-0.19693949586811182
2023-04-22,Latin America,Technology,Machines,Home Office,2,1191.35,156.83,0.1,2023-04-01,0.1316405758173501
2023-02-17,Europe,Technology,Copiers,Corporate,3,987.15,65.22,0.15,2023-02-01,0.06606898647621942
2023-01-03,Middle East & Africa,Technology,Phones,Home Office,2,715.02,15.43,0.15,2023-01-01,0.021579815949204217
2023-05-23,Asia Pacific,Furniture,Chairs,Consumer,1,207.57,49.84,0.0,2023-05-01,0.24011176952353425
2023-09-09,Middle East & Africa,Office Supplies,Storage,Consumer,5,60.29,14.55,0.0,2023-09-01,0.2413335544866479
2024-08-18,Latin America,Office Supplies,Art,Corporate,4,176.32,21.06,0.15,2024-08-01,0.11944192377495462
2023-09-23,North America,Technology,Accessories,Home Office,1,178.52,32.2,0.0,2023-09-01,0.1803719471207708
2024-08-16,Latin America,Technology,Copiers,Consumer,3,921.28,149.72,0.0,2024-08-01,0.1625130253560264
2024-10-18,Asia Pacific,Office Supplies,Art,Home Office,3,108.9,46.84,0.0,2024-10-01,0.43011937557392105
2024-05-15,Asia Pacific,Office Supplies,Art,Corporate,3,96.68,36.88,0.0,2024-05-01,0.38146462556888705
2024-08-19,North America,Technology,Accessories,Corporate,3,1232.39,287.67,0.0,2024-08-01,0.23342448413245806
2023-09-02,Europe,Technology,Machines,Home Office,1,583.84,169.34,0.0,2023-09-01,0.290045217867909
2023-12-13,North America,Office Supplies,Storage,Corporate,5,356.88,140.05,0.0,2023-12-01,0.3924288276171262
2024-03-30,North America,Technology,Accessories,Corporate,4,1838.58,386.57,0.0,2024-03-01,0.21025465304746055
2024-03-23,Asia Pacific,Office Supplies,Paper,Home Office,1,52.14,20.81,0.0,2024-03-01,0.3991177598772535
2024-05-12,Latin America,Furniture,Furnishings,Consumer,2,671.15,45.38,0.1,2024-05-01,0.06761528719362289
2023-11-23,North America,Office Supplies,Storage,Consumer,3,68.26,13.47,0.15,2023-11-01,0.19733372399648402
2023-09-28,Asia Pacific,Furniture,Furnishings,Consumer,3,661.77,160.55,0.0,2023-09-01,0.24260694803330465
2023-02-26,Europe,Office Supplies,Binders,Consumer,4,158.0,64.15,0.0,2023-02-01,0.40601265822784816
2023-12-28,Middle East & Africa,Office Supplies,Art,Consumer,2,127.81,14.81,0.2,2023-12-01,0.11587512714185119
2023-03-27,Asia Pacific,Office Supplies,Art,Home Office,2,89.01,44.56,0.0,2023-03-01,0.5006179081002134
2023-11-24,North America,Technology,Accessories,Consumer,3,1371.18,349.31,0.0,2023-11-01,0.2547513820213247
2024-02-13,Asia Pacific,Office Supplies,Storage,Consumer,4,244.05,55.12,0.1,2024-02-01,0.22585535750870722
2024-04-02,Asia Pacific,Technology,Machines,Corporate,1,222.55,57.24,0.0,2024-04-01,0.2572006290721186
2023-04-12,North America,Office Supplies,Storage,Consumer,5,270.5,10.24,0.2,2023-04-01,0.037855822550831794
2023-03-25,North America,Office Supplies,Art,Consumer,2,85.75,34.34,0.0,2023-03-01,0.40046647230320703
2024-04-09,Latin America,Technology,Accessories,Corporate,2,659.66,166.57,0.0,2024-04-01,0.2525088682048328
2023-05-03,Asia Pacific,Office Supplies,Binders,Corporate,3,157.1,56.45,0.0,2023-05-01,0.3593252705283259
2024-01-21,Asia Pacific,Office Supplies,Paper,Consumer,2,42.78,15.82,0.0,2024-01-01,0.3697989714820009
2024-12-20,North America,Technology,Machines,Consumer,2,880.81,97.27,0.1,2024-12-01,0.11043244286509009
2023-08-06,North America,Office Supplies,Paper,Home Office,4,114.21,7.84,0.15,2023-08-01,0.06864547762892917
2024-09-02,Asia Pacific,Office Supplies,Binders,Corporate,5,245.64,52.15,0.15,2024-09-01,0.2123025565868751
2024-02-22,Europe,Technology,Phones,Consumer,3,431.34,-169.84,0.4,2024-02-01,-0.39374971020540644
2024-12-16,Europe,Office Supplies,Storage,Corporate,4,329.89,133.32,0.0,2024-12-01,0.4041347115705235
2024-01-08,Europe,Office Supplies,Binders,Home Office,3,200.14,52.52,0.15,2024-01-01,0.26241630858399123
2024-11-03,Asia Pacific,Furniture,Chairs,Consumer,2,548.19,20.78,0.15,2024-11-01,0.03790656524197814
2023-12-06,Latin America,Furniture,Furnishings,Home Office,4,2238.43,713.49,0.0,2023-12-01,0.3187457280325943
2024-02-20,North America,Office Supplies,Art,Consumer,5,225.16,11.07,0.2,2024-02-01,0.049165038195061295
2023-05-07,North America,Office Supplies,Paper,Consumer,3,98.26,-43.99,0.5,2023-05-01,-0.4476898025646245
2023-12-07,Europe,Furniture,Tables,Consumer,3,746.74,95.83,0.1,2023-12-01,0.128331146048156
2024-07-17,North America,Furniture,Chairs,Consumer,3,874.45,-221.33,0.3,2024-07-01,-0.2531076676768254
2024-10-05,North America,Office Supplies,Paper,Consumer,7,161.97,53.8,0.0,2024-10-01,0.33216027659443104
2024-03-07,Middle East & Africa,Furniture,Chairs,Consumer,3,559.8,33.03,0.1,2024-03-01,0.05900321543408361
2024-04-22,North America,Technology,Machines,Consumer,3,1383.81,257.14,0.0,2024-04-01,0.18582030770120175
2024-05-17,Europe,Office Supplies,Art,Consumer,4,110.24,59.57,0.0,2024-05-01,0.540366473149492
2023-04-07,Middle East & Africa,Office Supplies,Storage,Consumer,3,111.32,37.23,0.0,2023-04-01,0.33444125044915557
2024-06-29,Latin America,Technology,Phones,Consumer,1,651.34,231.47,0.0,2024-06-01,0.3553750729265821
2024-11-15,North America,Office Supplies,Storage,Consumer,5,326.88,42.5,0.15,2024-11-01,0.13001713166911405
2024-05-02,Latin America,Furniture,Chairs,Consumer,2,403.09,73.56,0.0,2024-05-01,0.18249026272048427
2023-07-01,North America,Furniture,Tables,Corporate,1,324.75,11.67,0.1,2023-07-01,0.035935334872979216
2023-08-03,Europe,Office Supplies,Paper,Home Office,3,106.81,32.74,0.0,2023-08-01,0.3065256062166464
2024-07-04,North America,Office Supplies,Binders,Corporate,3,129.54,53.15,0.0,2024-07-01,0.4102979774587
2024-08-20,Latin America,Technology,Accessories,Consumer,2,869.32,256.65,0.0,2024-08-01,0.2952307550729305
2024-01-09,North America,Technology,Phones,Corporate,4,705.29,64.7,0.1,2024-01-01,0.09173531455146111
2024-09-12,Asia Pacific,Office Supplies,Storage,Consumer,3,63.87,24.56,0.0,2024-09-01,0.3845310787537185
2024-07-27,Europe,Technology,Machines,Corporate,5,3143.32,769.85,0.0,2024-07-01,0.2449162032500668
2024-12-12,Latin America,Technology,Accessories,Consumer,4,3849.52,742.11,0.0,2024-12-01,0.19277987904985558
2024-07-25,Latin America,Furniture,Bookcases,Consumer,2,709.9,130.18,0.0,2024-07-01,0.18337794055500775
2024-03-18,Europe,Technology,Phones,Consumer,3,904.96,7.52,0.15,2024-03-01,0.008309759547383309
2023-02-27,North America,Technology,Machines,Consumer,3,1472.31,430.21,0.0,2023-02-01,0.2922006914304732
2023-09-11,North America,Office Supplies,Storage,Consumer,1,51.14,19.64,0.0,2023-09-01,0.38404380132968324
2024-04-22,Europe,Office Supplies,Binders,Consumer,1,28.63,11.4,0.0,2024-04-01,0.39818372336709745
2024-08-22,Europe,Furniture,Chairs,Consumer,4,1609.7,114.19,0.1,2024-08-01,0.07093868422687456
2023-01-17,North America,Technology,Phones,Consumer,4,1924.41,-635.2,0.4,2023-01-01,-0.33007519187699086
2023-06-24,Latin America,Furniture,Tables,Consumer,5,1454.41,-397.22,0.3,2023-06-01,-0.2731141837583625
2024-08-26,Europe,Office Supplies,Binders,Home Office,2,82.19,13.31,0.15,2024-08-01,0.16194184207324494
2023-09-28,North America,Technology,Copiers,Consumer,2,1291.59,396.8,0.0,2023-09-01,0.30721823488878053
2024-08-21,North America,Technology,Phones,Consumer,3,1615.92,20.86,0.15,2024-08-01,0.012909054903708103
2024-07-07,North America,Technology,Machines,Corporate,2,526.24,133.23,0.0,2024-07-01,0.2531734569778048
2024-01-01,Middle East & Africa,Technology,Accessories,Home Office,2,983.17,-84.29,0.2,2024-01-01,-0.08573288444521295
2024-07-12,Middle East & Africa,Furniture,Tables,Consumer,2,416.89,-32.93,0.15,2024-07-01,-0.0789896615414138
2023-02-26,Latin America,Office Supplies,Storage,Corporate,2,39.34,-9.66,0.4,2023-02-01,-0.24555160142348753
2023-04-12,Europe,Office Supplies,Storage,Corporate,3,148.13,55.8,0.0,2023-04-01,0.37669614527779655
2024-06-22,North America,Office Supplies,Art,Consumer,1,70.35,24.03,0.0,2024-06-01,0.34157782515991475
2023-07-16,Europe,Technology,Accessories,Consumer,4,535.94,166.4,0.0,2023-07-01,0.31048251669963056
2024-01-21,Latin America,Technology,Copiers,Consumer,2,671.49,-299.7,0.4,2024-01-01,-0.44632086851628466
2024-01-03,Asia Pacific,Technology,Machines,Home Office,2,985.68,219.38,0.0,2024-01-01,0.22256716175635094
2023-03-17,Europe,Office Supplies,Storage,Corporate,2,75.89,9.91,0.2,2023-03-01,0.13058373962313877
2024-04-02,North America,Office Supplies,Paper,Corporate,2,58.74,-12.35,0.4,2024-04-01,-0.21024855294518213
2024-09-08,North America,Office Supplies,Paper,Home Office,2,102.94,22.06,0.15,2024-09-01,0.21429959199533707
2023-09-24,Asia Pacific,Furniture,Bookcases,Home Office,2,465.06,-210.74,0.4,2023-09-01,-0.4531458306455081
2023-11-03,Asia Pacific,Office Supplies,Binders,Consumer,5,265.89,13.68,0.2,2023-11-01,0.051449847681372
2023-01-16,Latin America,Furniture,Bookcases,Consumer,2,415.19,123.54,0.0,2023-01-01,0.29755051903947594
2024-04-09,North America,Office Supplies,Art,Consumer,3,108.76,46.81,0.0,2024-04-01,0.430397204854726
2024-01-16,North America,Office Supplies,Storage,Consumer,3,73.2,25.75,0.0,2024-01-01,0.351775956284153
2024-05-22,Latin America,Furniture,Bookcases,Consumer,1,287.52,62.12,0.0,2024-05-01,0.21605453533667224
2024-11-08,Europe,Furniture,Tables,Home Office,7,2392.12,232.47,0.1,2024-11-01,0.0971815795194221
2024-09-29,Asia Pacific,Office Supplies,Art,Home Office,6,292.29,115.19,0.0,2024-09-01,0.394094905744295
2023-07-02,Europe,Technology,Accessories,Corporate,1,338.05,89.64,0.0,2023-07-01,0.26516787457476704
2023-07-13,Asia Pacific,Office Supplies,Storage,Corporate,3,177.29,81.29,0.0,2023-07-01,0.4585142986068025
2023-08-31,North America,Office Supplies,Storage,Home Office,6,92.01,40.78,0.0,2023-08-01,0.4432126942723617
2024-07-13,Asia Pacific,Furniture,Furnishings,Consumer,3,983.89,312.31,0.0,2024-07-01,0.3174236957383447
2024-05-22,Europe,Technology,Copiers,Corporate,1,346.41,81.35,0.0,2024-05-01,0.23483733148581157
2023-12-02,Middle East & Africa,Office Supplies,Binders,Corporate,4,243.91,16.64,0.2,2023-12-01,0.06822188512156123
2024-04-24,Europe,Office Supplies,Paper,Corporate,3,61.84,13.7,0.1,2024-04-01,0.22153945666235444
2024-11-02,North America,Technology,Copiers,Consumer,1,756.77,-54.3,0.2,2024-11-01,-0.07175231576304557
2024-07-24,Asia Pacific,Furniture,Chairs,Consumer,6,1315.27,276.94,0.0,2024-07-01,0.21055752811209866
2023-02-17,Europe,Furniture,Furnishings,Consumer,4,1349.93,299.33,0.0,2023-02-01,0.22173742342195518
2023-06-20,North America,Technology,Phones,Corporate,1,653.67,239.26,0.0,2023-06-01,0.36602567044533174
2024-11-22,Europe,Technology,Accessories,Home Office,1,672.85,65.35,0.1,2024-11-01,0.0971241732927101
2023-02-21,North America,Office Supplies,Art,Corporate,3,169.84,51.76,0.0,2023-02-01,0.30475741874705603
2024-11-07,North America,Office Supplies,Binders,Home Office,3,173.39,63.69,0.0,2024-11-01,0.3673222215814061
2023-12-12,North America,Technology,Machines,Consumer,4,1443.49,44.63,0.1,2023-12-01,0.030918122051417054
2024-07-04,Asia Pacific,Office Supplies,Art,Corporate,1,33.51,8.88,0.1,2024-07-01,0.26499552372426144
2024-11-17,Middle East & Africa,Technology,Copiers,Home Office,1,813.34,288.36,0.0,2024-11-01,0.3545380775567413
2024-06-27,North America,Technology,Machines,Home Office,3,1204.77,82.21,0.15,2024-06-01,0.06823709089701768
2023-08-13,Middle East & Africa,Office Supplies,Art,Consumer,2,54.68,20.22,0.0,2023-08-01,0.3697878566203365
2024-09-10,North America,Furniture,Chairs,Corporate,4,1274.26,319.12,0.0,2024-09-01,0.25043554690565506
2023-08-11,Asia Pacific,Office Supplies,Binders,Consumer,5,313.53,112.03,0.0,2023-08-01,0.35731827895257234
2023-05-13,North America,Office Supplies,Art,Corporate,3,119.09,46.02,0.0,2023-05-01,0.38643043076664707
2023-05-27,Asia Pacific,Office Supplies,Art,Consumer,4,144.53,55.48,0.0,2023-05-01,0.38386494153462947
2024-04-19,Latin America,Office Supplies,Storage,Consumer,5,249.78,96.96,0.0,2024-04-01,0.38818159980783085
2024-06-02,North America,Office Supplies,Art,Corporate,1,35.62,13.15,0.0,2024-06-01,0.36917462099943854
2023-05-07,Asia Pacific,Technology,Machines,Corporate,2,741.82,164.39,0.0,2023-05-01,0.22160362352053056
2024-07-27,Latin America,Office Supplies,Art,Consumer,2,88.89,5.15,0.2,2024-07-01,0.057936775790302625
2024-06-09,Latin America,Office Supplies,Storage,Consumer,5,435.61,169.08,0.0,2024-06-01,0.3881453593810978
2023-12-18,Asia Pacific,Furniture,Tables,Consumer,3,839.37,202.01,0.0,2023-12-01,0.24066859668560944
2023-04-14,Asia Pacific,Technology,Copiers,Consumer,1,415.54,-69.29,0.3,2023-04-01,-0.1667468835731819
2023-12-01,Europe,Furniture,Tables,Home Office,4,1916.6,543.46,0.0,2023-12-01,0.28355421058123764
2023-12-18,Asia Pacific,Office Supplies,Binders,Consumer,5,142.81,45.9,0.0,2023-12-01,0.3214060640011204
2024-10-12,North America,Office Supplies,Paper,Corporate,3,144.08,5.52,0.2,2024-10-01,0.03831204886174347
2023-02-28,Asia Pacific,Technology,Accessories,Corporate,1,312.2,77.14,0.0,2023-02-01,0.24708520179372198
2023-01-16,Europe,Furniture,Tables,Consumer,2,420.69,92.4,0.0,2023-01-01,0.21963916423019328
2023-02-22,Latin America,Office Supplies,Storage,Home Office,3,130.38,-36.32,0.4,2023-02-01,-0.27857033287314004
2024-10-31,Latin America,Office Supplies,Storage,Corporate,1,33.58,13.75,0.0,2024-10-01,0.4094699225729601
2023-09-19,Asia Pacific,Office Supplies,Binders,Consumer,2,84.54,31.53,0.0,2023-09-01,0.3729595457771469
2024-03-14,Europe,Furniture,Furnishings,Corporate,3,850.58,220.57,0.0,2024-03-01,0.2593171718121752
2023-07-14,Latin America,Technology,Accessories,Consumer,2,541.05,164.57,0.0,2023-07-01,0.3041678218279272
2023-07-15,Europe,Office Supplies,Paper,Consumer,1,41.76,17.17,0.0,2023-07-01,0.4111590038314177
2023-02-10,Europe,Technology,Accessories,Consumer,3,1485.69,392.34,0.0,2023-02-01,0.26407931668113804
2023-03-04,Europe,Technology,Accessories,Corporate,1,555.92,-8.55,0.15,2023-03-01,-0.015379910778529288
2023-04-15,Europe,Technology,Accessories,Consumer,2,850.16,201.75,0.0,2023-04-01,0.23730827138421004
2023-08-04,Europe,Technology,Machines,Corporate,3,1438.45,413.75,0.0,2023-08-01,0.2876359970801905
2024-07-09,North America,Office Supplies,Binders,Consumer,3,94.24,16.18,0.1,2024-07-01,0.1716893039049236
2023-04-01,Middle East & Africa,Office Supplies,Binders,Home Office,1,45.23,9.04,0.1,2023-04-01,0.1998673446827327
2024-06-21,Latin America,Office Supplies,Binders,Corporate,6,33.0,11.35,0.0,2024-06-01,0.34393939393939393
2023-07-17,North America,Furniture,Tables,Corporate,1,252.61,-20.0,0.15,2023-07-01,-0.07917342939709433
2023-03-11,Europe,Office Supplies,Storage,Consumer,6,206.59,96.81,0.0,2023-03-01,0.4686093228133017
2023-09-11,Europe,Technology,Copiers,Consumer,2,301.96,62.11,0.0,2023-09-01,0.2056894952973904
2024-03-13,North America,Furniture,Chairs,Home Office,1,300.0,1.69,0.1,2024-03-01,0.005633333333333333
2023-07-27,North America,Office Supplies,Storage,Corporate,1,70.72,32.59,0.0,2023-07-01,0.46083144796380093
2023-04-14,Europe,Furniture,Chairs,Consumer,4,1524.94,304.62,0.0,2023-04-01,0.1997586790299946
2023-12-19,Latin America,Technology,Machines,Home Office,2,1180.3,115.29,0.1,2023-12-01,0.09767855629924596
2023-07-22,Europe,Furniture,Bookcases,Consumer,3,148.83,-40.29,0.3,2023-07-01,-0.27071155009070746
2024-09-23,Middle East & Africa,Office Supplies,Storage,Corporate,2,41.64,17.23,0.0,2024-09-01,0.41378482228626323
2023-07-15,Latin America,Technology,Accessories,Consumer,1,619.28,58.22,0.15,2023-07-01,0.0940124014985144
2023-02-22,Latin America,Office Supplies,Storage,Corporate,2,78.95,9.6,0.15,2023-02-01,0.12159594680177327
2024-03-04,Europe,Office Supplies,Paper,Consumer,2,93.69,29.94,0.0,2024-03-01,0.31956452129362795
2024-05-27,Asia Pacific,Office Supplies,Binders,Corporate,2,113.36,-14.92,0.3,2024-05-01,-0.13161609033168667
2024-04-17,North America,Technology,Phones,Consumer,3,1966.36,485.3,0.0,2024-04-01,0.24680119611871684
2024-09-13,Asia Pacific,Technology,Accessories,Home Office,1,587.07,151.71,0.0,2024-09-01,0.2584189278961623
2023-11-10,Europe,Office Supplies,Storage,Corporate,1,44.89,15.66,0.0,2023-11-01,0.3488527511695255
2024-07-24,Europe,Furniture,Bookcases,Corporate,3,1358.97,107.66,0.1,2024-07-01,0.0792217635415057
2024-10-13,North America,Technology,Machines,Corporate,2,922.68,219.02,0.0,2024-10-01,0.2373737373737374
2023-01-03,Middle East & Africa,Technology,Accessories,Consumer,3,941.33,43.55,0.1,2023-01-01,0.04626432813147355
2024-08-09,North America,Furniture,Chairs,Consumer,3,579.38,5.63,0.1,2024-08-01,0.009717283993234146
2023-04-22,Asia Pacific,Office Supplies,Art,Home Office,1,4.77,-0.81,0.3,2023-04-01,-0.169811320754717
2023-05-19,Latin America,Office Supplies,Storage,Corporate,3,118.8,23.05,0.1,2023-05-01,0.19402356902356904
2024-11-02,North America,Technology,Copiers,Consumer,4,2157.97,629.3,0.0,2024-11-01,0.2916166582482611
2023-01-26,Middle East & Africa,Technology,Accessories,Consumer,4,2524.07,493.12,0.0,2023-01-01,0.19536700646178592
2024-12-20,North America,Furniture,Furnishings,Consumer,6,2501.0,-11.88,0.1,2024-12-01,-0.004750099960015994
2024-08-12,Latin America,Technology,Accessories,Corporate,2,751.12,-244.6,0.4,2024-08-01,-0.32564703376291404
2023-04-23,Europe,Office Supplies,Paper,Consumer,1,50.64,18.01,0.0,2023-04-01,0.3556477093206951
2023-01-30,Europe,Technology,Phones,Consumer,4,1318.72,353.58,0.0,2023-01-01,0.26812363504003883
2023-02-20,North America,Office Supplies,Paper,Corporate,1,28.5,12.17,0.0,2023-02-01,0.42701754385964913
2023-03-09,North America,Office Supplies,Storage,Corporate,1,25.53,8.34,0.0,2023-03-01,0.32667450058754405
2023-10-20,Middle East & Africa,Technology,Phones,Home Office,4,959.51,98.49,0.1,2023-10-01,0.10264614230179987
2023-05-04,North America,Furniture,Bookcases,Consumer,6,625.11,-69.92,0.2,2023-05-01,-0.11185231399273728
2024-10-27,North America,Office Supplies,Storage,Consumer,1,37.2,14.08,0.0,2024-10-01,0.37849462365591396
2024-08-28,North America,Office Supplies,Storage,Consumer,3,61.14,23.59,0.0,2024-08-01,0.38583578671900554
2024-11-11,Asia Pacific,Technology,Copiers,Corporate,2,1027.74,224.53,0.0,2024-11-01,0.2184696518574737
2024-10-10,Asia Pacific,Office Supplies,Binders,Consumer,4,269.51,121.04,0.0,2024-10-01,0.44911135022819193
2024-10-02,Europe,Technology,Machines,Consumer,4,1410.82,342.98,0.0,2024-10-01,0.24310684566422366
2023-01-19,Asia Pacific,Furniture,Tables,Consumer,5,1153.54,337.86,0.0,2023-01-01,0.29288971340395653
2023-07-01,North America,Technology,Copiers,Corporate,4,1754.05,-67.41,0.15,2023-07-01,-0.03843105954790342
2023-06-03,Asia Pacific,Technology,Accessories,Corporate,3,2054.74,42.08,0.2,2023-06-01,0.020479476722115694
2023-11-26,North America,Office Supplies,Binders,Consumer,3,101.48,-13.51,0.3,2023-11-01,-0.13312968072526604
2023-09-06,North America,Office Supplies,Storage,Consumer,3,145.88,18.16,0.15,2023-09-01,0.12448587880449685
2024-09-03,North America,Furniture,Tables,Home Office,1,187.07,34.04,0.0,2024-09-01,0.18196397070615278
2023-10-09,Europe,Furniture,Bookcases,Consumer,2,245.44,49.07,0.0,2023-10-01,0.19992666232073011
2023-09-13,North America,Office Supplies,Storage,Consumer,3,86.1,33.25,0.0,2023-09-01,0.38617886178861793
2023-07-06,Asia Pacific,Office Supplies,Storage,Consumer,3,197.9,45.49,0.1,2023-07-01,0.2298635674583123
2024-03-22,North America,Furniture,Bookcases,Corporate,3,629.04,-50.73,0.15,2024-03-01,-0.08064669973292636
2024-02-01,North America,Technology,Copiers,Corporate,3,1311.13,473.2,0.0,2024-02-01,0.3609100546856528
2023-04-26,North America,Office Supplies,Storage,Consumer,3,161.89,75.77,0.0,2023-04-01,0.4680338501451603
2024-12-02,North America,Furniture,Tables,Consumer,6,1737.78,384.64,0.0,2024-12-01,0.22133987040937286
2024-08-24,Latin America,Office Supplies,Paper,Consumer,5,230.71,62.71,0.0,2024-08-01,0.2718130986953318
2023-04-15,North America,Technology,Copiers,Corporate,2,749.79,-130.41,0.2,2023-04-01,-0.17392870003601008
2024-05-04,North America,Office Supplies,Storage,Home Office,4,208.37,-11.71,0.3,2024-05-01,-0.056198109132792634
2024-11-11,North America,Office Supplies,Storage,Consumer,4,218.29,-40.22,0.3,2024-11-01,-0.1842503092216776
2023-07-14,Middle East & Africa,Furniture,Furnishings,Consumer,1,270.66,64.68,0.0,2023-07-01,0.23897140323653293
2024-01-26,Asia Pacific,Technology,Accessories,Consumer,2,690.88,-140.08,0.3,2024-01-01,-0.20275590551181105
2023-09-12,North America,Office Supplies,Art,Consumer,4,165.31,8.97,0.2,2023-09-01,0.054261690157885185
2024-01-28,Middle East & Africa,Technology,Accessories,Consumer,3,1206.22,334.81,0.0,2024-01-01,0.2775695975858467
2023-03-25,Europe,Office Supplies,Art,Consumer,1,32.47,12.58,0.0,2023-03-01,0.387434554973822
2023-06-18,North America,Office Supplies,Paper,Corporate,1,34.35,2.78,0.2,2023-06-01,0.08093158660844249
2023-01-18,Europe,Furniture,Tables,Consumer,2,413.52,3.44,0.15,2023-01-01,0.008318823757012962
2023-05-02,Europe,Office Supplies,Art,Consumer,4,167.55,70.79,0.0,2023-05-01,0.42250074604595644
2024-02-16,Latin America,Office Supplies,Paper,Consumer,2,69.62,16.49,0.1,2024-02-01,0.23685722493536338
2024-04-06,North America,Office Supplies,Art,Corporate,1,65.07,24.46,0.0,2024-04-01,0.3759028738281851
2023-03-01,North America,Technology,Phones,Corporate,3,1072.42,25.41,0.15,2023-03-01,0.023694075082523636
2023-01-13,Asia Pacific,Office Supplies,Paper,Corporate,3,145.32,60.38,0.0,2023-01-01,0.4154968345719791
2024-11-29,Latin America,Technology,Phones,Home Office,4,1434.63,233.51,0.1,2024-11-01,0.16276670639816537
2023-08-07,North America,Furniture,Bookcases,Home Office,4,1258.63,281.53,0.0,2023-08-01,0.22367971524594196
2024-04-05,North America,Furniture,Furnishings,Corporate,1,253.49,41.47,0.0,2024-04-01,0.16359619708864254
2024-10-28,North America,Furniture,Tables,Corporate,1,217.5,38.33,0.0,2024-10-01,0.17622988505747125
2024-03-17,Asia Pacific,Office Supplies,Art,Consumer,3,110.63,24.97,0.1,2024-03-01,0.2257073126638344
2023-01-16,Asia Pacific,Office Supplies,Art,Consumer,2,109.75,37.99,0.0,2023-01-01,0.34615034168564923
2024-03-31,Latin America,Furniture,Bookcases,Home Office,5,1123.27,194.2,0.0,2024-03-01,0.17288808567842104
2023-04-04,Europe,Technology,Machines,Consumer,1,430.23,32.24,0.1,2023-04-01,0.07493666178555657
2024-11-13,Asia Pacific,Technology,Copiers,Consumer,3,1475.96,330.66,0.0,2024-11-01,0.22403046153012277
2023-03-13,Middle East & Africa,Technology,Phones,Corporate,4,1296.42,364.37,0.0,2023-03-01,0.2810586075500224
2024-07-07,Europe,Office Supplies,Storage,Consumer,5,256.32,106.02,0.0,2024-07-01,0.41362359550561795
2024-06-20,Europe,Technology,Copiers,Corporate,6,2285.69,726.0,0.0,2024-06-01,0.31762837480148226
2024-06-25,Latin America,Technology,Phones,Consumer,1,482.66,8.2,0.2,2024-06-01,0.016989184933493554
2023-09-06,Latin America,Office Supplies,Binders,Consumer,2,90.88,35.76,0.0,2023-09-01,0.39348591549295775
2023-09-17,Latin America,Office Supplies,Paper,Home Office,2,84.59,29.8,0.0,2023-09-01,0.3522875044331481
2023-10-17,North America,Furniture,Tables,Consumer,1,177.71,-53.81,0.3,2023-10-01,-0.3027966912385347
2024-11-08,Europe,Technology,Machines,Consumer,2,633.28,134.98,0.0,2024-11-01,0.21314426478019202
2024-12-20,Asia Pacific,Technology,Accessories,Home Office,4,3173.18,424.09,0.1,2024-12-01,0.13364826451698297
2023-08-14,Asia Pacific,Technology,Phones,Corporate,6,1988.65,501.46,0.0,2023-08-01,0.2521610137530485
2024-10-08,Europe,Office Supplies,Binders,Consumer,1,22.1,1.11,0.2,2024-10-01,0.050226244343891405
2024-06-07,North America,Furniture,Tables,Consumer,2,652.49,188.27,0.0,2024-06-01,0.28854082054897395
2024-03-24,Latin America,Furniture,Bookcases,Consumer,1,258.96,-1.85,0.1,2024-03-01,-0.00714396045721347
2023-12-16,North America,Office Supplies,Storage,Consumer,4,218.39,-26.65,0.3,2023-12-01,-0.12202939695040982
2024-05-03,North America,Technology,Machines,Home Office,3,571.6,-40.15,0.2,2024-05-01,-0.07024142757172848
2024-10-06,North America,Furniture,Furnishings,Consumer,2,487.85,109.25,0.0,2024-10-01,0.22394178538485188
2023-04-08,Middle East & Africa,Office Supplies,Art,Home Office,3,61.11,19.45,0.0,2023-04-01,0.3182785141548028
2024-01-27,North America,Furniture,Furnishings,Consumer,3,873.25,-120.69,0.2,2024-01-01,-0.13820784425994848
2024-12-05,North America,Technology,Machines,Corporate,1,1042.71,-327.98,0.3,2024-12-01,-0.3145457509758226
2023-01-16,Asia Pacific,Technology,Copiers,Consumer,1,312.63,3.9,0.1,2023-01-01,0.012474810478840801
2023-03-16,Europe,Office Supplies,Art,Home Office,1,43.0,17.52,0.0,2023-03-01,0.40744186046511627
2024-07-26,Asia Pacific,Technology,Copiers,Corporate,2,763.64,-73.29,0.2,2024-07-01,-0.09597454297836679
2024-01-08,Asia Pacific,Technology,Accessories,Consumer,1,523.49,116.6,0.0,2024-01-01,0.22273586888001679
2023-09-08,Middle East & Africa,Technology,Phones,Consumer,1,357.22,10.91,0.15,2023-09-01,0.030541403056939698
2024-04-01,North America,Furniture,Bookcases,Consumer,1,316.79,64.52,0.0,2024-04-01,0.20366804507718045
2024-06-12,Europe,Technology,Copiers,Corporate,2,938.68,293.3,0.0,2024-06-01,0.3124600502833767
2024-12-11,Latin America,Furniture,Bookcases,Corporate,2,916.97,17.83,0.15,2024-12-01,0.019444474737450514
2024-12-27,North America,Office Supplies,Art,Consumer,4,270.84,-24.63,0.3,2024-12-01,-0.0909392999556934
2024-03-18,Asia Pacific,Office Supplies,Paper,Corporate,3,15.0,5.95,0.0,2024-03-01,0.39666666666666667
2024-03-20,Europe,Office Supplies,Paper,Consumer,1,34.91,-12.3,0.4,2024-03-01,-0.35233457462045265
2024-04-27,Europe,Technology,Accessories,Consumer,2,277.33,-24.57,0.15,2024-04-01,-0.08859481484152454
2023-10-25,North America,Office Supplies,Paper,Consumer,1,14.05,2.57,0.1,2023-10-01,0.18291814946619214
2024-05-05,North America,Office Supplies,Art,Consumer,3,157.93,40.99,0.1,2024-05-01,0.25954536820110174
2024-07-16,North America,Office Supplies,Storage,Consumer,3,148.5,16.89,0.15,2024-07-01,0.11373737373737375
2023-07-12,North America,Furniture,Chairs,Corporate,5,1222.43,177.37,0.0,2023-07-01,0.14509624272964505
2024-02-19,North America,Office Supplies,Art,Home Office,3,53.55,17.74,0.0,2024-02-01,0.33127917833800186
2023-09-25,Asia Pacific,Office Supplies,Binders,Consumer,5,220.92,92.32,0.0,2023-09-01,0.41788882853521636
2023-01-01,North America,Office Supplies,Paper,Consumer,4,193.08,-21.44,0.3,2023-01-01,-0.11104205510669153
2024-05-24,Europe,Office Supplies,Storage,Consumer,2,57.38,20.39,0.0,2024-05-01,0.35535029627047754
2024-03-06,Europe,Technology,Copiers,Consumer,3,101.24,7.3,0.1,2024-03-01,0.07210588700118531
2024-06-21,North America,Office Supplies,Art,Corporate,2,129.41,56.2,0.0,2024-06-01,0.43427864925430804
2024-11-19,North America,Furniture,Bookcases,Consumer,2,906.62,145.74,0.0,2024-11-01,0.16075092100328695
2023-11-09,North America,Technology,Copiers,Corporate,2,1084.71,281.28,0.0,2023-11-01,0.2593135492435766
2024-09-18,Asia Pacific,Technology,Copiers,Corporate,1,485.85,35.41,0.1,2024-09-01,0.07288257692703508
2024-08-10,Asia Pacific,Technology,Machines,Consumer,2,738.35,235.53,0.0,2024-08-01,0.318995056544999
2024-04-13,Europe,Office Supplies,Art,Consumer,4,145.72,60.82,0.0,2024-04-01,0.41737578918473783
2024-12-11,North America,Office Supplies,Binders,Corporate,3,192.79,71.43,0.0,2024-12-01,0.37050676902328966
2023-09-10,Middle East & Africa,Office Supplies,Storage,Corporate,2,106.88,50.21,0.0,2023-09-01,0.4697791916167665
2024-03-20,Latin America,Furniture,Chairs,Corporate,4,521.72,1.45,0.15,2024-03-01,0.002779268573181016
2023-10-29,Asia Pacific,Office Supplies,Storage,Consumer,1,5.0,1.9,0.0,2023-10-01,0.38
2023-10-20,North America,Office Supplies,Paper,Consumer,2,80.94,27.56,0.0,2023-10-01,0.34049913516184827
2023-02-02,Europe,Technology,Accessories,Corporate,4,1152.81,-15.79,0.2,2023-02-01,-0.013696966542621942
2023-08-02,Latin America,Technology,Phones,Corporate,2,767.08,323.06,0.0,2023-08-01,0.4211555509203733
2024-07-01,North America,Furniture,Tables,Corporate,1,247.37,52.94,0.0,2024-07-01,0.2140113999272345
2024-09-10,Europe,Furniture,Chairs,Corporate,3,768.3,-313.2,0.4,2024-09-01,-0.4076532604451386
2023-11-29,Europe,Technology,Phones,Consumer,4,1734.72,408.22,0.0,2023-11-01,0.23532327983766835
2023-12-11,Europe,Technology,Accessories,Consumer,2,1111.55,119.84,0.15,2023-12-01,0.10781341370158788
2023-05-14,Middle East & Africa,Office Supplies,Binders,Consumer,4,237.31,24.64,0.15,2023-05-01,0.10383043276726645
2023-09-16,Asia Pacific,Technology,Phones,Consumer,1,206.21,59.28,0.0,2023-09-01,0.2874739343387808
2023-11-13,Latin America,Technology,Copiers,Home Office,5,3380.84,829.55,0.0,2023-11-01,0.2453680150495143
2024-05-08,Latin America,Office Supplies,Paper,Home Office,1,55.1,20.87,0.0,2024-05-01,0.37876588021778584
2023-06-08,North America,Office Supplies,Storage,Consumer,3,17.95,7.59,0.0,2023-06-01,0.422841225626741
2024-07-19,North America,Office Supplies,Binders,Consumer,3,38.12,15.08,0.0,2024-07-01,0.3955928646379853
2023-01-09,North America,Technology,Machines,Corporate,1,397.74,91.91,0.0,2023-01-01,0.23108060542062653
2024-08-18,Europe,Office Supplies,Storage,Consumer,1,43.44,19.18,0.0,2024-08-01,0.44152854511970535
2024-10-16,North America,Technology,Accessories,Corporate,1,719.37,184.71,0.0,2024-10-01,0.2567663372117269
2023-06-02,Europe,Furniture,Chairs,Corporate,2,315.07,-135.8,0.4,2023-06-01,-0.431015329926683
2023-10-14,Europe,Technology,Machines,Home Office,1,358.64,114.25,0.0,2023-10-01,0.318564577291992
2024-04-28,Asia Pacific,Technology,Copiers,Corporate,1,554.7,-17.69,0.2,2024-04-01,-0.03189111231296196
2023-03-29,North America,Office Supplies,Paper,Consumer,4,85.38,-8.05,0.3,2023-03-01,-0.09428437573202156
2023-10-20,Asia Pacific,Technology,Phones,Corporate,4,1167.41,154.61,0.1,2023-10-01,0.13243847491455443
2024-02-12,Asia Pacific,Office Supplies,Storage,Consumer,4,135.15,11.74,0.15,2024-02-01,0.08686644469108398
2024-02-26,North America,Office Supplies,Storage,Home Office,2,113.11,44.58,0.0,2024-02-01,0.394129608345858
2024-10-17,Middle East & Africa,Office Supplies,Storage,Corporate,4,175.34,66.73,0.0,2024-10-01,0.3805748830842934
2024-05-29,Europe,Office Supplies,Art,Consumer,4,192.29,58.68,0.0,2024-05-01,0.3051640750949087
2024-10-08,Middle East & Africa,Furniture,Tables,Corporate,1,211.15,-2.4,0.15,2024-10-01,-0.011366327255505564
2023-10-09,Latin America,Technology,Copiers,Home Office,1,243.78,48.41,0.0,2023-10-01,0.19858068750512756
2024-02-19,Asia Pacific,Furniture,Furnishings,Corporate,2,562.49,123.07,0.0,2024-02-01,0.2187950008000142
2023-11-22,North America,Technology,Machines,Consumer,3,1182.79,273.23,0.0,2023-11-01,0.23100465847699087
2023-03-12,North America,Office Supplies,Paper,Home Office,1,30.9,4.66,0.1,2023-03-01,0.15080906148867315
2024-04-18,North America,Technology,Accessories,Home Office,2,1199.0,232.48,0.0,2024-04-01,0.1938949124270225
2024-06-24,North America,Technology,Phones,Consumer,4,2270.72,142.72,0.1,2024-06-01,0.06285231116121759
2023-06-14,North America,Furniture,Furnishings,Corporate,1,332.31,70.41,0.0,2023-06-01,0.21188047305227045
2024-11-27,Asia Pacific,Office Supplies,Art,Consumer,3,204.82,28.47,0.15,2024-11-01,0.1390000976467142
2024-06-24,Asia Pacific,Office Supplies,Art,Consumer,1,43.56,5.33,0.1,2024-06-01,0.12235996326905417
2024-10-09,Middle East & Africa,Office Supplies,Binders,Consumer,1,55.26,19.51,0.0,2024-10-01,0.3530582699963808
2024-11-07,Latin America,Technology,Copiers,Consumer,3,2084.38,527.07,0.0,2024-11-01,0.25286655984033624
2023-08-19,North America,Office Supplies,Paper,Consumer,4,78.84,17.26,0.1,2023-08-01,0.21892440385591072
2024-12-19,Latin America,Furniture,Chairs,Corporate,3,1284.37,-474.74,0.3,2024-12-01,-0.3696286895520762
2023-08-20,Latin America,Furniture,Furnishings,Consumer,1,230.52,4.38,0.1,2023-08-01,0.019000520562207183
2023-08-13,Europe,Technology,Phones,Corporate,3,1769.94,613.26,0.0,2023-08-01,0.3464863215702227
2024-05-28,Asia Pacific,Office Supplies,Storage,Consumer,3,118.5,28.19,0.1,2024-05-01,0.2378902953586498
2023-07-26,North America,Technology,Machines,Consumer,2,837.45,-72.99,0.3,2023-07-01,-0.08715744223535732
2023-12-30,Latin America,Technology,Accessories,Home Office,1,604.65,-122.94,0.3,2023-12-01,-0.20332423716199455
2024-06-14,North America,Office Supplies,Storage,Consumer,3,45.88,15.61,0.0,2024-06-01,0.3402353966870096
2024-10-24,Europe,Office Supplies,Paper,Consumer,3,68.49,29.98,0.0,2024-10-01,0.4377281354942328
2024-07-05,Asia Pacific,Furniture,Bookcases,Consumer,5,669.73,130.82,0.0,2024-07-01,0.1953324474041778
2024-11-24,Latin America,Office Supplies,Paper,Home Office,3,177.94,27.61,0.15,2024-11-01,0.1551646622457008
2023-01-17,Asia Pacific,Furniture,Furnishings,Consumer,2,246.22,-43.8,0.3,2023-01-01,-0.17788969214523595
2024-12-21,Europe,Technology,Copiers,Consumer,2,1149.4,-676.81,0.5,2024-12-01,-0.5888376544283973
2023-01-21,North America,Furniture,Furnishings,Consumer,3,895.79,202.26,0.0,2023-01-01,0.22578952656314538
2024-08-11,Latin America,Technology,Accessories,Consumer,2,506.3,145.41,0.0,2024-08-01,0.28720126407268415
2024-07-02,Middle East & Africa,Technology,Copiers,Home Office,3,1817.36,100.73,0.15,2024-07-01,0.05542655280186645
2024-09-21,North America,Technology,Machines,Corporate,2,1136.0,436.23,0.0,2024-09-01,0.38400528169014086
2024-07-18,Europe,Office Supplies,Art,Corporate,2,85.98,35.31,0.0,2024-07-01,0.41067690160502446
2023-04-16,Middle East & Africa,Office Supplies,Paper,Consumer,4,198.11,76.27,0.0,2023-04-01,0.38498813790318503
2023-11-27,Europe,Technology,Accessories,Consumer,2,1747.56,21.07,0.15,2023-11-01,0.012056810638833574
2024-11-17,Europe,Technology,Phones,Consumer,4,2995.21,655.27,0.0,2024-11-01,0.21877264031570406
2024-08-26,North America,Furniture,Furnishings,Consumer,4,798.46,-251.98,0.3,2024-08-01,-0.31558249630538787
2024-06-27,Europe,Furniture,Tables,Corporate,2,385.03,-67.82,0.2,2024-06-01,-0.17614211879593797
2024-09-16,Asia Pacific,Technology,Accessories,Consumer,1,352.06,74.61,0.0,2024-09-01,0.21192410384593535
2023-05-06,Asia Pacific,Technology,Phones,Consumer,3,1742.44,545.26,0.0,2023-05-01,0.3129289961203829
2023-09-02,Europe,Technology,Accessories,Corporate,2,695.16,202.79,0.0,2023-09-01,0.29171701478796247
2024-05-31,Latin America,Technology,Copiers,Consumer,3,717.07,-48.16,0.15,2024-05-01,-0.06716220173762673
2023-10-31,North America,Furniture,Furnishings,Home Office,5,733.02,124.13,0.1,2023-10-01,0.169340536411012
2024-09-24,Asia Pacific,Office Supplies,Binders,Consumer,2,60.76,22.1,0.0,2024-09-01,0.36372613561553657
2023-07-06,Asia Pacific,Technology,Accessories,Home Office,2,778.8,211.53,0.0,2023-07-01,0.27161016949152544
2023-07-15,North America,Furniture,Chairs,Consumer,1,444.21,112.4,0.0,2023-07-01,0.25303347515814595
2023-02-28,Europe,Office Supplies,Storage,Corporate,2,89.63,20.45,0.1,2023-02-01,0.22816021421399085
2024-09-29,Latin America,Office Supplies,Art,Consumer,1,44.85,-1.62,0.3,2024-09-01,-0.036120401337792644
2023-08-06,Asia Pacific,Technology,Phones,Corporate,4,1497.48,194.06,0.1,2023-08-01,0.12959104629110238
2023-08-08,Latin America,Technology,Phones,Home Office,1,491.29,96.94,0.0,2023-08-01,0.19731726678743713
2024-01-21,Middle East & Africa,Office Supplies,Storage,Corporate,2,90.37,-26.53,0.4,2024-01-01,-0.2935708752904725
2023-05-09,North America,Technology,Phones,Corporate,3,1074.73,256.52,0.0,2023-05-01,0.23868320415360134
2023-10-26,North America,Technology,Copiers,Consumer,1,420.06,-22.0,0.2,2023-10-01,-0.052373470456601436
2023-04-04,Asia Pacific,Furniture,Tables,Corporate,1,364.53,68.0,0.0,2023-04-01,0.18654157408169425
2024-01-04,North America,Technology,Phones,Home Office,3,1307.32,-274.95,0.3,2024-01-01,-0.21031576048710338
2024-02-09,Latin America,Office Supplies,Storage,Consumer,3,98.13,28.15,0.1,2024-02-01,0.28686436359930706
2023-08-12,Latin America,Office Supplies,Paper,Consumer,3,228.58,26.64,0.2,2023-08-01,0.11654562953889229
2023-02-13,Latin America,Furniture,Tables,Consumer,3,686.01,-26.54,0.15,2023-02-01,-0.038687482689756705
2024-01-11,North America,Technology,Copiers,Corporate,4,1173.82,293.93,0.0,2024-01-01,0.25040466170281644
2024-10-17,Europe,Furniture,Bookcases,Home Office,1,243.63,47.34,0.0,2024-10-01,0.194311045437754
2024-08-03,Asia Pacific,Technology,Phones,Consumer,3,547.65,-246.81,0.4,2024-08-01,-0.4506710490276637
2023-08-30,Europe,Office Supplies,Paper,Home Office,3,151.78,-19.79,0.3,2023-08-01,-0.13038608512320463
2024-12-31,North America,Office Supplies,Storage,Consumer,3,216.44,62.17,0.0,2024-12-01,0.2872389576788025
2023-01-28,Asia Pacific,Technology,Copiers,Consumer,2,823.32,249.65,0.0,2023-01-01,0.30322353398435603
2023-01-14,North America,Furniture,Bookcases,Home Office,4,970.41,208.82,0.0,2023-01-01,0.21518739501860037
2023-07-30,Middle East & Africa,Office Supplies,Paper,Consumer,1,34.19,6.4,0.15,2023-07-01,0.18718923661889444
2023-09-03,Asia Pacific,Technology,Accessories,Corporate,3,984.16,-42.69,0.15,2023-09-01,-0.043377093155584454
2023-12-11,Latin America,Office Supplies,Paper,Consumer,5,501.49,169.91,0.0,2023-12-01,0.33881034517138925
2024-05-07,Europe,Technology,Copiers,Corporate,2,590.43,-26.77,0.2,2024-05-01,-0.04533983706789967
2023-11-19,Europe,Furniture,Furnishings,Consumer,5,1680.22,-49.74,0.1,2023-11-01,-0.0296032662389449
2023-08-13,North America,Technology,Accessories,Consumer,2,1147.48,286.13,0.0,2023-08-01,0.24935510858577056
2023-01-17,North America,Technology,Accessories,Consumer,4,1298.58,11.32,0.15,2023-01-01,0.008717214187805142
2024-04-26,Europe,Office Supplies,Paper,Consumer,3,70.34,8.17,0.15,2024-04-01,0.11615012794995734
2024-12-07,Asia Pacific,Office Supplies,Binders,Consumer,3,216.01,29.56,0.1,2024-12-01,0.13684551641127726
2024-03-29,Asia Pacific,Office Supplies,Binders,Corporate,1,25.97,-2.99,0.3,2024-03-01,-0.11513284559106662
2023-04-05,Asia Pacific,Office Supplies,Binders,Consumer,3,104.29,45.85,0.0,2023-04-01,0.43963946687122446
2023-06-21,Europe,Furniture,Bookcases,Corporate,5,1953.33,450.68,0.0,2023-06-01,0.23072394321492018
2023-01-09,North America,Office Supplies,Storage,Home Office,4,97.88,36.76,0.0,2023-01-01,0.37556191254597465
2024-04-08,North America,Office Supplies,Storage,Corporate,4,190.8,-42.66,0.4,2024-04-01,-0.22358490566037734
2023-06-07,North America,Furniture,Tables,Consumer,1,323.59,76.53,0.0,2023-06-01,0.23650298216879387
2024-11-06,Middle East & Africa,Furniture,Furnishings,Corporate,2,750.64,35.57,0.1,2024-11-01,0.04738623041671108
2023-03-03,Europe,Technology,Phones,Consumer,3,1333.17,-7.48,0.15,2023-03-01,-0.005610687309195376
2024-08-19,Asia Pacific,Furniture,Furnishings,Corporate,3,1286.54,284.95,0.0,2024-08-01,0.2214855348453993
2023-10-24,North America,Furniture,Furnishings,Home Office,3,1085.28,219.76,0.0,2023-10-01,0.20249152292495945
2023-03-18,Europe,Furniture,Furnishings,Consumer,3,930.27,193.29,0.0,2023-03-01,0.20777838691992648
2023-12-30,Europe,Office Supplies,Binders,Consumer,3,186.77,57.45,0.0,2023-12-01,0.30759757991112063
2024-03-25,North America,Technology,Accessories,Corporate,2,675.3,163.08,0.0,2024-03-01,0.24149266992447804
2023-03-08,North America,Technology,Accessories,Consumer,1,374.73,45.05,0.1,2023-03-01,0.12021989165532515
2024-10-01,Europe,Furniture,Furnishings,Consumer,5,1108.15,380.95,0.0,2024-10-01,0.3437711501150566
2024-12-02,North America,Office Supplies,Art,Consumer,3,185.8,65.25,0.0,2024-12-01,0.3511840688912809
2024-05-03,Asia Pacific,Office Supplies,Binders,Consumer,4,108.82,20.39,0.15,2024-05-01,0.1873736445506341
2024-01-15,Europe,Technology,Accessories,Home Office,3,1867.52,508.54,0.0,2024-01-01,0.2723076593557231
2023-04-27,North America,Office Supplies,Paper,Consumer,2,105.62,37.53,0.0,2023-04-01,0.3553304298428328
2023-03-21,Middle East & Africa,Office Supplies,Art,Consumer,1,26.85,3.8,0.15,2023-03-01,0.14152700186219738
2023-03-01,North America,Office Supplies,Storage,Corporate,1,25.45,6.13,0.1,2023-03-01,0.24086444007858546
2024-02-22,North America,Technology,Copiers,Consumer,1,344.14,68.95,0.0,2024-02-01,0.20035450688673215
2024-08-09,Latin America,Office Supplies,Art,Corporate,4,34.35,11.64,0.0,2024-08-01,0.3388646288209607
2023-08-30,Europe,Furniture,Chairs,Consumer,3,865.03,-98.8,0.2,2023-08-01,-0.11421569194131996
2024-07-28,Latin America,Technology,Phones,Home Office,4,1011.26,33.41,0.1,2024-07-01,0.033037992207740834
2024-03-08,North America,Technology,Copiers,Corporate,2,661.38,161.1,0.0,2024-03-01,0.24358160210469018
2024-07-08,Asia Pacific,Technology,Accessories,Home Office,4,2438.06,733.4,0.0,2024-07-01,0.3008129414370442
2023-01-12,Europe,Furniture,Chairs,Corporate,2,733.91,98.95,0.1,2023-01-01,0.13482579607853826
2024-11-16,Asia Pacific,Furniture,Chairs,Consumer,3,1309.15,-74.57,0.15,2024-11-01,-0.05696062330519802
2024-05-14,Asia Pacific,Technology,Copiers,Home Office,3,1007.86,290.07,0.0,2024-05-01,0.28780783045264224
2023-10-13,North America,Technology,Accessories,Home Office,3,646.97,172.72,0.0,2023-10-01,0.26696755645547704
2024-12-08,Asia Pacific,Furniture,Furnishings,Consumer,2,799.52,199.98,0.0,2024-12-01,0.250125075045027
2024-07-12,Latin America,Furniture,Bookcases,Corporate,3,685.29,-42.81,0.2,2024-07-01,-0.06246990325263758
2024-03-16,Europe,Technology,Phones,Home Office,2,707.32,206.8,0.0,2024-03-01,0.2923712039812249
2024-06-01,Asia Pacific,Technology,Phones,Consumer,4,2433.32,326.12,0.15,2024-06-01,0.13402265217891604
2023-05-26,North America,Furniture,Tables,Consumer,3,501.35,106.26,0.0,2023-05-01,0.2119477410990326
2023-05-09,Europe,Technology,Copiers,Consumer,2,1079.87,205.8,0.0,2023-05-01,0.19057849555965073
2024-09-13,Europe,Office Supplies,Paper,Consumer,2,72.84,14.29,0.1,2024-09-01,0.1961834157056562
2023-05-24,Asia Pacific,Office Supplies,Art,Corporate,3,88.93,31.19,0.0,2023-05-01,0.35072528955358145
2023-07-03,Middle East & Africa,Office Supplies,Storage,Consumer,6,299.78,128.25,0.0,2023-07-01,0.4278137300687171
2024-04-03,Middle East & Africa,Furniture,Furnishings,Consumer,1,308.3,82.56,0.0,2024-04-01,0.2677911125527084
2023-08-11,Asia Pacific,Technology,Phones,Corporate,4,2312.52,665.26,0.0,2023-08-01,0.2876775119782748
2023-06-18,Europe,Office Supplies,Paper,Home Office,1,10.81,1.71,0.15,2023-06-01,0.1581868640148011
2024-02-19,Asia Pacific,Office Supplies,Binders,Consumer,5,123.9,44.11,0.0,2024-02-01,0.35601291364003224
2024-11-17,North America,Technology,Accessories,Corporate,5,2714.96,-255.92,0.2,2024-11-01,-0.09426289890090461
2023-04-06,North America,Furniture,Tables,Home Office,2,492.21,53.15,0.1,2023-04-01,0.10798236525060442
2023-08-26,Latin America,Office Supplies,Storage,Corporate,3,71.64,27.71,0.0,2023-08-01,0.38679508654383027
2023-04-27,North America,Furniture,Furnishings,Consumer,2,557.16,-8.73,0.2,2023-04-01,-0.015668748653887576
2023-03-21,Asia Pacific,Technology,Copiers,Consumer,4,1706.51,561.5,0.0,2023-03-01,0.3290341105531172
2024-08-18,Europe,Technology,Phones,Consumer,4,1866.2,-443.34,0.3,2024-08-01,-0.23756296216911368
2023-06-08,Latin America,Office Supplies,Art,Consumer,3,154.48,73.25,0.0,2023-06-01,0.474171413775246
2024-03-20,Europe,Technology,Copiers,Corporate,2,426.62,79.16,0.0,2024-03-01,0.18555154470020158
2023-09-21,Middle East & Africa,Office Supplies,Paper,Home Office,4,92.06,-5.99,0.3,2023-09-01,-0.06506626113404301
2024-10-02,North America,Furniture,Tables,Consumer,1,375.23,51.59,0.0,2024-10-01,0.13748900674253126
2023-12-12,Europe,Technology,Machines,Consumer,1,335.36,-60.33,0.3,2023-12-01,-0.17989623091603052
2023-07-21,Middle East & Africa,Office Supplies,Art,Home Office,3,193.94,16.13,0.2,2023-07-01,0.08317005259358565
2023-12-26,Latin America,Furniture,Tables,Corporate,1,471.24,-37.27,0.15,2023-12-01,-0.07908921144215263
2024-04-19,Europe,Technology,Phones,Corporate,6,2192.67,-33.59,0.2,2024-04-01,-0.015319222682847853
2024-06-30,Europe,Office Supplies,Binders,Consumer,1,52.47,17.23,0.0,2024-06-01,0.328378120830951
2024-02-05,Latin America,Office Supplies,Paper,Consumer,2,63.96,29.34,0.0,2024-02-01,0.45872420262664165
2024-08-24,Europe,Office Supplies,Storage,Corporate,5,157.14,40.23,0.1,2024-08-01,0.25601374570446733
2023-07-06,Asia Pacific,Technology,Accessories,Consumer,4,2432.75,527.58,0.0,2023-07-01,0.21686568697975545
2023-01-09,Europe,Office Supplies,Paper,Consumer,5,210.07,25.25,0.1,2023-01-01,0.12019802922835246
2024-08-19,Asia Pacific,Technology,Copiers,Home Office,1,421.46,-163.51,0.4,2024-08-01,-0.3879608978313482
2023-09-17,North America,Office Supplies,Storage,Consumer,3,143.56,33.82,0.1,2023-09-01,0.23558094176650876
2023-10-28,Europe,Office Supplies,Storage,Consumer,2,57.03,-18.87,0.4,2023-10-01,-0.3308784850078906
2023-02-08,North America,Technology,Accessories,Consumer,1,458.98,92.39,0.0,2023-02-01,0.20129417403808444
2023-10-07,Europe,Technology,Machines,Consumer,1,613.01,148.1,0.0,2023-10-01,0.24159475375605619
2023-06-03,Europe,Technology,Machines,Corporate,1,544.2,96.02,0.0,2023-06-01,0.17644248438074236
2023-11-11,North America,Office Supplies,Binders,Consumer,1,53.77,20.21,0.0,2023-11-01,0.3758601450623024
2024-12-04,Europe,Office Supplies,Art,Corporate,2,130.6,51.73,0.0,2024-12-01,0.3960949464012251
2024-06-24,Asia Pacific,Technology,Copiers,Corporate,5,2085.32,-168.01,0.15,2024-06-01,-0.08056797038344234
2023-03-27,Europe,Office Supplies,Paper,Consumer,3,135.4,47.01,0.0,2023-03-01,0.34719350073855243
2024-06-24,North America,Technology,Machines,Consumer,1,341.83,-20.39,0.2,2024-06-01,-0.05964953339379224
2024-11-10,North America,Technology,Machines,Home Office,3,1712.75,453.95,0.0,2024-11-01,0.26504159976645747
2024-08-04,Middle East & Africa,Technology,Accessories,Corporate,2,86.05,29.06,0.0,2024-08-01,0.3377106333527019
2023-01-04,North America,Technology,Accessories,Home Office,2,652.36,149.14,0.0,2023-01-01,0.2286161015390275
2024-04-13,Asia Pacific,Technology,Copiers,Consumer,3,1563.32,72.32,0.15,2024-04-01,0.04626052247780365
2024-04-26,North America,Office Supplies,Art,Consumer,3,217.79,60.73,0.1,2024-04-01,0.27884659534413886
2024-11-25,Asia Pacific,Technology,Machines,Consumer,1,432.22,35.3,0.15,2024-11-01,0.08167137106103373
2023-05-23,Europe,Technology,Phones,Consumer,4,3347.91,747.39,0.0,2023-05-01,0.22324076812100685
2023-06-10,North America,Technology,Copiers,Consumer,3,1019.19,-98.63,0.2,2023-06-01,-0.09677292752087441
2024-06-14,Middle East & Africa,Office Supplies,Art,Corporate,3,180.55,76.9,0.0,2024-06-01,0.42592079756300194
2024-12-19,Middle East & Africa,Technology,Copiers,Consumer,4,158.74,49.68,0.0,2024-12-01,0.3129645961950359
2023-02-21,Europe,Furniture,Bookcases,Consumer,2,312.01,64.41,0.0,2023-02-01,0.20643569116374474
2024-01-24,North America,Technology,Machines,Corporate,2,603.17,109.43,0.0,2024-01-01,0.18142480561035862
2024-09-08,North America,Office Supplies,Storage,Home Office,2,41.1,11.25,0.1,2024-09-01,0.2737226277372263
2024-05-05,North America,Office Supplies,Storage,Consumer,1,42.22,16.93,0.0,2024-05-01,0.40099478919943154
2023-04-04,Asia Pacific,Office Supplies,Binders,Consumer,3,152.59,31.26,0.1,2023-04-01,0.2048627039779802
2024-12-01,North America,Office Supplies,Binders,Corporate,3,167.18,40.11,0.1,2024-12-01,0.23992104318698407
2023-04-29,Europe,Office Supplies,Art,Corporate,3,96.61,39.58,0.0,2023-04-01,0.4096884380498913
2023-09-15,Asia Pacific,Office Supplies,Binders,Consumer,3,77.11,27.81,0.0,2023-09-01,0.36065361172351185
2023-11-10,Europe,Technology,Accessories,Corporate,4,809.19,124.74,0.1,2023-11-01,0.15415415415415415
2024-07-29,North America,Office Supplies,Binders,Corporate,3,136.43,44.46,0.0,2024-07-01,0.3258814043832002
2023-10-26,Asia Pacific,Technology,Copiers,Home Office,5,1395.7,-581.59,0.4,2023-10-01,-0.4167012968402952
2024-09-20,Middle East & Africa,Furniture,Chairs,Consumer,3,519.72,143.77,0.0,2024-09-01,0.27662972369737554
2023-12-09,Europe,Office Supplies,Art,Home Office,2,211.73,79.8,0.0,2023-12-01,0.3768951022528692
2023-10-30,Europe,Furniture,Furnishings,Corporate,2,663.08,-91.95,0.2,2023-10-01,-0.13867105025034687
2024-11-29,Asia Pacific,Technology,Accessories,Corporate,4,1757.52,61.42,0.1,2024-11-01,0.034946970731485276
2024-06-06,Asia Pacific,Office Supplies,Binders,Consumer,5,363.51,-114.14,0.4,2024-06-01,-0.3139941129542516
2024-07-22,Europe,Technology,Accessories,Corporate,5,1748.62,372.23,0.0,2024-07-01,0.21287072091134726
2023-10-24,Asia Pacific,Technology,Phones,Consumer,2,960.01,-125.38,0.2,2023-10-01,-0.13060280622076853
2024-06-06,Asia Pacific,Office Supplies,Binders,Corporate,2,73.7,11.09,0.15,2024-06-01,0.15047489823609225
2024-02-09,Asia Pacific,Technology,Phones,Corporate,1,186.18,52.43,0.0,2024-02-01,0.28160919540229884
2024-05-11,North America,Office Supplies,Storage,Home Office,3,150.79,19.87,0.15,2024-05-01,0.13177266396975928
2023-02-18,North America,Furniture,Chairs,Corporate,4,813.35,169.48,0.0,2023-02-01,0.2083727792463269
2023-05-17,Middle East & Africa,Furniture,Chairs,Consumer,2,610.21,106.02,0.0,2023-05-01,0.17374346536438273
2024-12-22,North America,Furniture,Chairs,Consumer,1,425.36,21.61,0.15,2024-12-01,0.05080402482602971
2024-12-21,Middle East & Africa,Office Supplies,Storage,Home Office,2,69.94,26.32,0.0,2024-12-01,0.37632256219616816
2023-03-02,Middle East & Africa,Technology,Accessories,Consumer,4,1402.68,21.9,0.1,2023-03-01,0.015612969458465221
2023-04-19,North America,Furniture,Chairs,Home Office,1,367.96,21.27,0.1,2023-04-01,0.05780519621698011
2023-06-08,Asia Pacific,Office Supplies,Binders,Corporate,3,54.26,17.58,0.0,2023-06-01,0.3239955768521931
2023-06-24,North America,Technology,Machines,Consumer,3,1204.02,336.24,0.0,2023-06-01,0.27926446404544775
2024-11-03,Middle East & Africa,Office Supplies,Binders,Consumer,2,97.76,21.87,0.1,2024-11-01,0.22371112929623568
2023-01-28,Latin America,Office Supplies,Binders,Corporate,3,97.69,40.23,0.0,2023-01-01,0.4118128774695465
2024-09-01,Latin America,Furniture,Tables,Corporate,2,826.99,-318.12,0.4,2024-09-01,-0.3846721242094826
2023-12-25,Asia Pacific,Office Supplies,Storage,Corporate,1,61.14,25.89,0.0,2023-12-01,0.4234543670264966
2023-06-25,Asia Pacific,Furniture,Chairs,Consumer,3,494.84,24.44,0.1,2023-06-01,0.04938970172176866
2023-12-20,Asia Pacific,Furniture,Bookcases,Consumer,3,966.89,134.87,0.1,2023-12-01,0.13948846301027004
2024-05-07,North America,Office Supplies,Art,Consumer,2,69.44,11.07,0.15,2024-05-01,0.15941820276497698
2023-03-07,North America,Technology,Accessories,Consumer,2,209.73,62.49,0.0,2023-03-01,0.2979545129452153
2024-01-12,Latin America,Technology,Copiers,Consumer,2,690.72,209.89,0.0,2024-01-01,0.3038713226777855
2023-11-30,Middle East & Africa,Office Supplies,Binders,Consumer,3,221.84,34.09,0.15,2023-11-01,0.15366931121529032
2023-05-12,North America,Technology,Accessories,Consumer,1,424.81,35.93,0.1,2023-05-01,0.08457898825357218
2024-03-04,Europe,Technology,Copiers,Corporate,3,2164.87,484.51,0.0,2024-03-01,0.22380558647863383
2023-04-13,North America,Office Supplies,Binders,Corporate,2,92.41,-32.38,0.4,2023-04-01,-0.35039497889838767
2024-06-30,Asia Pacific,Furniture,Furnishings,Consumer,1,305.37,-53.72,0.2,2024-06-01,-0.17591773913612993
2024-05-18,Europe,Office Supplies,Binders,Consumer,4,181.71,22.48,0.15,2024-05-01,0.12371360959771063
2024-10-05,North America,Technology,Copiers,Consumer,1,378.84,73.91,0.0,2024-10-01,0.19509555485165242
2023-02-04,Latin America,Furniture,Furnishings,Corporate,1,134.76,24.37,0.0,2023-02-01,0.18084001187295937
2024-06-01,Europe,Office Supplies,Art,Corporate,2,43.86,13.86,0.0,2024-06-01,0.31600547195622436
2023-07-15,Middle East & Africa,Technology,Copiers,Home Office,2,567.77,-111.84,0.3,2023-07-01,-0.19698117195343187
2023-02-23,North America,Office Supplies,Paper,Corporate,4,110.11,22.3,0.1,2023-02-01,0.20252474797929343
2024-11-14,North America,Furniture,Furnishings,Consumer,5,902.96,190.25,0.0,2024-11-01,0.21069593337467882
2023-02-12,North America,Technology,Machines,Consumer,1,329.99,74.71,0.0,2023-02-01,0.22640080002424312
2023-02-20,North America,Furniture,Chairs,Consumer,4,744.02,162.1,0.0,2023-02-01,0.2178704873524905
2023-11-06,Middle East & Africa,Technology,Copiers,Corporate,1,603.72,-14.22,0.2,2023-11-01,-0.02355396541443053
2024-05-10,Europe,Office Supplies,Binders,Consumer,4,142.79,27.64,0.15,2024-05-01,0.19357097835982914
2023-01-22,Europe,Office Supplies,Paper,Corporate,5,196.29,40.39,0.1,2023-01-01,0.20576697743135158
2024-05-28,Europe,Technology,Machines,Consumer,1,595.79,141.34,0.0,2024-05-01,0.2372312391950184
2023-09-03,Asia Pacific,Office Supplies,Storage,Consumer,2,61.98,5.15,0.2,2023-09-01,0.0830913197805744
2023-06-27,Latin America,Technology,Accessories,Consumer,2,894.06,242.86,0.0,2023-06-01,0.27163725029640073
2024-10-18,Europe,Technology,Accessories,Corporate,2,1134.7,-213.12,0.3,2024-10-01,-0.18782056931347493
2023-01-16,North America,Office Supplies,Storage,Corporate,3,91.32,17.28,0.15,2023-01-01,0.1892247043363995
2024-09-28,Asia Pacific,Technology,Machines,Corporate,3,1596.09,377.82,0.0,2024-09-01,0.23671597466308292
2024-08-21,Latin America,Furniture,Bookcases,Corporate,2,40.59,2.07,0.1,2024-08-01,0.05099778270509977
2023-11-18,Europe,Furniture,Chairs,Home Office,1,208.86,43.37,0.0,2023-11-01,0.20765105812505982
2024-02-04,Asia Pacific,Furniture,Chairs,Consumer,4,1013.08,300.96,0.0,2024-02-01,0.29707426856714175
2023-05-10,Asia Pacific,Furniture,Bookcases,Home Office,4,473.34,106.53,0.0,2023-05-01,0.22506021041957158
2024-07-30,Europe,Office Supplies,Paper,Consumer,2,66.25,25.08,0.0,2024-07-01,0.378566037735849
2024-03-11,Latin America,Technology,Machines,Home Office,2,305.82,89.56,0.0,2024-03-01,0.2928520044470604
2024-09-11,Europe,Office Supplies,Art,Corporate,4,196.43,37.17,0.15,2024-09-01,0.18922771470752942
2023-01-19,North America,Furniture,Furnishings,Consumer,4,1526.26,240.04,0.1,2023-01-01,0.15727333481844508
2024-10-26,Asia Pacific,Furniture,Chairs,Corporate,2,537.01,130.81,0.0,2024-10-01,0.2435895048509339
2024-07-03,Asia Pacific,Office Supplies,Paper,Consumer,4,284.64,63.83,0.15,2024-07-01,0.22424817313097245
2023-09-13,Europe,Furniture,Bookcases,Consumer,1,204.92,50.5,0.0,2023-09-01,0.2464376341987117
2024-02-25,Latin America,Furniture,Chairs,Home Office,2,471.62,-36.09,0.15,2024-02-01,-0.07652347228701073
2023-09-17,Latin America,Technology,Machines,Consumer,5,2976.79,810.77,0.0,2023-09-01,0.27236385502504373
2023-11-11,North America,Technology,Machines,Corporate,2,1364.95,-215.68,0.3,2023-11-01,-0.1580131140334811
2024-07-04,North America,Technology,Accessories,Corporate,2,887.88,-10.96,0.2,2024-07-01,-0.012344010451862866
2023-08-29,North America,Furniture,Furnishings,Corporate,2,984.63,-46.99,0.15,2023-08-01,-0.047723510354143184
2024-12-31,North America,Technology,Copiers,Consumer,2,1067.02,338.49,0.0,2024-12-01,0.3172292927967611
2023-12-02,Asia Pacific,Office Supplies,Paper,Consumer,2,161.72,44.01,0.1,2023-12-01,0.27213702696017805
2024-06-08,North America,Technology,Phones,Corporate,2,1099.22,204.39,0.1,2024-06-01,0.1859409399392296
2024-08-06,Europe,Furniture,Bookcases,Home Office,3,818.58,171.62,0.0,2024-08-01,0.2096557453150578
2023-10-05,Latin America,Furniture,Bookcases,Corporate,1,230.96,60.5,0.0,2023-10-01,0.26195012123311395
2024-04-21,Asia Pacific,Office Supplies,Binders,Consumer,5,142.47,59.91,0.0,2024-04-01,0.42050958096441354
2024-03-28,Asia Pacific,Furniture,Tables,Consumer,1,454.4,101.94,0.0,2024-03-01,0.22433978873239438
2023-03-24,North America,Furniture,Furnishings,Consumer,7,1424.91,154.53,0.1,2023-03-01,0.10844895467082132
2024-05-04,Middle East & Africa,Office Supplies,Binders,Corporate,1,51.05,1.01,0.2,2024-05-01,0.019784524975514202
2024-08-01,North America,Furniture,Chairs,Home Office,4,1152.11,-385.99,0.4,2024-08-01,-0.3350287732942167
2024-01-07,Europe,Office Supplies,Art,Consumer,4,20.0,8.7,0.0,2024-01-01,0.43499999999999994
2024-12-03,North America,Furniture,Tables,Consumer,3,362.32,14.18,0.15,2024-12-01,0.03913667476264076
2023-12-10,North America,Furniture,Chairs,Consumer,1,441.48,56.73,0.0,2023-12-01,0.128499592280511
2023-02-27,North America,Furniture,Bookcases,Home Office,5,1050.14,-94.66,0.2,2023-02-01,-0.09014036223741595
2024-01-23,North America,Office Supplies,Storage,Consumer,1,14.98,5.55,0.0,2024-01-01,0.3704939919893191
2023-05-10,Latin America,Office Supplies,Binders,Corporate,2,42.45,12.14,0.0,2023-05-01,0.2859835100117786
2023-09-12,Asia Pacific,Office Supplies,Art,Corporate,3,49.74,3.23,0.15,2023-09-01,0.06493767591475673
2024-05-21,Asia Pacific,Office Supplies,Paper,Home Office,3,119.5,39.0,0.0,2024-05-01,0.3263598326359833
2024-08-17,Latin America,Furniture,Tables,Consumer,2,974.15,-415.24,0.4,2024-08-01,-0.42625878971410974
2023-03-10,Latin America,Furniture,Tables,Corporate,2,438.53,-214.9,0.4,2023-03-01,-0.49004629101771835
2023-08-06,Europe,Technology,Phones,Consumer,2,677.33,31.83,0.15,2023-08-01,0.04699334150266487
2024-02-17,Asia Pacific,Technology,Phones,Corporate,1,291.19,-115.25,0.4,2024-02-01,-0.39578969058003366
2024-01-11,Asia Pacific,Technology,Copiers,Consumer,1,440.7,119.3,0.0,2024-01-01,0.27070569548445655
2024-01-31,Latin America,Technology,Accessories,Consumer,3,1186.83,384.36,0.0,2024-01-01,0.32385430095295875
2024-07-11,Middle East & Africa,Technology,Copiers,Corporate,4,1303.26,-612.06,0.4,2024-07-01,-0.4696376778233046
2023-07-27,Europe,Office Supplies,Paper,Consumer,6,285.68,105.39,0.0,2023-07-01,0.3689092691122935
2023-04-06,Europe,Office Supplies,Storage,Consumer,1,29.51,11.63,0.0,2023-04-01,0.39410369366316506
2023-06-19,North America,Technology,Machines,Consumer,2,823.92,191.59,0.0,2023-06-01,0.23253471210797166
2024-04-11,Europe,Furniture,Furnishings,Corporate,2,246.53,69.44,0.0,2024-04-01,0.2816695736827161
2024-05-15,North America,Office Supplies,Paper,Home Office,3,138.62,45.9,0.0,2024-05-01,0.3311210503534843
2023-01-12,Latin America,Furniture,Tables,Consumer,5,2120.93,526.98,0.0,2023-01-01,0.24846647461255206
2023-11-01,Asia Pacific,Furniture,Tables,Corporate,3,1136.26,286.61,0.0,2023-11-01,0.25223980427014947
2024-09-03,Latin America,Technology,Copiers,Consumer,2,925.62,-270.98,0.3,2024-09-01,-0.29275512629372746
2023-06-26,Asia Pacific,Furniture,Chairs,Corporate,3,773.22,-92.15,0.2,2023-06-01,-0.11917694834587828
2024-09-17,North America,Furniture,Chairs,Consumer,4,1357.61,416.35,0.0,2024-09-01,0.3066786485073033
2023-03-24,North America,Office Supplies,Art,Consumer,3,108.43,47.03,0.0,2023-03-01,0.43373605090842016
2024-12-29,Latin America,Office Supplies,Storage,Corporate,2,154.55,30.01,0.15,2024-12-01,0.1941766418634746
2023-01-29,North America,Office Supplies,Storage,Consumer,2,61.21,20.08,0.0,2023-01-01,0.3280509720633883
2023-05-12,Asia Pacific,Technology,Accessories,Consumer,4,1946.22,-87.3,0.2,2023-05-01,-0.044856182754262106
2024-03-25,Asia Pacific,Technology,Accessories,Corporate,2,945.23,322.33,0.0,2024-03-01,0.3410069506892502
2023-12-06,Asia Pacific,Office Supplies,Storage,Consumer,3,228.76,83.66,0.0,2023-12-01,0.3657107885994055
2024-12-29,North America,Furniture,Tables,Consumer,1,460.15,96.79,0.0,2024-12-01,0.21034445289579487
2024-08-13,Middle East & Africa,Technology,Phones,Home Office,3,1466.97,14.82,0.15,2024-08-01,0.010102456082946482
2023-03-14,Europe,Office Supplies,Art,Home Office,4,129.8,39.0,0.0,2023-03-01,0.30046224961479195
2024-09-03,Europe,Office Supplies,Paper,Consumer,3,203.01,11.98,0.15,2024-09-01,0.05901187133638738
2024-09-08,Europe,Furniture,Bookcases,Consumer,4,1538.88,503.31,0.0,2024-09-01,0.32706253898939486
2024-04-11,Latin America,Office Supplies,Storage,Home Office,1,45.15,-4.95,0.3,2024-04-01,-0.10963455149501662
2023-07-28,North America,Office Supplies,Paper,Corporate,1,24.79,9.91,0.0,2023-07-01,0.39975796692214605
2023-12-07,Europe,Office Supplies,Storage,Home Office,3,117.54,21.42,0.1,2023-12-01,0.18223583460949463
2023-11-18,Europe,Furniture,Bookcases,Corporate,3,1224.09,200.61,0.0,2023-11-01,0.16388500845526066
2024-01-28,Asia Pacific,Technology,Copiers,Consumer,3,520.92,182.12,0.0,2024-01-01,0.34961222452583895
2024-07-12,North America,Office Supplies,Storage,Consumer,2,33.89,10.71,0.0,2024-07-01,0.3160224254942461
2023-05-18,Europe,Technology,Copiers,Corporate,3,1493.49,-101.16,0.3,2023-05-01,-0.06773396540987887
2024-05-02,North America,Technology,Copiers,Corporate,1,394.03,-146.54,0.4,2024-05-01,-0.37190061670431185
2024-12-10,Europe,Office Supplies,Art,Consumer,1,54.95,18.49,0.0,2024-12-01,0.33648771610555045
2024-09-21,Europe,Technology,Accessories,Consumer,3,720.42,51.46,0.15,2024-09-01,0.07143055439882291
2024-01-25,North America,Technology,Accessories,Consumer,1,301.32,96.92,0.0,2024-01-01,0.3216514005044471
2023-02-12,North America,Furniture,Furnishings,Consumer,1,71.01,-4.99,0.15,2023-02-01,-0.07027179270525277
2023-09-29,Europe,Furniture,Tables,Corporate,4,1036.2,-98.04,0.2,2023-09-01,-0.09461493920092647
2023-02-18,Asia Pacific,Office Supplies,Paper,Consumer,3,70.77,-4.39,0.3,2023-02-01,-0.06203193443549527
2023-11-01,Asia Pacific,Office Supplies,Storage,Consumer,3,162.01,2.4,0.2,2023-11-01,0.014813900376519968
2024-11-17,Europe,Office Supplies,Binders,Consumer,1,48.43,18.5,0.0,2024-11-01,0.38199463142680157
2024-07-07,North America,Office Supplies,Binders,Consumer,1,60.65,22.42,0.0,2024-07-01,0.3696619950535862
2023-09-08,North America,Furniture,Bookcases,Consumer,2,687.26,110.53,0.0,2023-09-01,0.16082705235282135
2024-03-19,Europe,Office Supplies,Art,Consumer,2,69.2,24.87,0.0,2024-03-01,0.359393063583815
2024-01-21,North America,Technology,Copiers,Home Office,4,1207.2,259.83,0.0,2024-01-01,0.21523359840954273
2023-08-10,Europe,Furniture,Bookcases,Home Office,5,899.08,271.56,0.0,2023-08-01,0.3020420874671887
2024-05-18,Latin America,Furniture,Furnishings,Consumer,2,563.49,110.41,0.0,2024-05-01,0.19593959076469858
2024-07-12,Middle East & Africa,Technology,Accessories,Consumer,5,2032.61,-127.11,0.2,2024-07-01,-0.06253536093987534
2024-11-21,Europe,Office Supplies,Binders,Consumer,1,61.44,3.93,0.2,2024-11-01,0.06396484375
2024-10-18,Europe,Office Supplies,Binders,Consumer,3,170.7,71.25,0.0,2024-10-01,0.41739894551845347
2024-09-09,North America,Office Supplies,Storage,Consumer,4,28.13,6.08,0.1,2024-09-01,0.21613935300391043
2024-05-23,Middle East & Africa,Office Supplies,Paper,Home Office,5,264.61,42.08,0.15,2024-05-01,0.15902649181814746
2024-03-14,Europe,Furniture,Furnishings,Consumer,1,292.86,-26.78,0.15,2024-03-01,-0.09144301031209452
2024-10-30,North America,Technology,Phones,Corporate,2,928.34,221.27,0.0,2024-10-01,0.23835017342783893
2023-12-07,North America,Office Supplies,Binders,Corporate,5,210.18,26.92,0.15,2023-12-01,0.12808069273955658
2024-06-18,Latin America,Office Supplies,Paper,Home Office,2,126.03,35.82,0.1,2024-06-01,0.2842180433230183
2024-11-19,Europe,Technology,Phones,Consumer,4,2906.04,83.58,0.15,2024-11-01,0.028760787876285256
2023-10-22,Middle East & Africa,Office Supplies,Art,Consumer,2,95.59,-0.75,0.2,2023-10-01,-0.007846008996756982
2023-02-14,Europe,Office Supplies,Paper,Home Office,2,33.18,12.34,0.0,2023-02-01,0.3719107896323086
2024-02-28,Europe,Furniture,Furnishings,Corporate,1,290.43,27.15,0.1,2024-02-01,0.09348207829769652
2024-06-07,Asia Pacific,Office Supplies,Binders,Consumer,4,231.86,-8.06,0.3,2024-06-01,-0.03476235659449668
2024-01-11,Europe,Office Supplies,Storage,Corporate,3,109.27,42.29,0.0,2024-01-01,0.3870229706232269
2024-06-23,Asia Pacific,Office Supplies,Binders,Consumer,1,55.76,12.25,0.15,2024-06-01,0.21969153515064563
2023-04-05,North America,Office Supplies,Art,Consumer,2,129.58,44.11,0.0,2023-04-01,0.3404074702886247
2023-02-18,North America,Office Supplies,Paper,Consumer,2,13.13,2.51,0.15,2023-02-01,0.19116527037319114
2024-05-02,Europe,Technology,Phones,Home Office,3,653.31,171.28,0.0,2024-05-01,0.26217262861428725
2023-03-25,Asia Pacific,Office Supplies,Binders,Consumer,1,20.34,5.07,0.15,2023-03-01,0.24926253687315636
2024-05-26,Latin America,Office Supplies,Paper,Consumer,1,18.06,8.63,0.0,2024-05-01,0.4778516057585826
2024-03-27,North America,Office Supplies,Storage,Home Office,3,126.8,53.96,0.0,2024-03-01,0.4255520504731861
2023-03-02,Europe,Office Supplies,Art,Corporate,2,87.29,-22.4,0.4,2023-03-01,-0.25661587810745784
2023-05-19,Europe,Technology,Machines,Consumer,1,325.89,106.07,0.0,2023-05-01,0.32547792199822023
2024-01-19,Europe,Office Supplies,Binders,Corporate,3,150.64,56.25,0.0,2024-01-01,0.37340679766330326
2023-09-07,Middle East & Africa,Technology,Accessories,Consumer,5,2296.96,469.77,0.0,2023-09-01,0.2045181457230426
2024-04-22,North America,Technology,Phones,Consumer,3,1366.88,208.11,0.1,2024-04-01,0.15225184361465527
2023-01-01,North America,Office Supplies,Art,Consumer,1,27.85,0.34,0.2,2023-01-01,0.012208258527827648
2024-02-15,Latin America,Technology,Accessories,Consumer,1,225.28,56.27,0.0,2024-02-01,0.24977805397727273
2024-03-29,Europe,Office Supplies,Binders,Home Office,1,43.78,16.11,0.0,2024-03-01,0.36797624486066693
2023-09-06,North America,Office Supplies,Storage,Home Office,5,226.91,43.57,0.15,2023-09-01,0.1920144550702922
2024-09-21,Europe,Furniture,Tables,Corporate,3,707.7,-3.74,0.15,2024-09-01,-0.005284725166030804
2023-10-10,North America,Office Supplies,Storage,Consumer,2,39.74,-17.76,0.5,2023-10-01,-0.44690488173125315
2023-02-25,Asia Pacific,Technology,Accessories,Corporate,1,190.52,-101.8,0.5,2023-02-01,-0.5343271047659038
2023-12-16,Europe,Office Supplies,Paper,Corporate,3,100.42,8.98,0.2,2023-12-01,0.08942441744672376
2024-01-10,Asia Pacific,Office Supplies,Art,Consumer,1,47.02,16.36,0.0,2024-01-01,0.3479370480646533
2023-06-26,Asia Pacific,Furniture,Tables,Corporate,4,1588.5,306.09,0.0,2023-06-01,0.1926912181303116
2023-08-27,North America,Technology,Copiers,Consumer,1,389.29,78.21,0.0,2023-08-01,0.2009042102288782
2024-01-10,Latin America,Technology,Machines,Consumer,1,434.34,31.54,0.1,2024-01-01,0.0726159230096238
2023-02-25,Latin America,Office Supplies,Paper,Corporate,2,103.62,23.49,0.1,2023-02-01,0.22669368847712795
2024-12-26,Middle East & Africa,Technology,Phones,Corporate,2,946.55,257.68,0.0,2024-12-01,0.27223073266071524
2023-07-23,Europe,Technology,Copiers,Consumer,1,568.72,118.26,0.0,2023-07-01,0.20794063862709242
2023-10-17,North America,Office Supplies,Art,Corporate,3,129.6,26.4,0.1,2023-10-01,0.2037037037037037
2023-09-09,North America,Technology,Machines,Consumer,1,297.37,-4.7,0.15,2023-09-01,-0.015805225812960285
2024-04-03,Asia Pacific,Technology,Phones,Consumer,5,1122.57,351.19,0.0,2024-04-01,0.31284463329681
2024-03-03,North America,Office Supplies,Paper,Corporate,2,115.73,43.07,0.0,2024-03-01,0.37215933638641663
2023-12-03,North America,Technology,Phones,Consumer,5,3933.74,-87.12,0.15,2023-12-01,-0.02214686278198356
2024-11-21,Asia Pacific,Office Supplies,Storage,Consumer,3,241.05,-32.25,0.3,2024-11-01,-0.13378967019290602
2023-10-12,Latin America,Office Supplies,Binders,Consumer,3,162.13,24.49,0.15,2023-10-01,0.15105162523900573
2023-06-11,Asia Pacific,Technology,Machines,Corporate,5,2347.29,17.27,0.15,2023-06-01,0.007357420685130512
2023-08-30,Europe,Office Supplies,Binders,Consumer,4,84.85,-15.5,0.4,2023-08-01,-0.18267530936947557
2024-10-19,Latin America,Office Supplies,Binders,Home Office,4,77.9,33.36,0.0,2024-10-01,0.42824133504492934
2023-03-30,North America,Technology,Copiers,Corporate,4,1773.46,440.52,0.0,2023-03-01,0.2483957912780666
2024-07-08,Europe,Furniture,Furnishings,Consumer,5,1782.98,414.38,0.0,2024-07-01,0.23240866414654118
2024-07-24,North America,Technology,Copiers,Consumer,5,2323.23,611.48,0.0,2024-07-01,0.2632025240720893
2023-09-26,North America,Furniture,Tables,Corporate,2,616.37,-143.78,0.3,2023-09-01,-0.2332689780488992
2023-10-22,Asia Pacific,Office Supplies,Storage,Home Office,1,52.58,10.03,0.1,2023-10-01,0.1907569418029669
2023-03-16,Europe,Office Supplies,Binders,Corporate,4,121.59,38.44,0.0,2023-03-01,0.31614441977136276
2024-03-31,Latin America,Office Supplies,Art,Consumer,3,158.05,31.82,0.1,2024-03-01,0.20132869345143942
2024-10-19,Latin America,Office Supplies,Binders,Consumer,4,123.95,-21.42,0.3,2024-10-01,-0.172811617587737
2024-01-25,Middle East & Africa,Technology,Machines,Home Office,2,951.06,245.96,0.0,2024-01-01,0.258616701364793
2024-12-23,Europe,Technology,Copiers,Home Office,5,2108.41,103.53,0.1,2024-12-01,0.04910335276345683
2023-09-23,North America,Furniture,Furnishings,Home Office,1,297.94,68.23,0.0,2023-09-01,0.22900584010203398
2024-02-19,Asia Pacific,Office Supplies,Art,Corporate,3,116.46,38.85,0.0,2024-02-01,0.333590932509016
2023-11-11,Europe,Furniture,Tables,Corporate,1,259.56,59.56,0.0,2023-11-01,0.22946524888272463
2024-06-09,Asia Pacific,Furniture,Chairs,Consumer,1,258.38,38.72,0.1,2024-06-01,0.14985680006192428
2024-03-13,North America,Technology,Accessories,Home Office,1,344.76,38.83,0.1,2024-03-01,0.11262907529875855
2023-05-14,North America,Technology,Copiers,Home Office,1,175.22,-13.47,0.2,2023-05-01,-0.07687478598333523
2024-07-24,Latin America,Office Supplies,Paper,Home Office,2,102.45,-31.53,0.4,2024-07-01,-0.3077598828696925
2024-05-12,Europe,Furniture,Bookcases,Corporate,1,280.57,-112.94,0.4,2024-05-01,-0.4025376911287736
2024-02-09,Asia Pacific,Furniture,Chairs,Home Office,4,1249.21,285.07,0.0,2024-02-01,0.22820022254064568
2024-04-08,Europe,Technology,Copiers,Home Office,2,432.22,74.15,0.1,2024-04-01,0.17155615195965018
2023-12-15,Europe,Technology,Copiers,Consumer,5,2328.68,-423.49,0.3,2023-12-01,-0.1818583918786609
2023-04-06,North America,Furniture,Tables,Consumer,1,216.62,36.45,0.0,2023-04-01,0.16826701135629213
2023-04-27,North America,Technology,Phones,Consumer,2,633.97,156.63,0.0,2023-04-01,0.24706216382478666
2023-09-24,Europe,Technology,Phones,Consumer,2,678.36,-185.86,0.4,2023-09-01,-0.27398431511291943
2023-03-30,Europe,Technology,Copiers,Consumer,2,823.75,213.74,0.0,2023-03-01,0.2594719271623672
2023-05-24,Asia Pacific,Furniture,Bookcases,Corporate,1,358.98,-15.76,0.15,2023-05-01,-0.04390216725165747
2024-01-09,Asia Pacific,Office Supplies,Art,Consumer,2,63.8,5.18,0.2,2024-01-01,0.08119122257053292
2024-05-24,North America,Office Supplies,Storage,Home Office,1,29.47,4.3,0.1,2024-05-01,0.14591109602986088
2023-06-07,Latin America,Office Supplies,Binders,Consumer,6,253.32,39.26,0.1,2023-06-01,0.15498184114953417
2024-07-02,Asia Pacific,Office Supplies,Paper,Consumer,1,48.3,7.1,0.15,2024-07-01,0.14699792960662525
2023-03-03,Asia Pacific,Furniture,Bookcases,Home Office,4,20.0,2.53,0.0,2023-03-01,0.1265
2024-12-09,North America,Office Supplies,Art,Consumer,1,48.42,-1.01,0.3,2024-12-01,-0.020859149111937217
2024-01-13,Europe,Furniture,Furnishings,Consumer,4,678.62,141.32,0.0,2024-01-01,0.2082461465916124
2023-11-03,North America,Furniture,Bookcases,Consumer,2,698.8,231.24,0.0,2023-11-01,0.33091013165426447
2024-06-25,North America,Furniture,Furnishings,Home Office,3,601.47,159.03,0.0,2024-06-01,0.26440221457429297
2023-05-14,North America,Technology,Accessories,Home Office,4,1488.63,-476.97,0.3,2023-05-01,-0.32040869793031174
2023-11-04,North America,Technology,Copiers,Corporate,4,1252.23,201.66,0.1,2023-11-01,0.16104070338516085
2024-08-30,Middle East & Africa,Office Supplies,Storage,Consumer,2,50.81,4.65,0.2,2024-08-01,0.09151741783113561
2023-08-23,Middle East & Africa,Office Supplies,Paper,Consumer,5,227.99,77.72,0.0,2023-08-01,0.34089214439229787
2023-08-15,Asia Pacific,Office Supplies,Storage,Consumer,2,93.77,26.52,0.0,2023-08-01,0.28281966513810386
2023-06-09,Asia Pacific,Furniture,Chairs,Consumer,4,1099.23,-40.53,0.1,2023-06-01,-0.03687126443055593
2024-12-11,Asia Pacific,Technology,Phones,Consumer,4,1709.46,448.33,0.0,2024-12-01,0.2622641067939583
2024-11-29,Europe,Technology,Machines,Consumer,2,575.93,195.41,0.0,2024-11-01,0.3392947059538486
2023-09-04,North America,Technology,Phones,Corporate,5,1331.71,-650.53,0.5,2023-09-01,-0.4884922393013494
2024-12-14,Asia Pacific,Office Supplies,Art,Consumer,3,47.55,19.55,0.0,2024-12-01,0.4111461619348055
2024-09-17,Europe,Office Supplies,Binders,Home Office,1,65.73,24.97,0.0,2024-09-01,0.37988741822607636
2024-11-02,Europe,Technology,Accessories,Consumer,1,640.46,183.42,0.0,2024-11-01,0.2863879086906286
2024-09-28,Europe,Office Supplies,Paper,Corporate,3,93.45,38.65,0.0,2024-09-01,0.41359015516318887
2023-09-20,Asia Pacific,Technology,Phones,Consumer,1,421.7,130.3,0.0,2023-09-01,0.3089874318235713
2023-02-05,North America,Office Supplies,Binders,Consumer,3,92.37,40.51,0.0,2023-02-01,0.4385623037782829
2023-07-03,Europe,Furniture,Bookcases,Home Office,4,882.6,-253.11,0.3,2023-07-01,-0.28677770224337185
2023-04-05,Latin America,Office Supplies,Binders,Consumer,4,297.24,39.13,0.2,2023-04-01,0.13164446238729646
2024-05-25,Asia Pacific,Office Supplies,Art,Consumer,1,43.04,3.09,0.2,2024-05-01,0.07179368029739777
2023-07-03,North America,Technology,Accessories,Consumer,4,1803.67,129.66,0.1,2023-07-01,0.07188676420853038
2023-11-21,North America,Furniture,Chairs,Consumer,3,1378.03,332.79,0.0,2023-11-01,0.2414969195155403
2023-11-13,Europe,Technology,Machines,Consumer,1,629.64,133.46,0.0,2023-11-01,0.21196239120767424
2024-10-25,Asia Pacific,Technology,Copiers,Consumer,2,1170.3,123.89,0.0,2024-10-01,0.10586174485174742
2024-01-23,Europe,Furniture,Tables,Corporate,3,946.06,149.96,0.0,2024-01-01,0.1585100310762531
2024-08-27,Asia Pacific,Furniture,Bookcases,Consumer,4,839.96,169.12,0.0,2024-08-01,0.20134292109148055
2023-11-03,Europe,Furniture,Chairs,Corporate,3,1528.26,451.79,0.0,2023-11-01,0.29562378129375894
2024-12-15,Latin America,Office Supplies,Paper,Corporate,3,217.33,11.72,0.2,2024-12-01,0.053927207472507246
2024-02-16,North America,Office Supplies,Art,Consumer,1,22.96,9.02,0.0,2024-02-01,0.39285714285714285
2023-04-03,Asia Pacific,Office Supplies,Paper,Corporate,1,45.38,8.34,0.1,2023-04-01,0.18378140149845745
2024-07-26,North America,Technology,Machines,Consumer,3,919.52,168.43,0.0,2024-07-01,0.1831716547764051
2024-08-22,Latin America,Technology,Machines,Home Office,1,321.87,-115.74,0.4,2024-08-01,-0.3595861683288284
2024-12-24,North America,Furniture,Bookcases,Corporate,2,532.76,119.95,0.0,2024-12-01,0.22514828440573617
2023-02-25,North America,Furniture,Chairs,Corporate,2,456.45,-7.63,0.15,2023-02-01,-0.016715960127067588
2024-04-04,Latin America,Technology,Accessories,Corporate,4,1451.68,311.01,0.0,2024-04-01,0.21424143061831807
2023-09-19,Latin America,Furniture,Bookcases,Consumer,3,764.69,209.99,0.0,2023-09-01,0.2746080110894611
2023-04-20,Europe,Office Supplies,Art,Consumer,1,39.53,5.18,0.2,2023-04-01,0.13103971667088285
2023-02-12,North America,Furniture,Tables,Consumer,2,370.68,91.77,0.0,2023-02-01,0.2475720297831013
2023-12-05,Latin America,Technology,Accessories,Consumer,2,657.94,156.56,0.0,2023-12-01,0.2379548287077849
2023-02-15,North America,Office Supplies,Art,Consumer,3,81.35,9.36,0.2,2023-02-01,0.11505838967424709
2024-10-05,Europe,Technology,Machines,Corporate,3,570.17,170.02,0.0,2024-10-01,0.29819176736762726
2023-07-07,North America,Furniture,Chairs,Home Office,2,343.47,50.76,0.1,2023-07-01,0.1477858328238274
2023-10-06,Asia Pacific,Office Supplies,Binders,Corporate,4,87.91,42.93,0.0,2023-10-01,0.488340348083267
2024-10-13,North America,Furniture,Chairs,Consumer,1,176.42,18.78,0.0,2024-10-01,0.10645051581453352
2023-07-20,Europe,Office Supplies,Storage,Corporate,1,15.22,-1.75,0.3,2023-07-01,-0.11498028909329829
2023-08-09,North America,Technology,Machines,Consumer,2,183.47,7.04,0.1,2023-08-01,0.038371395868534365
2024-12-05,Europe,Technology,Machines,Consumer,3,2306.78,645.45,0.0,2024-12-01,0.2798056164870512
2024-12-14,North America,Technology,Copiers,Corporate,2,1177.06,91.67,0.15,2024-12-01,0.07788048187857884
2024-01-19,North America,Furniture,Bookcases,Corporate,1,50.21,10.0,0.0,2024-01-01,0.19916351324437362
2024-04-19,Latin America,Technology,Copiers,Consumer,2,1144.02,342.85,0.0,2024-04-01,0.2996888166290799
2024-08-06,Europe,Office Supplies,Storage,Corporate,2,51.81,8.5,0.1,2024-08-01,0.1640609920864698
2024-11-16,Europe,Furniture,Bookcases,Home Office,5,790.51,-103.59,0.2,2024-11-01,-0.13104198555362995
2023-03-26,North America,Furniture,Tables,Consumer,1,349.1,100.41,0.0,2023-03-01,0.28762532225723286
2023-06-12,Middle East & Africa,Office Supplies,Art,Home Office,2,70.79,30.25,0.0,2023-06-01,0.4273202429721712
2023-01-25,Europe,Office Supplies,Storage,Corporate,1,37.04,-0.68,0.2,2023-01-01,-0.0183585313174946
2024-03-19,North America,Furniture,Furnishings,Consumer,3,1159.82,-260.84,0.3,2024-03-01,-0.22489696677070578
2024-04-05,North America,Office Supplies,Paper,Consumer,4,67.95,4.21,0.2,2024-04-01,0.061957321559970566
2024-10-22,Middle East & Africa,Furniture,Tables,Consumer,2,548.72,119.92,0.0,2024-10-01,0.21854497740195364
2024-04-26,Europe,Furniture,Chairs,Corporate,1,220.07,46.09,0.0,2024-04-01,0.20943336211205527
2024-10-09,North America,Technology,Machines,Consumer,1,453.07,-38.75,0.2,2024-10-01,-0.08552762266316463
2023-11-15,Middle East & Africa,Office Supplies,Binders,Corporate,1,59.97,22.09,0.0,2023-11-01,0.3683508420877105
2023-01-24,Europe,Technology,Machines,Corporate,2,500.01,37.07,0.15,2023-01-01,0.0741385172296554
2023-03-13,Asia Pacific,Office Supplies,Paper,Consumer,1,60.97,24.7,0.0,2023-03-01,0.4051172707889126
2024-02-27,Europe,Office Supplies,Paper,Corporate,4,94.25,33.79,0.0,2024-02-01,0.35851458885941645
2024-04-30,Middle East & Africa,Technology,Phones,Consumer,3,1150.7,-5.21,0.15,2024-04-01,-0.004527678804206135
2024-08-14,Latin America,Office Supplies,Storage,Corporate,2,69.27,9.43,0.15,2024-08-01,0.13613396852894472
2024-01-05,North America,Technology,Phones,Consumer,1,426.83,92.31,0.0,2024-01-01,0.21626877211067638
2024-09-23,Latin America,Technology,Copiers,Consumer,3,1729.95,-38.58,0.15,2024-09-01,-0.022301222578687243
2023-02-02,North America,Office Supplies,Storage,Consumer,1,40.2,10.24,0.1,2023-02-01,0.25472636815920396
2023-08-10,Europe,Technology,Copiers,Consumer,2,1092.3,277.03,0.0,2023-08-01,0.25362080014647986
2024-03-14,Europe,Office Supplies,Binders,Corporate,1,59.38,25.18,0.0,2024-03-01,0.42404850117884807
2024-09-14,North America,Technology,Copiers,Corporate,6,1567.24,78.55,0.1,2024-09-01,0.05011995610117148
2023-06-26,North America,Furniture,Tables,Consumer,3,559.55,155.51,0.0,2023-06-01,0.27791975694754717
2024-08-22,Middle East & Africa,Furniture,Tables,Home Office,3,443.33,-89.69,0.2,2024-08-01,-0.2023097918029459
2023-05-22,Asia Pacific,Office Supplies,Storage,Home Office,2,71.92,-8.05,0.3,2023-05-01,-0.11192992213570635
2023-04-26,North America,Technology,Phones,Home Office,4,930.36,56.21,0.1,2023-04-01,0.060417472806225545
2024-07-11,Middle East & Africa,Office Supplies,Storage,Consumer,4,206.96,82.51,0.0,2024-07-01,0.39867607267104754
2024-10-22,Middle East & Africa,Furniture,Chairs,Corporate,2,479.54,105.01,0.0,2024-10-01,0.2189806898277516
2023-05-28,Europe,Office Supplies,Storage,Consumer,3,118.37,49.65,0.0,2023-05-01,0.41944749514235025
2023-01-20,North America,Office Supplies,Art,Corporate,2,85.28,32.66,0.0,2023-01-01,0.38297373358348963
2024-04-09,Asia Pacific,Furniture,Tables,Corporate,2,427.93,77.15,0.0,2024-04-01,0.18028649545486414
2024-12-13,Europe,Office Supplies,Storage,Consumer,2,120.43,42.39,0.0,2024-12-01,0.3519887071327742
2024-11-04,Asia Pacific,Technology,Accessories,Corporate,3,989.41,14.24,0.2,2024-11-01,0.014392415682073155
2024-09-19,Middle East & Africa,Technology,Machines,Consumer,3,1271.29,377.32,0.0,2024-09-01,0.29680088728771564
2024-12-04,Latin America,Office Supplies,Paper,Corporate,2,135.35,42.52,0.0,2024-12-01,0.3141485038788327
2024-05-02,North America,Furniture,Chairs,Consumer,2,723.43,150.45,0.0,2024-05-01,0.20796759880016036
2024-03-17,Europe,Technology,Copiers,Corporate,3,1187.73,-73.75,0.2,2024-03-01,-0.06209323667836966
2024-04-05,Europe,Office Supplies,Storage,Corporate,3,143.79,54.7,0.0,2024-04-01,0.38041588427567985
2023-08-27,Europe,Technology,Machines,Consumer,5,2390.92,31.48,0.1,2023-08-01,0.013166479848761146
2024-08-07,Middle East & Africa,Technology,Accessories,Home Office,4,2123.24,268.06,0.1,2024-08-01,0.12625044742940036
2024-06-26,North America,Furniture,Furnishings,Consumer,1,368.91,83.02,0.0,2024-06-01,0.2250413379957171
2024-01-07,Latin America,Furniture,Tables,Consumer,1,199.71,-14.2,0.2,2024-01-01,-0.07110309949426669
2024-02-26,North America,Office Supplies,Art,Home Office,1,37.7,16.39,0.0,2024-02-01,0.43474801061007956
2023-04-04,Asia Pacific,Technology,Phones,Consumer,3,1172.47,227.51,0.0,2023-04-01,0.19404334439260704
2024-01-09,Europe,Office Supplies,Binders,Consumer,2,46.9,8.75,0.1,2024-01-01,0.1865671641791045
2023-01-21,Asia Pacific,Technology,Machines,Home Office,4,1343.66,-677.49,0.5,2023-01-01,-0.504212375154429
2024-02-09,Asia Pacific,Technology,Copiers,Consumer,1,192.28,4.1,0.15,2024-02-01,0.021323070522155187
2024-10-08,Europe,Office Supplies,Binders,Corporate,3,99.64,2.2,0.2,2024-10-01,0.022079486150140507
2024-03-06,Asia Pacific,Technology,Phones,Corporate,2,477.91,38.36,0.1,2024-03-01,0.08026615890021133
2023-09-29,North America,Furniture,Chairs,Corporate,2,677.63,32.71,0.1,2023-09-01,0.04827118043770199
2024-07-06,Europe,Furniture,Furnishings,Home Office,2,511.91,-9.04,0.15,2024-07-01,-0.01765935418335254
2023-05-24,North America,Office Supplies,Art,Consumer,2,44.41,12.67,0.0,2023-05-01,0.28529610448097276
2024-11-22,North America,Office Supplies,Storage,Consumer,3,246.48,-50.22,0.4,2024-11-01,-0.20374878286270692
2023-02-28,North America,Furniture,Chairs,Consumer,2,435.0,13.13,0.1,2023-02-01,0.030183908045977013
2024-03-12,North America,Furniture,Tables,Consumer,1,169.33,-39.25,0.3,2024-03-01,-0.23179590149412388
2024-08-13,North America,Technology,Copiers,Consumer,3,1339.1,304.47,0.0,2024-08-01,0.2273691285191547
2023-10-13,Asia Pacific,Office Supplies,Art,Consumer,2,62.13,23.72,0.0,2023-10-01,0.3817801384194431
2024-01-19,Latin America,Technology,Phones,Consumer,5,1436.97,-358.68,0.3,2024-01-01,-0.24960855132675003
2024-01-01,North America,Technology,Machines,Home Office,4,2433.14,823.65,0.0,2024-01-01,0.3385131969389349
2024-03-15,North America,Office Supplies,Paper,Corporate,3,55.16,21.49,0.0,2024-03-01,0.3895939086294416
2024-03-09,Asia Pacific,Technology,Phones,Consumer,1,492.03,60.05,0.1,2024-03-01,0.12204540373554458
2024-05-31,Asia Pacific,Furniture,Bookcases,Corporate,1,202.26,37.86,0.0,2024-05-01,0.18718481162859685
2023-11-14,Europe,Office Supplies,Storage,Corporate,2,107.05,37.4,0.0,2023-11-01,0.34936945352638954
2024-11-16,Europe,Office Supplies,Art,Home Office,2,118.23,52.8,0.0,2024-11-01,0.4465871606191322
2023-06-13,Latin America,Office Supplies,Storage,Consumer,3,52.24,21.2,0.0,2023-06-01,0.4058192955589586
2024-11-03,North America,Office Supplies,Storage,Consumer,2,62.2,27.61,0.0,2024-11-01,0.44389067524115755
2023-05-14,Europe,Technology,Phones,Home Office,1,280.0,-58.13,0.3,2023-05-01,-0.20760714285714288
2023-04-14,North America,Furniture,Bookcases,Corporate,3,1420.09,335.39,0.0,2023-04-01,0.2361751719961411
2023-09-15,Europe,Office Supplies,Paper,Consumer,5,118.86,42.35,0.0,2023-09-01,0.356301531213192
2024-10-12,Asia Pacific,Office Supplies,Paper,Corporate,1,57.54,22.83,0.0,2024-10-01,0.39676746611053176
2024-07-30,Europe,Technology,Machines,Consumer,2,739.73,132.78,0.0,2024-07-01,0.17949792491855135
2024-06-07,Europe,Office Supplies,Binders,Corporate,4,224.0,-77.82,0.5,2024-06-01,-0.34741071428571424
2024-12-23,Asia Pacific,Furniture,Tables,Home Office,3,806.87,150.1,0.0,2024-12-01,0.18602748893873858
2023-05-29,Europe,Office Supplies,Art,Corporate,4,166.56,65.0,0.0,2023-05-01,0.3902497598463016
2024-11-07,North America,Office Supplies,Art,Consumer,3,161.7,59.08,0.0,2024-11-01,0.3653679653679654
2024-02-04,Latin America,Technology,Phones,Corporate,5,2578.33,44.0,0.2,2024-02-01,0.017065309715978947
2024-01-16,Middle East & Africa,Furniture,Chairs,Corporate,2,212.63,69.68,0.0,2024-01-01,0.3277054037529982
2023-03-25,Middle East & Africa,Office Supplies,Paper,Corporate,3,208.43,74.46,0.0,2023-03-01,0.3572422396008252
2023-05-16,Europe,Office Supplies,Art,Home Office,2,81.95,27.85,0.0,2023-05-01,0.33984136668700426
2024-04-23,Asia Pacific,Office Supplies,Art,Consumer,2,96.09,27.89,0.0,2024-04-01,0.2902487251535019
2023-12-22,North America,Furniture,Bookcases,Consumer,1,318.39,71.59,0.0,2023-12-01,0.2248500266968184
2024-02-18,Asia Pacific,Technology,Accessories,Corporate,3,630.65,71.31,0.1,2024-02-01,0.11307381273289464
2023-01-27,Europe,Office Supplies,Paper,Consumer,2,66.64,11.61,0.15,2023-01-01,0.17421968787515005
2023-10-24,North America,Office Supplies,Paper,Consumer,1,32.76,4.91,0.15,2023-10-01,0.1498778998778999
2023-04-17,Asia Pacific,Furniture,Bookcases,Consumer,2,495.71,-11.31,0.2,2023-04-01,-0.022815759214056607
2023-04-18,Middle East & Africa,Furniture,Bookcases,Consumer,3,839.31,6.96,0.15,2023-04-01,0.008292526003502878
2024-11-20,Asia Pacific,Technology,Copiers,Consumer,3,1268.72,6.69,0.2,2024-11-01,0.005273031086449335
2023-08-26,Asia Pacific,Office Supplies,Storage,Consumer,3,118.11,17.91,0.15,2023-08-01,0.15163830327660655
2023-06-08,Latin America,Technology,Phones,Consumer,1,396.89,67.74,0.0,2023-06-01,0.17067701378215624
2024-04-04,North America,Technology,Machines,Consumer,3,980.58,269.93,0.0,2024-04-01,0.27527585714577085
2024-06-17,North America,Office Supplies,Art,Consumer,1,52.79,-14.84,0.4,2024-06-01,-0.2811138473195681
2023-11-16,Asia Pacific,Furniture,Bookcases,Home Office,1,318.35,-0.65,0.1,2023-11-01,-0.002041777917386524
2023-08-02,Asia Pacific,Technology,Accessories,Consumer,4,1183.89,309.5,0.0,2023-08-01,0.2614263149448006
2023-04-30,Asia Pacific,Technology,Accessories,Consumer,1,363.28,61.95,0.0,2023-04-01,0.17052961902664612
2024-12-26,Europe,Technology,Copiers,Consumer,4,2958.84,186.47,0.15,2024-12-01,0.06302131916561896
2023-09-20,Europe,Furniture,Furnishings,Consumer,2,638.01,-48.25,0.2,2023-09-01,-0.07562577389069138
2023-01-29,Latin America,Office Supplies,Paper,Consumer,4,46.12,16.23,0.0,2023-01-01,0.35190806591500434
2023-05-18,North America,Furniture,Bookcases,Corporate,2,457.93,13.49,0.15,2023-05-01,0.029458650885506518
2023-03-16,Europe,Furniture,Chairs,Corporate,6,2364.15,552.78,0.0,2023-03-01,0.2338176511642662
2024-02-04,Latin America,Technology,Phones,Consumer,2,539.55,-149.68,0.3,2024-02-01,-0.27741636548976
2024-06-15,Europe,Office Supplies,Art,Corporate,1,33.85,0.24,0.3,2024-06-01,0.007090103397341211
2024-11-03,Middle East & Africa,Furniture,Furnishings,Corporate,4,2409.94,-1375.12,0.5,2024-11-01,-0.5706034175124691
2023-09-17,North America,Office Supplies,Art,Consumer,2,44.94,16.55,0.0,2023-09-01,0.36826880284824215
2024-04-19,North America,Furniture,Chairs,Home Office,3,745.99,-92.04,0.2,2024-04-01,-0.12337966996876634
2023-01-26,Europe,Office Supplies,Art,Consumer,4,113.92,15.73,0.15,2023-01-01,0.13807935393258428
2024-03-08,Europe,Technology,Machines,Consumer,1,381.33,138.76,0.0,2024-03-01,0.36388429968793434
2024-06-10,Asia Pacific,Technology,Accessories,Corporate,3,894.48,2.48,0.15,2024-06-01,0.0027725605938645915
2024-12-06,Asia Pacific,Office Supplies,Binders,Corporate,3,193.87,-49.6,0.4,2024-12-01,-0.2558415433022128
2024-11-14,Middle East & Africa,Furniture,Furnishings,Corporate,2,614.53,119.66,0.0,2024-11-01,0.1947179145037671
2023-03-25,North America,Furniture,Chairs,Corporate,2,148.53,33.57,0.0,2023-03-01,0.2260149464754595
2023-02-12,North America,Technology,Copiers,Corporate,2,128.32,30.76,0.0,2023-02-01,0.239713216957606
2024-10-11,Latin America,Office Supplies,Paper,Consumer,1,57.81,19.85,0.0,2024-10-01,0.34336619961944304
2023-12-15,Latin America,Office Supplies,Storage,Consumer,2,92.54,10.09,0.15,2023-12-01,0.10903393127296303
2024-11-14,North America,Office Supplies,Art,Corporate,2,152.07,57.74,0.0,2024-11-01,0.379693562175314
2024-09-27,Latin America,Technology,Phones,Consumer,1,556.13,90.86,0.0,2024-09-01,0.16337906604570873
2024-01-29,North America,Furniture,Chairs,Corporate,3,816.18,69.03,0.1,2024-01-01,0.08457693155921489
2023-09-21,Latin America,Office Supplies,Paper,Consumer,4,279.1,46.76,0.15,2023-09-01,0.16753851666069508
2024-05-01,Latin America,Furniture,Tables,Consumer,3,1185.57,-135.21,0.2,2024-05-01,-0.11404640805688404
2023-03-29,Europe,Office Supplies,Art,Consumer,1,14.44,4.77,0.0,2023-03-01,0.3303324099722991
2023-10-24,Asia Pacific,Furniture,Furnishings,Corporate,2,398.34,-6.26,0.15,2023-10-01,-0.01571521815534468
2024-11-07,North America,Technology,Phones,Consumer,1,524.12,111.81,0.0,2024-11-01,0.21332900862397924
2023-06-17,Europe,Office Supplies,Binders,Home Office,1,36.02,15.15,0.0,2023-06-01,0.420599666851749
2023-11-19,Asia Pacific,Furniture,Chairs,Consumer,5,1811.39,377.71,0.0,2023-11-01,0.20851942430950815
2024-01-29,North America,Office Supplies,Art,Home Office,1,48.5,12.66,0.1,2024-01-01,0.26103092783505155
2024-01-02,Europe,Technology,Accessories,Home Office,3,1893.23,542.77,0.0,2024-01-01,0.2866899425848946
2023-03-02,Asia Pacific,Office Supplies,Paper,Home Office,3,107.87,46.46,0.0,2023-03-01,0.43070362473347545
2023-12-12,North America,Office Supplies,Paper,Corporate,4,160.53,56.28,0.0,2023-12-01,0.3505886750140161
2024-07-25,Middle East & Africa,Office Supplies,Paper,Corporate,3,134.63,36.94,0.0,2024-07-01,0.2743816385649558
2023-11-15,Europe,Technology,Machines,Consumer,5,2122.4,679.03,0.0,2023-11-01,0.3199349792687523
2023-08-06,Asia Pacific,Office Supplies,Art,Consumer,4,159.72,23.42,0.15,2023-08-01,0.14663160530929129
2024-10-22,Latin America,Office Supplies,Art,Corporate,5,114.25,41.17,0.0,2024-10-01,0.3603501094091904
2024-09-18,Asia Pacific,Technology,Machines,Home Office,1,264.48,4.78,0.15,2024-09-01,0.01807320024198427
2023-10-30,North America,Technology,Copiers,Corporate,5,1865.53,89.33,0.15,2023-10-01,0.047884515392408594
2024-12-02,Europe,Office Supplies,Art,Consumer,4,281.81,42.08,0.15,2024-12-01,0.14932046414250735
2023-08-28,Middle East & Africa,Office Supplies,Storage,Corporate,2,67.48,6.97,0.15,2023-08-01,0.10328986366330764
2024-04-19,Middle East & Africa,Office Supplies,Storage,Consumer,4,163.82,6.21,0.2,2024-04-01,0.03790745940666585
2023-01-12,Asia Pacific,Office Supplies,Paper,Consumer,3,96.05,-8.86,0.3,2023-01-01,-0.092243623112962
2024-05-02,North America,Office Supplies,Paper,Consumer,3,17.58,2.59,0.15,2024-05-01,0.1473265073947668
2023-01-02,North America,Technology,Machines,Home Office,4,772.48,221.48,0.0,2023-01-01,0.2867129246064623
2023-03-25,North America,Office Supplies,Storage,Consumer,4,198.19,-21.85,0.3,2023-03-01,-0.11024774206569454
2024-01-11,North America,Office Supplies,Art,Consumer,3,165.93,38.12,0.15,2024-01-01,0.2297354306032664
2024-01-18,Middle East & Africa,Office Supplies,Storage,Consumer,2,30.45,9.28,0.0,2024-01-01,0.30476190476190473
2023-01-12,North America,Office Supplies,Paper,Consumer,4,69.16,26.67,0.0,2023-01-01,0.38562753036437253
2023-02-20,Asia Pacific,Technology,Copiers,Corporate,1,285.15,-4.33,0.15,2023-02-01,-0.015184990355953009
2023-11-19,Europe,Technology,Accessories,Consumer,2,1660.73,446.62,0.0,2023-11-01,0.26892992840497854
2023-12-18,Asia Pacific,Office Supplies,Binders,Consumer,3,180.21,28.22,0.15,2023-12-01,0.15659508351367848
2024-03-11,North America,Furniture,Chairs,Consumer,4,570.79,177.22,0.0,2024-03-01,0.3104819635943167
2023-04-12,Europe,Office Supplies,Storage,Home Office,2,118.97,10.03,0.2,2023-04-01,0.08430696814322938
2024-10-31,North America,Technology,Copiers,Consumer,1,401.0,78.76,0.0,2024-10-01,0.19640897755610973
2024-04-03,Latin America,Furniture,Bookcases,Home Office,1,164.52,41.42,0.0,2024-04-01,0.25176270362265984
2023-05-09,Asia Pacific,Furniture,Chairs,Home Office,3,1454.65,313.26,0.0,2023-05-01,0.21535077166328667
2024-03-25,Latin America,Office Supplies,Paper,Consumer,2,113.97,47.72,0.0,2024-03-01,0.4187066771957533
2024-04-07,Asia Pacific,Furniture,Tables,Corporate,2,647.36,156.65,0.0,2024-04-01,0.24198282254078102
2024-07-16,Europe,Furniture,Chairs,Consumer,2,712.89,-52.43,0.15,2024-07-01,-0.07354570831404565
2024-01-07,Asia Pacific,Office Supplies,Storage,Corporate,3,95.24,34.06,0.0,2024-01-01,0.3576228475430492
2024-07-04,Europe,Furniture,Chairs,Consumer,3,1122.79,64.02,0.1,2024-07-01,0.05701867668931857
2023-07-13,Asia Pacific,Furniture,Furnishings,Consumer,3,1260.91,-382.36,0.3,2023-07-01,-0.3032413098476497
2024-01-26,North America,Technology,Copiers,Corporate,3,1067.73,192.34,0.0,2024-01-01,0.18013917376115685
2024-10-14,Latin America,Office Supplies,Art,Corporate,2,72.15,17.52,0.1,2024-10-01,0.2428274428274428
2024-12-27,Latin America,Furniture,Furnishings,Corporate,3,1475.14,48.0,0.1,2024-12-01,0.03253928440690375
2023-07-30,North America,Furniture,Chairs,Home Office,4,1009.18,-500.64,0.5,2023-07-01,-0.49608593115202443
2023-01-25,Middle East & Africa,Furniture,Tables,Consumer,2,359.89,-26.46,0.2,2023-01-01,-0.0735224651976993
2024-06-25,Asia Pacific,Technology,Accessories,Consumer,3,1441.18,344.03,0.0,2024-06-01,0.2387141092715691
2023-05-15,Asia Pacific,Technology,Accessories,Consumer,2,359.66,-74.53,0.3,2023-05-01,-0.2072234888505811
2024-06-16,North America,Furniture,Bookcases,Home Office,1,244.98,14.44,0.15,2024-06-01,0.05894358723161074
2023-10-10,Latin America,Furniture,Tables,Corporate,4,1388.79,4.06,0.15,2023-10-01,0.002923408146660042
2023-12-04,Middle East & Africa,Technology,Copiers,Consumer,5,2446.4,810.61,0.0,2023-12-01,0.3313481033355134
2023-12-18,North America,Furniture,Furnishings,Corporate,4,1339.1,65.77,0.1,2023-12-01,0.049115077290717644
2023-10-26,North America,Technology,Machines,Corporate,4,1279.93,-263.92,0.3,2023-10-01,-0.2061987764955896
2024-04-04,North America,Furniture,Bookcases,Consumer,1,172.37,-47.83,0.3,2024-04-01,-0.27748448105818874
2023-05-31,Europe,Technology,Copiers,Consumer,3,953.7,-247.08,0.3,2023-05-01,-0.25907518087448883
2023-05-20,Middle East & Africa,Furniture,Chairs,Corporate,3,1083.81,25.47,0.1,2023-05-01,0.023500429041990754
2023-10-18,Europe,Technology,Accessories,Home Office,3,967.14,240.66,0.0,2023-10-01,0.24883677647496744
2024-08-27,Asia Pacific,Office Supplies,Paper,Corporate,4,147.75,53.74,0.0,2024-08-01,0.3637225042301185
2024-07-18,North America,Technology,Accessories,Consumer,2,495.05,63.85,0.1,2024-07-01,0.12897687102312896
2024-08-19,North America,Office Supplies,Paper,Home Office,1,35.94,8.2,0.1,2024-08-01,0.228158041179744
2023-05-08,Europe,Technology,Copiers,Corporate,6,1872.0,471.15,0.0,2023-05-01,0.2516826923076923
2023-08-24,Latin America,Technology,Machines,Consumer,3,955.71,238.99,0.0,2023-08-01,0.2500653964068598
2023-03-28,North America,Furniture,Furnishings,Corporate,1,223.22,-8.64,0.15,2023-03-01,-0.038706209121046505
2024-07-24,Asia Pacific,Furniture,Chairs,Consumer,4,1023.42,183.23,0.0,2024-07-01,0.17903695452502394
2023-11-06,Latin America,Office Supplies,Paper,Home Office,2,118.55,14.64,0.15,2023-11-01,0.1234921973850696
2023-08-15,Europe,Office Supplies,Paper,Corporate,2,86.82,40.04,0.0,2023-08-01,0.46118405897258696
2024-10-09,North America,Furniture,Furnishings,Consumer,1,187.91,63.06,0.0,2024-10-01,0.3355861848757384
2023-04-26,Europe,Office Supplies,Art,Consumer,4,132.81,42.97,0.0,2023-04-01,0.32354491378661243
2023-05-27,Europe,Furniture,Chairs,Consumer,5,1234.28,235.62,0.0,2023-05-01,0.1908967171144311
2024-09-04,Asia Pacific,Furniture,Furnishings,Home Office,4,453.51,83.21,0.0,2024-09-01,0.18347996736565897
2023-10-20,Asia Pacific,Office Supplies,Art,Corporate,5,136.58,45.71,0.0,2023-10-01,0.3346756479718846
2023-05-23,Europe,Office Supplies,Binders,Consumer,2,99.7,36.25,0.0,2023-05-01,0.36359077231695086
2023-07-17,Middle East & Africa,Office Supplies,Paper,Home Office,4,173.53,4.06,0.2,2023-07-01,0.023396530859217425
2023-04-13,Asia Pacific,Technology,Phones,Consumer,3,2006.91,329.91,0.0,2023-04-01,0.1643870427672392
2023-01-14,Latin America,Technology,Machines,Home Office,2,952.03,247.65,0.0,2023-01-01,0.26012835729966494
2023-02-15,Asia Pacific,Office Supplies,Paper,Consumer,6,171.66,53.09,0.0,2023-02-01,0.3092741465687988
2024-10-26,Asia Pacific,Office Supplies,Paper,Corporate,2,56.22,3.1,0.2,2024-10-01,0.05514051938811811
2024-12-16,North America,Office Supplies,Binders,Corporate,1,115.86,14.71,0.2,2024-12-01,0.12696357673053688
2023-09-04,North America,Office Supplies,Art,Consumer,2,117.13,38.83,0.0,2023-09-01,0.33151199521898744
2024-03-07,Middle East & Africa,Office Supplies,Storage,Corporate,3,136.42,47.38,0.0,2024-03-01,0.34730977862483514
2024-08-24,North America,Office Supplies,Art,Corporate,4,80.84,14.49,0.15,2024-08-01,0.1792429490351311
2023-04-03,Europe,Furniture,Tables,Home Office,1,307.6,78.31,0.0,2023-04-01,0.25458387516254877
2023-08-12,North America,Furniture,Bookcases,Corporate,2,433.23,-171.33,0.4,2023-08-01,-0.39547122775431065
2024-05-26,North America,Technology,Accessories,Corporate,3,1380.03,-223.21,0.3,2024-05-01,-0.1617428606624494
2023-12-10,Europe,Technology,Machines,Consumer,3,2299.7,-188.91,0.2,2023-12-01,-0.08214549723877028
2023-02-28,Asia Pacific,Furniture,Tables,Consumer,1,86.8,-53.19,0.5,2023-02-01,-0.6127880184331798
2023-07-31,Europe,Furniture,Furnishings,Consumer,3,1371.37,320.51,0.0,2023-07-01,0.2337151899195695
2024-04-19,Middle East & Africa,Furniture,Tables,Consumer,5,1335.7,397.29,0.0,2024-04-01,0.29743954480796586
2024-03-24,Asia Pacific,Office Supplies,Binders,Home Office,2,60.02,22.81,0.0,2024-03-01,0.3800399866711096
2024-12-25,Latin America,Furniture,Furnishings,Consumer,2,714.56,39.41,0.1,2024-12-01,0.05515282131661442
2024-08-16,Europe,Office Supplies,Paper,Home Office,2,66.12,3.4,0.15,2024-08-01,0.051421657592256496
2024-06-29,Europe,Technology,Machines,Consumer,1,279.97,24.54,0.1,2024-06-01,0.08765224845519162
2024-04-23,Asia Pacific,Office Supplies,Storage,Consumer,2,110.99,19.82,0.1,2024-04-01,0.17857464636453735
2023-02-01,Asia Pacific,Office Supplies,Binders,Corporate,2,53.7,3.14,0.15,2023-02-01,0.05847299813780261
2024-05-02,Asia Pacific,Furniture,Chairs,Consumer,2,268.88,-158.09,0.5,2024-05-01,-0.5879574531389468
2024-06-19,Middle East & Africa,Technology,Machines,Consumer,3,1110.61,10.45,0.15,2024-06-01,0.009409243568849552
2024-01-02,North America,Technology,Machines,Consumer,1,442.93,105.88,0.0,2024-01-01,0.23904454428464994
2023-05-03,North America,Furniture,Tables,Consumer,4,923.33,87.37,0.1,2023-05-01,0.09462489034256441
2023-04-13,Latin America,Office Supplies,Paper,Corporate,3,86.94,21.5,0.1,2023-04-01,0.2472969864274212
2024-03-21,Middle East & Africa,Office Supplies,Storage,Corporate,1,36.52,-18.15,0.5,2024-03-01,-0.4969879518072288
2023-07-13,Asia Pacific,Technology,Copiers,Home Office,1,437.22,42.56,0.15,2023-07-01,0.0973422990714057
2023-07-21,North America,Office Supplies,Binders,Consumer,3,112.19,17.54,0.15,2023-07-01,0.15634191995721544
2024-10-16,Latin America,Office Supplies,Art,Consumer,4,125.86,46.55,0.0,2024-10-01,0.3698553948832035
2024-07-03,Asia Pacific,Furniture,Bookcases,Corporate,2,720.44,182.9,0.0,2024-07-01,0.25387263339070565
2023-11-09,North America,Furniture,Furnishings,Consumer,3,568.37,-46.86,0.15,2023-11-01,-0.08244629378749758
2023-03-19,North America,Furniture,Furnishings,Consumer,3,534.7,97.2,0.0,2023-03-01,0.18178417804376285
2023-04-13,Europe,Furniture,Tables,Home Office,1,163.87,32.7,0.0,2023-04-01,0.19954842253005434
2023-04-14,North America,Furniture,Chairs,Home Office,4,1079.62,-28.33,0.1,2023-04-01,-0.026240714325410794
2023-07-17,Latin America,Technology,Accessories,Corporate,4,1207.28,263.88,0.0,2023-07-01,0.2185739844940693
2023-11-18,North America,Furniture,Tables,Consumer,4,605.76,100.05,0.0,2023-11-01,0.16516442155309033
2024-10-17,North America,Technology,Machines,Corporate,3,1052.29,227.89,0.0,2024-10-01,0.2165657755941803
2023-09-27,Latin America,Furniture,Furnishings,Corporate,2,827.36,134.68,0.0,2023-09-01,0.16278282730613033
2024-04-06,North America,Office Supplies,Binders,Consumer,4,126.92,41.57,0.0,2024-04-01,0.32752915222187207
2024-06-16,Latin America,Technology,Copiers,Consumer,2,897.54,21.81,0.1,2024-06-01,0.024299752657263186
2023-01-03,Europe,Office Supplies,Binders,Corporate,4,69.85,28.38,0.0,2023-01-01,0.4062992125984252
2023-12-11,North America,Technology,Phones,Consumer,3,1386.83,321.09,0.0,2023-12-01,0.23152801713259735
2023-03-12,Europe,Office Supplies,Art,Corporate,3,132.27,-54.33,0.5,2023-03-01,-0.41075073712860055
2023-11-06,Europe,Technology,Machines,Consumer,4,3085.05,-1086.88,0.4,2023-11-01,-0.3523054731689924
2024-10-20,Asia Pacific,Technology,Machines,Consumer,1,449.62,56.25,0.0,2024-10-01,0.12510564476669186
2023-04-15,North America,Office Supplies,Art,Home Office,3,98.39,-25.67,0.4,2023-04-01,-0.2609004980180913
2023-05-25,North America,Office Supplies,Art,Corporate,4,139.0,56.14,0.0,2023-05-01,0.40388489208633094
2023-12-13,Latin America,Office Supplies,Binders,Consumer,4,203.92,39.53,0.15,2023-12-01,0.19385052961945862
2024-09-15,Asia Pacific,Furniture,Chairs,Consumer,2,776.63,171.59,0.0,2024-09-01,0.22094176119902656
2023-07-05,Asia Pacific,Office Supplies,Paper,Corporate,3,189.68,77.51,0.0,2023-07-01,0.40863559679460143
2024-08-18,North America,Office Supplies,Paper,Home Office,2,82.8,24.73,0.1,2024-08-01,0.2986714975845411
2024-10-22,Asia Pacific,Technology,Phones,Consumer,5,1228.43,341.56,0.0,2024-10-01,0.2780459611048248
2023-12-01,Asia Pacific,Technology,Phones,Consumer,1,807.05,188.7,0.0,2023-12-01,0.23381450963385167
2023-04-18,Latin America,Office Supplies,Binders,Corporate,1,55.13,7.59,0.15,2023-04-01,0.13767458733901686
2024-04-30,Latin America,Office Supplies,Binders,Consumer,3,78.43,13.69,0.1,2024-04-01,0.1745505546347061
2023-01-18,North America,Office Supplies,Storage,Consumer,4,268.22,47.53,0.1,2023-01-01,0.17720527924837817
2023-03-15,North America,Furniture,Furnishings,Home Office,5,1667.8,-67.7,0.15,2023-03-01,-0.04059239716992445
2023-06-18,Latin America,Furniture,Tables,Home Office,4,967.16,182.29,0.0,2023-06-01,0.18847967244302907
2023-04-16,North America,Office Supplies,Art,Consumer,3,136.19,55.71,0.0,2023-04-01,0.40906087084220577
2024-09-05,North America,Office Supplies,Art,Home Office,5,101.82,31.98,0.0,2024-09-01,0.3140836770771951
2023-07-21,Europe,Technology,Copiers,Corporate,3,1050.83,337.3,0.0,2023-07-01,0.320984364740253
2023-03-24,North America,Technology,Machines,Corporate,3,720.9,155.32,0.0,2023-03-01,0.2154529060896102
2024-12-27,North America,Office Supplies,Art,Consumer,2,120.65,19.63,0.1,2024-12-01,0.16270203066721922
2023-11-12,Latin America,Office Supplies,Paper,Corporate,3,134.26,46.58,0.1,2023-11-01,0.3469387755102041
2024-12-30,Latin America,Office Supplies,Paper,Corporate,4,295.87,91.25,0.0,2024-12-01,0.30841247845337477
2023-03-19,Asia Pacific,Furniture,Chairs,Home Office,3,958.6,-209.51,0.3,2023-03-01,-0.2185583142082203
2023-06-22,Asia Pacific,Technology,Accessories,Consumer,4,2772.49,636.07,0.0,2023-06-01,0.2294219275813439
2023-08-30,Europe,Technology,Accessories,Home Office,1,645.15,-20.27,0.15,2023-08-01,-0.031419049833372084
2023-03-12,Europe,Furniture,Furnishings,Home Office,4,1181.52,-93.04,0.15,2023-03-01,-0.07874602207326156
2023-02-02,North America,Technology,Phones,Consumer,2,340.38,83.19,0.0,2023-02-01,0.2444033139432399
2023-02-12,Latin America,Office Supplies,Binders,Corporate,1,39.3,1.7,0.2,2023-02-01,0.04325699745547074
2023-01-14,Europe,Office Supplies,Binders,Consumer,5,316.14,50.68,0.1,2023-01-01,0.1603087239830455
2024-11-16,Europe,Technology,Accessories,Consumer,2,1230.81,45.61,0.1,2024-11-01,0.037056897490270635
2023-10-03,Asia Pacific,Technology,Accessories,Home Office,1,499.11,21.28,0.1,2023-10-01,0.04263589188755986
2024-05-10,Europe,Office Supplies,Paper,Consumer,1,42.6,20.92,0.0,2024-05-01,0.4910798122065728
2023-04-25,North America,Office Supplies,Paper,Consumer,3,152.32,68.43,0.0,2023-04-01,0.44925157563025214
2023-04-14,North America,Furniture,Chairs,Consumer,3,1073.72,278.93,0.0,2023-04-01,0.2597790857951794
2023-02-08,North America,Furniture,Furnishings,Corporate,1,232.36,64.65,0.0,2023-02-01,0.27823205370976073
2024-11-26,North America,Furniture,Furnishings,Corporate,1,338.06,14.13,0.1,2024-11-01,0.04179731408625688
2023-03-28,North America,Office Supplies,Storage,Consumer,3,35.65,1.83,0.15,2023-03-01,0.05133239831697055
2024-09-29,Asia Pacific,Furniture,Tables,Home Office,1,192.61,41.87,0.0,2024-09-01,0.2173822750636
2023-10-08,Latin America,Office Supplies,Art,Consumer,1,38.05,6.37,0.1,2023-10-01,0.16741130091984233
2024-01-05,Asia Pacific,Office Supplies,Storage,Home Office,1,57.41,24.13,0.0,2024-01-01,0.4203100505138478
2024-10-11,Europe,Technology,Accessories,Consumer,3,243.08,-60.55,0.3,2024-10-01,-0.24909494816521308
2024-07-22,Europe,Office Supplies,Binders,Corporate,3,145.44,31.24,0.15,2024-07-01,0.21479647964796478
2023-01-15,Europe,Office Supplies,Storage,Consumer,4,168.97,39.34,0.1,2023-01-01,0.23282239450790082
2024-06-23,Europe,Office Supplies,Art,Home Office,2,42.4,14.95,0.0,2024-06-01,0.35259433962264153
2024-01-10,North America,Technology,Accessories,Corporate,4,2363.78,610.36,0.0,2024-01-01,0.2582135393310714
2024-11-09,Latin America,Office Supplies,Paper,Corporate,1,60.59,22.29,0.0,2024-11-01,0.3678824888595477
2024-04-07,Asia Pacific,Office Supplies,Binders,Corporate,1,27.95,5.87,0.1,2024-04-01,0.21001788908765653
2023-06-15,North America,Office Supplies,Binders,Home Office,4,117.78,18.41,0.15,2023-06-01,0.1563083715401596
2024-08-06,Middle East & Africa,Office Supplies,Storage,Home Office,3,97.89,-38.53,0.5,2024-08-01,-0.39360506691183983
2024-05-10,Latin America,Furniture,Tables,Corporate,4,1071.69,228.37,0.0,2024-05-01,0.213093338558725
2024-12-08,North America,Office Supplies,Binders,Home Office,4,179.19,6.12,0.2,2024-12-01,0.03415369161225515
2023-04-05,North America,Office Supplies,Storage,Corporate,1,51.96,19.32,0.0,2023-04-01,0.371824480369515
2024-11-28,Latin America,Office Supplies,Binders,Consumer,1,56.38,22.93,0.0,2024-11-01,0.40670450514366796
2023-01-09,Middle East & Africa,Office Supplies,Storage,Consumer,6,190.64,18.7,0.2,2023-01-01,0.09809064204783886
2024-09-01,North America,Furniture,Tables,Corporate,4,1003.4,-342.96,0.3,2024-09-01,-0.34179788718357584
2023-10-16,Latin America,Technology,Machines,Corporate,2,602.55,142.68,0.0,2023-10-01,0.23679362708488924
2023-03-07,Asia Pacific,Furniture,Tables,Consumer,2,497.58,-19.16,0.1,2023-03-01,-0.03850637083484063
2024-01-08,Asia Pacific,Furniture,Furnishings,Home Office,2,478.36,112.45,0.0,2024-01-01,0.23507400284304708
2023-07-31,Europe,Office Supplies,Art,Consumer,2,28.55,3.33,0.15,2023-07-01,0.11663747810858144
2024-02-02,North America,Technology,Accessories,Consumer,1,378.41,77.44,0.0,2024-02-01,0.20464575460479373
2023-10-19,Latin America,Furniture,Chairs,Home Office,3,586.52,12.35,0.1,2023-10-01,0.021056400463752303
2023-01-02,Asia Pacific,Office Supplies,Art,Consumer,5,178.7,35.72,0.1,2023-01-01,0.199888080581981
2024-02-06,Asia Pacific,Office Supplies,Paper,Home Office,4,156.44,58.73,0.0,2024-02-01,0.3754154947583738
2023-11-17,Latin America,Office Supplies,Paper,Corporate,3,167.49,50.15,0.0,2023-11-01,0.29942086094692216
2024-01-14,North America,Technology,Phones,Corporate,2,637.1,146.27,0.0,2024-01-01,0.229587191963585
2023-05-16,Latin America,Technology,Copiers,Home Office,2,308.79,79.98,0.0,2023-05-01,0.25901097833479064
2024-11-15,Middle East & Africa,Furniture,Chairs,Home Office,1,286.1,-110.66,0.4,2024-11-01,-0.3867878364208318
2023-12-23,North America,Technology,Accessories,Corporate,3,1552.33,375.35,0.0,2023-12-01,0.2417978136092197
2024-09-20,North America,Technology,Copiers,Home Office,3,1690.66,394.86,0.0,2024-09-01,0.2335537600700318
2023-08-17,Middle East & Africa,Office Supplies,Storage,Consumer,1,37.02,5.16,0.15,2023-08-01,0.1393841166936791
2023-01-17,Europe,Office Supplies,Storage,Consumer,3,103.91,47.94,0.0,2023-01-01,0.46136079299393706
2023-07-17,Asia Pacific,Technology,Accessories,Consumer,3,2124.43,-181.93,0.2,2023-07-01,-0.08563708853668985
2024-11-05,Asia Pacific,Technology,Copiers,Consumer,4,871.65,-60.1,0.2,2024-11-01,-0.06894969311076694
2024-10-29,North America,Office Supplies,Paper,Home Office,1,38.59,5.24,0.1,2024-10-01,0.1357864731795802
2023-07-23,Asia Pacific,Technology,Accessories,Corporate,2,920.19,173.68,0.0,2023-07-01,0.18874362903313446
2024-06-26,Asia Pacific,Technology,Accessories,Consumer,6,1835.52,281.18,0.1,2024-06-01,0.15318819735006975
2024-07-01,Latin America,Technology,Accessories,Consumer,5,1532.95,430.73,0.0,2024-07-01,0.2809811148439284
2024-08-02,Latin America,Technology,Machines,Home Office,3,1619.01,160.1,0.1,2024-08-01,0.09888759179992711
2023-06-26,North America,Furniture,Chairs,Consumer,3,849.62,95.55,0.0,2023-06-01,0.11246204185400531
2023-09-25,Asia Pacific,Office Supplies,Art,Corporate,1,54.87,19.15,0.0,2023-09-01,0.34900674321122654
2024-07-25,Europe,Office Supplies,Paper,Consumer,2,126.21,42.15,0.0,2024-07-01,0.33396719752792964
2024-05-19,Europe,Technology,Machines,Consumer,2,1126.93,360.73,0.0,2024-05-01,0.32009974000159724
2023-08-17,Asia Pacific,Technology,Machines,Corporate,3,1092.31,-51.31,0.2,2023-08-01,-0.046973844421455455
2024-07-19,Europe,Furniture,Furnishings,Consumer,3,938.53,-45.91,0.2,2024-07-01,-0.048916923273630036
2023-07-20,North America,Office Supplies,Art,Corporate,4,137.46,37.79,0.0,2023-07-01,0.27491633929870507
2023-03-23,North America,Technology,Machines,Consumer,1,344.56,84.32,0.0,2023-03-01,0.24471790109124678
2023-07-13,Europe,Office Supplies,Paper,Home Office,1,17.63,-1.29,0.3,2023-07-01,-0.07317073170731708
2023-09-06,Middle East & Africa,Technology,Copiers,Corporate,7,5463.5,-53.85,0.1,2023-09-01,-0.009856319209298069
2023-01-31,Latin America,Office Supplies,Paper,Consumer,2,59.66,12.53,0.1,2023-01-01,0.2100234663090848
2023-04-10,Middle East & Africa,Office Supplies,Paper,Corporate,2,106.26,-16.66,0.3,2023-04-01,-0.15678524374176547
2024-11-15,Latin America,Technology,Machines,Home Office,5,2149.59,302.86,0.0,2024-11-01,0.14089198405277284
2024-01-25,North America,Office Supplies,Storage,Corporate,2,56.03,12.97,0.15,2024-01-01,0.2314831340353382
2023-04-30,Asia Pacific,Office Supplies,Paper,Consumer,1,34.91,4.78,0.2,2023-04-01,0.13692351761672875
2023-12-01,Europe,Technology,Phones,Corporate,4,2824.98,657.02,0.0,2023-12-01,0.23257509787679911
2023-05-28,Asia Pacific,Technology,Machines,Consumer,3,1230.65,-246.27,0.3,2023-05-01,-0.20011376102059886
2023-07-03,North America,Office Supplies,Art,Home Office,4,186.96,-19.72,0.3,2023-07-01,-0.10547710740265297
2023-05-23,Asia Pacific,Technology,Phones,Consumer,1,411.35,31.92,0.1,2023-05-01,0.07759815242494227
2024-11-07,Europe,Office Supplies,Paper,Home Office,2,170.33,70.1,0.0,2024-11-01,0.41155404215346675
2024-01-27,Latin America,Technology,Machines,Consumer,1,407.49,113.17,0.0,2024-01-01,0.27772460673881566
2023-05-21,Middle East & Africa,Furniture,Tables,Corporate,4,1219.79,345.89,0.0,2023-05-01,0.28356520384656375
2024-04-21,Asia Pacific,Furniture,Bookcases,Consumer,3,1093.97,280.26,0.0,2024-04-01,0.25618618426465073
2023-08-19,Asia Pacific,Office Supplies,Storage,Consumer,2,133.35,54.29,0.0,2023-08-01,0.4071241094863142
2024-08-07,North America,Office Supplies,Art,Consumer,2,52.8,13.73,0.1,2024-08-01,0.2600378787878788
2024-06-13,Asia Pacific,Office Supplies,Binders,Home Office,5,212.14,49.85,0.1,2024-06-01,0.2349863297822193
2024-11-20,Latin America,Technology,Copiers,Consumer,4,2967.81,752.61,0.0,2024-11-01,0.2535910317709018
2024-05-03,Europe,Furniture,Tables,Corporate,2,559.36,1.42,0.1,2024-05-01,0.002538615560640732
2023-12-01,Europe,Technology,Machines,Consumer,1,579.8,185.02,0.0,2023-12-01,0.3191100379441187
2024-07-24,Asia Pacific,Technology,Phones,Corporate,3,1096.92,-266.78,0.3,2024-07-01,-0.24320825584363487
2024-08-05,Middle East & Africa,Office Supplies,Paper,Consumer,4,178.25,1.45,0.2,2024-08-01,0.008134642356241234
2024-11-03,North America,Office Supplies,Art,Corporate,5,322.5,77.38,0.1,2024-11-01,0.23993798449612402
2024-07-03,Europe,Office Supplies,Art,Corporate,1,35.37,-8.74,0.4,2024-07-01,-0.24710206389595704
2023-11-25,Asia Pacific,Furniture,Chairs,Consumer,1,231.06,58.18,0.0,2023-11-01,0.2517960702847745
2024-12-29,Europe,Office Supplies,Paper,Consumer,3,188.64,70.62,0.0,2024-12-01,0.37436386768447844
2024-04-02,Latin America,Technology,Phones,Home Office,3,1120.32,75.18,0.1,2024-04-01,0.06710582690659812
2023-03-02,Asia Pacific,Furniture,Furnishings,Home Office,3,495.36,114.85,0.0,2023-03-01,0.2318515826873385
2023-05-27,Asia Pacific,Office Supplies,Art,Corporate,3,129.17,-10.97,0.3,2023-05-01,-0.084926840597662
2024-09-20,Europe,Technology,Accessories,Consumer,4,920.18,274.8,0.0,2024-09-01,0.29863722315199204
2023-04-12,Europe,Office Supplies,Art,Consumer,1,19.71,7.27,0.0,2023-04-01,0.36884830035514965
2024-07-16,Europe,Office Supplies,Storage,Consumer,1,35.75,13.13,0.0,2024-07-01,0.3672727272727273
2024-05-06,North America,Office Supplies,Storage,Consumer,2,50.95,20.59,0.0,2024-05-01,0.40412168792934244
2024-08-27,Asia Pacific,Technology,Copiers,Home Office,4,1545.89,502.13,0.0,2024-08-01,0.32481612533880155
2023-02-08,North America,Furniture,Tables,Corporate,2,160.21,0.61,0.2,2023-02-01,0.0038075026527682413
2024-04-18,North America,Technology,Machines,Corporate,2,509.71,78.88,0.0,2024-04-01,0.15475466441702143
2024-06-01,North America,Office Supplies,Binders,Corporate,1,50.67,3.08,0.2,2024-06-01,0.06078547463982633
2023-10-23,Asia Pacific,Furniture,Chairs,Corporate,5,1884.29,373.37,0.0,2023-10-01,0.198148904892559
2023-03-28,North America,Office Supplies,Binders,Consumer,4,126.76,20.89,0.1,2023-03-01,0.16479962133165035
2024-08-02,Middle East & Africa,Furniture,Furnishings,Corporate,1,374.63,76.17,0.0,2024-08-01,0.20332060966820598
2024-10-23,Europe,Technology,Accessories,Corporate,2,756.07,-5.67,0.15,2024-10-01,-0.007499305619850014
2023-12-23,North America,Office Supplies,Binders,Home Office,3,192.92,77.65,0.0,2023-12-01,0.4024984449512752
2023-04-13,Latin America,Office Supplies,Paper,Home Office,2,61.49,1.99,0.2,2023-04-01,0.032362985851357946
2023-06-04,North America,Office Supplies,Art,Corporate,4,138.33,57.91,0.0,2023-06-01,0.41863659365285905
2024-12-20,Asia Pacific,Technology,Copiers,Home Office,2,1076.56,-733.73,0.5,2024-12-01,-0.6815504941666048
2024-01-02,Middle East & Africa,Furniture,Tables,Home Office,1,225.34,11.07,0.1,2024-01-01,0.049125765509896155
2024-04-25,North America,Office Supplies,Art,Home Office,4,183.63,39.12,0.1,2024-04-01,0.21303708544355496
2024-12-25,Asia Pacific,Office Supplies,Storage,Consumer,4,146.97,59.32,0.0,2024-12-01,0.40361978635095597
2024-02-25,Latin America,Technology,Phones,Corporate,2,594.21,169.9,0.0,2024-02-01,0.28592585113007185
2023-03-23,North America,Office Supplies,Binders,Consumer,1,62.28,21.72,0.0,2023-03-01,0.34874759152215795
2024-03-02,Asia Pacific,Technology,Copiers,Home Office,4,1538.66,463.36,0.0,2024-03-01,0.3011451522753565
2024-06-11,North America,Furniture,Bookcases,Consumer,1,209.77,38.74,0.0,2024-06-01,0.18467845735805882
2024-02-03,Asia Pacific,Furniture,Bookcases,Home Office,2,377.8,2.23,0.1,2024-02-01,0.005902593965060879
2024-05-22,Latin America,Technology,Copiers,Corporate,2,727.21,247.2,0.0,2024-05-01,0.33992931890375544
2023-02-28,Europe,Office Supplies,Art,Consumer,1,59.86,17.03,0.1,2023-02-01,0.28449716004009357
2024-04-06,North America,Technology,Phones,Consumer,4,1255.87,-41.61,0.2,2024-04-01,-0.03313241020169285
2023-08-27,North America,Office Supplies,Storage,Consumer,2,120.21,14.67,0.15,2023-08-01,0.12203643623658599
2023-07-09,Asia Pacific,Furniture,Chairs,Consumer,3,301.58,16.0,0.15,2023-07-01,0.053053916042177865
2023-09-20,Middle East & Africa,Technology,Accessories,Home Office,5,1552.74,-32.95,0.15,2023-09-01,-0.021220552056364878
2024-07-30,Europe,Office Supplies,Binders,Consumer,4,141.75,43.53,0.0,2024-07-01,0.3070899470899471
2024-02-06,North America,Office Supplies,Paper,Corporate,1,5.36,-2.11,0.5,2024-02-01,-0.3936567164179104
2024-04-16,Europe,Technology,Copiers,Consumer,5,2267.67,-275.16,0.2,2024-04-01,-0.12134040667292861
2024-10-29,Asia Pacific,Technology,Phones,Corporate,1,366.62,13.19,0.1,2024-10-01,0.035977306202607605
2023-12-02,Asia Pacific,Furniture,Bookcases,Home Office,2,290.39,-70.99,0.3,2023-12-01,-0.2444643410585764
2023-09-08,North America,Office Supplies,Storage,Corporate,1,24.26,-9.11,0.5,2023-09-01,-0.375515251442704
2023-07-13,North America,Office Supplies,Paper,Consumer,3,122.94,56.66,0.0,2023-07-01,0.46087522368635103
2023-07-09,Latin America,Furniture,Chairs,Consumer,2,675.84,23.74,0.1,2023-07-01,0.035126657196969696
2024-03-07,North America,Office Supplies,Art,Corporate,3,111.69,2.82,0.2,2024-03-01,0.0252484555466022
2024-02-22,Asia Pacific,Office Supplies,Art,Home Office,1,25.16,4.92,0.15,2024-02-01,0.19554848966613672
2023-11-29,North America,Technology,Copiers,Consumer,2,1259.53,423.91,0.0,2023-11-01,0.3365620509237573
2024-11-02,Europe,Technology,Machines,Corporate,2,1072.66,252.08,0.0,2024-11-01,0.23500456808308318
2024-08-08,Europe,Office Supplies,Paper,Corporate,4,269.38,-36.69,0.3,2024-08-01,-0.1362016482292672
2023-05-08,North America,Office Supplies,Storage,Corporate,2,92.4,0.46,0.2,2023-05-01,0.004978354978354979
2023-06-25,Asia Pacific,Furniture,Bookcases,Corporate,3,1369.7,-766.15,0.4,2023-06-01,-0.5593560633715412
2023-09-17,North America,Furniture,Bookcases,Corporate,1,268.7,-6.59,0.15,2023-09-01,-0.02452549311499814
2024-07-21,Latin America,Office Supplies,Paper,Consumer,2,66.53,-4.93,0.3,2024-07-01,-0.0741019089132722
2024-07-04,Europe,Technology,Machines,Home Office,1,444.14,114.15,0.0,2024-07-01,0.25701355428468503
2023-09-02,Latin America,Office Supplies,Art,Home Office,3,149.02,56.18,0.0,2023-09-01,0.37699637632532546
2023-09-24,North America,Technology,Phones,Consumer,3,738.71,197.39,0.0,2023-09-01,0.26720905362050057
2024-11-12,Europe,Office Supplies,Storage,Home Office,4,246.75,81.91,0.0,2024-11-01,0.33195542046605875
2024-09-19,Europe,Office Supplies,Binders,Corporate,1,27.5,11.57,0.0,2024-09-01,0.4207272727272727
2023-01-25,Europe,Office Supplies,Art,Corporate,2,110.58,42.76,0.0,2023-01-01,0.3866883704105625
2024-07-31,North America,Technology,Machines,Corporate,5,2455.5,536.28,0.0,2024-07-01,0.21839951130116064
2024-05-13,Asia Pacific,Office Supplies,Storage,Consumer,2,80.0,-8.31,0.3,2024-05-01,-0.10387500000000001
2024-03-29,North America,Furniture,Furnishings,Consumer,3,542.01,-11.37,0.1,2024-03-01,-0.020977472740355343
2024-08-31,Asia Pacific,Office Supplies,Binders,Home Office,5,205.64,18.1,0.2,2024-08-01,0.08801789535109902
2023-10-02,Latin America,Office Supplies,Paper,Corporate,4,181.2,-19.56,0.3,2023-10-01,-0.10794701986754966
2023-01-21,Europe,Office Supplies,Storage,Consumer,1,51.62,21.72,0.0,2023-01-01,0.4207671445176288
2024-04-12,North America,Furniture,Chairs,Consumer,5,1368.67,191.06,0.1,2024-04-01,0.1395953736108777
2024-10-10,North America,Technology,Accessories,Corporate,6,1543.14,421.89,0.0,2024-10-01,0.27339709942066176
2024-03-29,Asia Pacific,Office Supplies,Binders,Consumer,2,80.51,30.35,0.0,2024-03-01,0.3769718047447522
2024-01-13,North America,Office Supplies,Storage,Home Office,4,203.13,65.06,0.0,2024-01-01,0.3202875006153695
2023-07-19,Europe,Furniture,Furnishings,Corporate,3,793.63,220.43,0.0,2023-07-01,0.2777490770258181
2024-07-08,Asia Pacific,Office Supplies,Art,Home Office,5,298.3,-107.13,0.5,2024-07-01,-0.35913509889373113
2024-04-17,Latin America,Office Supplies,Binders,Home Office,2,52.92,18.31,0.0,2024-04-01,0.34599395313681025
2024-03-21,Europe,Furniture,Furnishings,Consumer,4,1048.0,81.23,0.15,2024-03-01,0.07750954198473282
2023-01-08,Asia Pacific,Office Supplies,Paper,Consumer,6,245.36,116.19,0.0,2023-01-01,0.473549070753179
2024-05-11,North America,Technology,Copiers,Consumer,1,331.72,105.83,0.0,2024-05-01,0.31903412516580243
2023-01-17,Asia Pacific,Office Supplies,Binders,Corporate,5,227.62,72.1,0.0,2023-01-01,0.3167559968368333
2024-04-24,North America,Technology,Copiers,Consumer,2,633.58,33.2,0.15,2024-04-01,0.05240064395972095
2023-01-03,Middle East & Africa,Office Supplies,Storage,Consumer,2,64.24,30.18,0.0,2023-01-01,0.4698007471980075
2023-09-11,Europe,Technology,Copiers,Corporate,3,806.23,-48.62,0.15,2023-09-01,-0.06030537191620257
2024-09-28,Europe,Technology,Phones,Consumer,4,1487.71,337.53,0.0,2024-09-01,0.22687889440818437
2023-09-02,Asia Pacific,Technology,Accessories,Consumer,2,1006.99,-27.41,0.15,2023-09-01,-0.027219734058928094
2024-03-11,Latin America,Furniture,Tables,Corporate,1,146.86,-42.73,0.3,2024-03-01,-0.2909573743701484
2023-07-30,Asia Pacific,Technology,Phones,Corporate,4,1276.05,-198.08,0.2,2023-07-01,-0.15522902707574157
2024-10-10,Latin America,Technology,Machines,Consumer,3,1337.13,-37.83,0.15,2024-10-01,-0.028291938704538822
2024-11-08,Latin America,Office Supplies,Paper,Consumer,3,99.24,32.66,0.0,2024-11-01,0.3291011688835147
2024-10-21,Middle East & Africa,Office Supplies,Paper,Consumer,3,137.31,7.04,0.2,2024-10-01,0.051270846988566016
2024-10-25,Latin America,Office Supplies,Paper,Home Office,2,19.87,1.64,0.2,2024-10-01,0.08253648716658278
2024-11-25,Asia Pacific,Technology,Copiers,Corporate,3,633.05,50.84,0.15,2024-11-01,0.08030961219492933
2023-09-22,Europe,Furniture,Furnishings,Consumer,5,1182.09,-95.5,0.2,2023-09-01,-0.08078911081220551
2024-04-16,Latin America,Office Supplies,Paper,Home Office,4,171.25,39.77,0.1,2024-04-01,0.2322335766423358
2023-11-13,Europe,Office Supplies,Binders,Home Office,5,163.47,42.82,0.1,2023-11-01,0.2619440876001713
2023-02-23,Latin America,Technology,Copiers,Corporate,3,1276.51,251.22,0.0,2023-02-01,0.19680221854901253
2024-05-16,North America,Office Supplies,Storage,Corporate,1,49.57,16.55,0.0,2024-05-01,0.33387129312083924
2024-04-07,Latin America,Furniture,Chairs,Corporate,4,985.92,125.68,0.1,2024-04-01,0.12747484582927623
2024-07-16,North America,Office Supplies,Storage,Corporate,3,141.73,59.96,0.0,2024-07-01,0.4230579270443802
2024-09-03,Asia Pacific,Furniture,Chairs,Corporate,5,1204.98,287.58,0.0,2024-09-01,0.23865956281432055
2024-02-12,Middle East & Africa,Technology,Accessories,Corporate,1,542.42,48.07,0.1,2024-02-01,0.08862136351904429
2023-12-27,North America,Office Supplies,Storage,Corporate,1,94.49,46.68,0.0,2023-12-01,0.4940205312731506
2024-08-31,Europe,Technology,Phones,Home Office,2,640.84,137.31,0.0,2024-08-01,0.21426565133262593
2024-05-24,Europe,Office Supplies,Paper,Corporate,3,168.99,60.56,0.0,2024-05-01,0.3583644002603704
2023-12-30,North America,Furniture,Furnishings,Consumer,2,511.91,-51.03,0.2,2023-12-01,-0.09968549159031861
2024-03-26,Asia Pacific,Furniture,Bookcases,Consumer,3,636.42,45.97,0.1,2024-03-01,0.07223217372175608
2024-04-20,Europe,Office Supplies,Binders,Consumer,1,30.6,13.13,0.0,2024-04-01,0.42908496732026147
2024-02-16,Middle East & Africa,Technology,Phones,Consumer,5,1431.35,460.95,0.0,2024-02-01,0.3220386348552066
2023-06-29,North America,Furniture,Bookcases,Consumer,2,94.26,2.31,0.1,2023-06-01,0.024506683640992996
2023-06-21,Asia Pacific,Furniture,Chairs,Corporate,3,709.44,113.86,0.0,2023-06-01,0.16049278304014433
2024-09-29,Latin America,Office Supplies,Binders,Consumer,2,37.47,15.53,0.0,2024-09-01,0.4144649052575394
2024-05-03,Asia Pacific,Technology,Copiers,Consumer,2,363.99,88.96,0.0,2024-05-01,0.24440231874502044
2023-06-26,Europe,Office Supplies,Binders,Consumer,2,83.71,-3.83,0.3,2023-06-01,-0.04575319555608649
2023-11-25,Asia Pacific,Furniture,Chairs,Consumer,5,1528.07,21.29,0.1,2023-11-01,0.013932607799380919
2024-01-07,Asia Pacific,Technology,Machines,Consumer,6,2072.91,474.05,0.0,2024-01-01,0.22868817266547994
2024-10-13,Asia Pacific,Furniture,Tables,Consumer,4,1055.24,-21.62,0.15,2024-10-01,-0.02048823016564952
2023-11-11,North America,Office Supplies,Storage,Corporate,3,160.67,21.62,0.15,2023-11-01,0.13456152361984192
2023-06-15,Europe,Furniture,Tables,Home Office,4,1746.58,23.27,0.15,2023-06-01,0.013323180157794089
2024-04-16,Latin America,Furniture,Bookcases,Home Office,3,569.25,-70.72,0.2,2024-04-01,-0.12423364075537989
2023-08-08,North America,Technology,Accessories,Consumer,4,1926.74,139.22,0.15,2023-08-01,0.07225676531343098
2023-07-22,North America,Office Supplies,Binders,Home Office,6,275.75,101.58,0.0,2023-07-01,0.368377153218495
2023-11-17,North America,Furniture,Tables,Consumer,1,364.44,59.2,0.0,2023-11-01,0.16244100537811437
2024-12-16,Latin America,Furniture,Bookcases,Corporate,5,903.9,-47.34,0.2,2024-12-01,-0.0523730501161633
2024-06-28,Latin America,Furniture,Furnishings,Consumer,3,633.59,-3.65,0.15,2024-06-01,-0.005760823245316371
2024-12-05,North America,Technology,Accessories,Corporate,3,2339.05,790.24,0.0,2024-12-01,0.3378465616382719
2024-03-19,Middle East & Africa,Furniture,Chairs,Consumer,2,811.98,145.51,0.0,2024-03-01,0.1792039212788492
2024-01-16,Latin America,Office Supplies,Paper,Consumer,4,110.25,33.05,0.0,2024-01-01,0.29977324263038546
2023-08-21,Europe,Technology,Machines,Consumer,1,214.0,-7.66,0.15,2023-08-01,-0.035794392523364485
2023-12-06,North America,Technology,Machines,Consumer,2,878.41,81.06,0.1,2023-12-01,0.0922803702143646
2023-11-13,Asia Pacific,Furniture,Furnishings,Corporate,1,348.63,6.05,0.1,2023-11-01,0.01735364139632275
2023-02-13,Asia Pacific,Furniture,Furnishings,Home Office,2,346.52,-7.77,0.1,2023-02-01,-0.022422948170379774
2023-03-12,Europe,Office Supplies,Paper,Consumer,3,83.22,-14.65,0.3,2023-03-01,-0.17603941360249942
2023-03-08,Europe,Furniture,Chairs,Consumer,2,380.12,-3.03,0.2,2023-03-01,-0.00797116699989477
2024-11-04,Latin America,Technology,Accessories,Home Office,3,2104.5,591.29,0.0,2024-11-01,0.2809645996673794
2023-03-25,North America,Technology,Copiers,Consumer,4,1909.56,-683.61,0.4,2023-03-01,-0.35799346446301766
2023-06-17,Latin America,Office Supplies,Paper,Consumer,3,153.96,52.42,0.0,2023-06-01,0.3404780462457781
2023-01-03,North America,Office Supplies,Binders,Consumer,5,199.89,17.06,0.2,2023-01-01,0.08534694081744959
2023-09-13,Middle East & Africa,Technology,Phones,Consumer,3,1053.83,270.53,0.0,2023-09-01,0.2567112342597952
2023-02-15,Asia Pacific,Office Supplies,Binders,Home Office,1,23.84,8.33,0.0,2023-02-01,0.34941275167785235
2023-02-08,Asia Pacific,Technology,Copiers,Corporate,5,1630.8,312.32,0.0,2023-02-01,0.19151336767230806
2023-05-03,North America,Technology,Machines,Consumer,2,799.27,74.68,0.1,2023-05-01,0.09343525967445294
2023-03-12,Asia Pacific,Furniture,Furnishings,Corporate,2,588.77,-133.14,0.3,2023-03-01,-0.22613244560694326
2024-03-17,Europe,Office Supplies,Binders,Consumer,1,57.88,25.33,0.0,2024-03-01,0.43762957843814787
2023-04-02,North America,Technology,Accessories,Consumer,2,381.7,-81.23,0.3,2023-04-01,-0.2128111082001572
2023-08-28,Asia Pacific,Technology,Machines,Consumer,5,857.19,-20.89,0.15,2023-08-01,-0.024370326298720237
2024-03-24,Europe,Technology,Machines,Corporate,3,1340.78,-131.68,0.2,2024-03-01,-0.09821148883485734
2024-03-12,North America,Furniture,Furnishings,Consumer,1,261.84,-6.18,0.15,2024-03-01,-0.023602199816681945
2023-05-24,Europe,Office Supplies,Storage,Corporate,5,253.06,85.8,0.0,2023-05-01,0.33905002766142417
2023-01-25,North America,Furniture,Bookcases,Home Office,4,112.21,26.57,0.0,2023-01-01,0.23678816504767847
2023-10-02,North America,Technology,Accessories,Consumer,4,1709.56,21.97,0.15,2023-10-01,0.01285125997332647
2023-12-19,North America,Office Supplies,Paper,Home Office,1,40.09,16.06,0.0,2023-12-01,0.40059865303068093
2023-11-04,Asia Pacific,Furniture,Furnishings,Consumer,1,497.96,-250.16,0.5,2023-11-01,-0.5023696682464455
2023-12-22,Asia Pacific,Office Supplies,Paper,Consumer,3,222.25,43.5,0.1,2023-12-01,0.19572553430821146
2023-03-11,Asia Pacific,Technology,Phones,Consumer,3,1196.59,347.93,0.0,2023-03-01,0.2907679322073559
2023-03-29,North America,Technology,Copiers,Corporate,2,822.31,258.28,0.0,2023-03-01,0.3140907930099354
2024-09-17,Europe,Office Supplies,Art,Consumer,2,51.96,21.51,0.0,2024-09-01,0.41397228637413397
2024-12-08,Asia Pacific,Technology,Machines,Corporate,2,1391.8,-12.57,0.15,2024-12-01,-0.00903147003879868
2023-10-25,Latin America,Office Supplies,Storage,Consumer,4,228.0,-48.52,0.3,2023-10-01,-0.21280701754385967
2023-11-19,Asia Pacific,Technology,Copiers,Corporate,2,598.05,155.94,0.0,2023-11-01,0.2607474291447204
2024-08-17,North America,Technology,Copiers,Consumer,3,1389.95,287.88,0.0,2024-08-01,0.2071153638620094
2023-07-17,North America,Furniture,Tables,Corporate,2,726.03,-4.23,0.1,2023-07-01,-0.005826205528697162
2024-02-08,North America,Technology,Machines,Corporate,2,496.27,123.07,0.0,2024-02-01,0.24799000544058677
2024-07-21,North America,Office Supplies,Binders,Corporate,3,120.94,41.01,0.0,2024-07-01,0.33909376550355547
2024-12-31,Europe,Office Supplies,Binders,Consumer,3,84.2,17.32,0.1,2024-12-01,0.20570071258907363
2024-04-21,Europe,Furniture,Tables,Corporate,2,298.37,84.48,0.0,2024-04-01,0.2831383852263968
2024-10-02,Latin America,Office Supplies,Paper,Consumer,1,47.17,13.78,0.1,2024-10-01,0.29213483146067415
2024-07-21,Asia Pacific,Office Supplies,Storage,Corporate,3,129.83,-12.74,0.3,2024-07-01,-0.09812832165139027
2024-06-22,Asia Pacific,Office Supplies,Art,Consumer,2,74.98,22.43,0.0,2024-06-01,0.29914643905041344
2023-10-27,Latin America,Furniture,Chairs,Consumer,3,1120.42,180.86,0.0,2023-10-01,0.1614216097534853
2023-06-02,Latin America,Office Supplies,Art,Consumer,4,29.37,2.65,0.2,2023-06-01,0.0902281239359891
2024-01-23,Middle East & Africa,Office Supplies,Art,Home Office,2,64.27,7.68,0.2,2024-01-01,0.11949587676987708
2024-02-22,North America,Office Supplies,Art,Home Office,2,62.1,12.03,0.1,2024-02-01,0.193719806763285
2023-04-07,Latin America,Furniture,Chairs,Corporate,4,938.37,228.8,0.0,2023-04-01,0.2438270618199644
2023-01-11,North America,Office Supplies,Art,Home Office,1,36.27,-6.85,0.4,2023-01-01,-0.18886131789357594
2024-10-10,Europe,Technology,Phones,Home Office,2,832.28,158.52,0.0,2024-10-01,0.19046474744076514
2023-03-22,Middle East & Africa,Technology,Phones,Consumer,4,1495.06,474.82,0.0,2023-03-01,0.3175926049790644
2023-02-22,North America,Furniture,Furnishings,Home Office,3,717.8,54.51,0.15,2023-02-01,0.07594037336305377
2024-06-02,North America,Technology,Machines,Consumer,1,792.31,149.44,0.0,2024-06-01,0.1886130428746324
2024-11-20,Middle East & Africa,Furniture,Furnishings,Consumer,3,602.08,-334.05,0.5,2024-11-01,-0.5548266011161307
2023-07-05,North America,Technology,Accessories,Home Office,1,623.73,-303.43,0.4,2023-07-01,-0.4864765202892277
2023-02-01,Europe,Office Supplies,Paper,Corporate,4,95.51,33.11,0.0,2023-02-01,0.3466652706522877
2023-03-02,Europe,Office Supplies,Storage,Consumer,4,201.89,71.96,0.0,2023-03-01,0.35643172024369707
2024-01-08,Asia Pacific,Office Supplies,Binders,Consumer,4,163.97,37.02,0.1,2024-01-01,0.22577300725742516
2024-12-13,North America,Technology,Machines,Consumer,3,2448.34,721.08,0.0,2024-12-01,0.29451791826298634
2024-08-07,Europe,Technology,Phones,Consumer,5,1541.1,384.16,0.0,2024-08-01,0.24927649081824674
2023-06-26,Europe,Furniture,Bookcases,Consumer,3,414.44,74.9,0.0,2023-06-01,0.18072579866808225
2023-01-23,Latin America,Technology,Accessories,Consumer,3,1459.2,307.07,0.0,2023-01-01,0.21043722587719296
2023-03-13,Middle East & Africa,Technology,Phones,Corporate,2,1048.62,-31.1,0.15,2023-03-01,-0.029658026739905786
2024-05-03,North America,Furniture,Furnishings,Consumer,3,1156.72,341.14,0.0,2024-05-01,0.29492011895705095
2024-12-17,Asia Pacific,Office Supplies,Binders,Consumer,2,141.89,23.56,0.15,2024-12-01,0.1660441186834872
2023-11-29,Asia Pacific,Office Supplies,Storage,Corporate,1,55.58,5.86,0.15,2023-11-01,0.10543360921194675
2024-03-08,Europe,Technology,Copiers,Corporate,3,1813.04,467.88,0.0,2024-03-01,0.2580638044389534
2024-07-12,Asia Pacific,Office Supplies,Art,Corporate,3,66.02,-1.88,0.3,2024-07-01,-0.028476219327476522
2024-05-04,North America,Technology,Machines,Home Office,1,346.45,-25.05,0.2,2024-05-01,-0.07230480588829558
2024-03-05,Latin America,Technology,Copiers,Consumer,1,216.65,57.14,0.0,2024-03-01,0.26374336487422106
2023-03-30,Middle East & Africa,Office Supplies,Paper,Consumer,5,253.93,105.86,0.0,2023-03-01,0.41688654353562005
2023-09-18,Middle East & Africa,Furniture,Chairs,Corporate,2,418.18,-131.96,0.3,2023-09-01,-0.3155578937299727
2024-11-28,Latin America,Furniture,Bookcases,Consumer,2,880.76,26.27,0.15,2024-11-01,0.029826513465643308
2023-12-22,North America,Technology,Copiers,Consumer,4,2135.54,527.36,0.0,2023-12-01,0.2469445667138054
2023-04-23,Latin America,Furniture,Furnishings,Consumer,1,107.15,19.06,0.0,2023-04-01,0.1778814745683621
2024-07-07,Middle East & Africa,Technology,Copiers,Consumer,2,678.25,210.74,0.0,2024-07-01,0.3107113896056027
2024-09-26,Asia Pacific,Office Supplies,Art,Corporate,3,132.3,-4.56,0.2,2024-09-01,-0.03446712018140589
2024-09-29,Latin America,Furniture,Chairs,Corporate,1,315.74,-8.76,0.1,2024-09-01,-0.027744346614302907
2023-02-27,Asia Pacific,Office Supplies,Art,Consumer,2,93.51,28.22,0.0,2023-02-01,0.3017859052507753
2023-06-29,North America,Technology,Machines,Corporate,4,1835.14,502.1,0.0,2023-06-01,0.27360310385038744
2023-01-09,Asia Pacific,Furniture,Tables,Consumer,2,540.65,120.91,0.0,2023-01-01,0.2236382132618145
2023-05-26,North America,Office Supplies,Storage,Consumer,3,110.4,13.01,0.15,2023-05-01,0.11784420289855072
2023-05-30,North America,Technology,Machines,Corporate,1,550.84,164.31,0.0,2023-05-01,0.2982898845399753
2023-11-05,North America,Furniture,Bookcases,Corporate,2,567.26,20.14,0.15,2023-11-01,0.03550400169234566
2023-12-28,Asia Pacific,Office Supplies,Storage,Home Office,1,34.04,14.73,0.0,2023-12-01,0.43272620446533494
2023-06-25,North America,Office Supplies,Storage,Consumer,4,141.31,62.43,0.0,2023-06-01,0.4417946359068714
2024-11-24,Middle East & Africa,Furniture,Chairs,Corporate,2,991.93,-350.88,0.4,2024-11-01,-0.353734638532961
2023-07-29,Europe,Technology,Accessories,Consumer,1,373.12,-154.62,0.4,2023-07-01,-0.414397512864494
2023-12-16,Europe,Technology,Phones,Consumer,3,1090.97,296.68,0.0,2023-12-01,0.27194148326718426
2024-05-03,North America,Technology,Phones,Corporate,5,1083.48,123.64,0.15,2024-05-01,0.11411378151880976
2023-07-01,Middle East & Africa,Technology,Accessories,Corporate,6,2522.99,592.24,0.0,2023-07-01,0.23473735528083745
2023-10-05,North America,Office Supplies,Art,Consumer,6,292.77,107.71,0.0,2023-10-01,0.3678997165010076
2023-01-18,Middle East & Africa,Office Supplies,Binders,Consumer,2,105.07,21.58,0.1,2023-01-01,0.20538688493385363
2023-06-25,Latin America,Technology,Machines,Corporate,1,496.7,16.7,0.15,2023-06-01,0.03362190457016308
2024-11-12,Latin America,Technology,Copiers,Corporate,4,2176.02,434.31,0.0,2024-11-01,0.1995891581878843
2023-11-26,Europe,Technology,Machines,Consumer,4,1806.95,503.99,0.0,2023-11-01,0.2789175129361631
2024-09-02,Europe,Office Supplies,Paper,Corporate,1,36.61,9.95,0.0,2024-09-01,0.2717836656651188
2024-04-30,North America,Technology,Phones,Corporate,5,1953.13,165.91,0.1,2024-04-01,0.0849457025390015
2024-05-16,Asia Pacific,Office Supplies,Binders,Consumer,1,35.24,12.21,0.0,2024-05-01,0.3464812712826334
2024-03-06,Europe,Furniture,Tables,Consumer,4,391.65,110.3,0.0,2024-03-01,0.2816290054895953
2023-01-08,Asia Pacific,Office Supplies,Paper,Consumer,4,220.99,-11.87,0.3,2023-01-01,-0.05371283768496311
2023-05-04,Latin America,Technology,Accessories,Consumer,2,410.47,-230.35,0.5,2023-05-01,-0.5611859575608449
2023-05-14,North America,Technology,Copiers,Consumer,2,501.08,-32.62,0.2,2023-05-01,-0.06509938532769219
2023-04-04,Europe,Office Supplies,Paper,Consumer,2,71.95,28.81,0.0,2023-04-01,0.4004169562195969
2024-11-08,Latin America,Furniture,Bookcases,Consumer,3,901.98,168.84,0.0,2024-11-01,0.18718818599082018
2024-07-07,Asia Pacific,Furniture,Furnishings,Consumer,1,383.44,94.5,0.0,2024-07-01,0.2464531608595869
2024-01-18,Europe,Office Supplies,Binders,Consumer,1,39.13,-4.4,0.3,2024-01-01,-0.11244569384104268
2024-07-13,North America,Office Supplies,Art,Corporate,2,64.72,14.55,0.0,2024-07-01,0.22481458590852907
2024-06-24,North America,Technology,Copiers,Corporate,5,2467.72,778.46,0.0,2024-06-01,0.3154571831488176
2024-10-26,Asia Pacific,Technology,Accessories,Consumer,1,440.41,-15.15,0.15,2024-10-01,-0.03439976385640653
2024-09-30,North America,Furniture,Chairs,Corporate,1,164.65,29.65,0.0,2024-09-01,0.18007895535985421
2024-03-16,Middle East & Africa,Technology,Phones,Consumer,1,515.89,88.59,0.0,2024-03-01,0.17172265405415885
2024-03-13,North America,Office Supplies,Paper,Consumer,5,98.32,17.23,0.1,2024-03-01,0.17524410089503664
2023-10-03,Asia Pacific,Furniture,Tables,Corporate,3,433.58,122.91,0.0,2023-10-01,0.2834770976521057
2024-07-28,Asia Pacific,Office Supplies,Storage,Corporate,3,151.14,34.89,0.1,2024-07-01,0.23084557364033348
2023-05-26,Europe,Office Supplies,Art,Home Office,3,173.92,-19.42,0.3,2023-05-01,-0.11166053357865686
2024-12-22,North America,Office Supplies,Art,Home Office,6,191.25,45.3,0.0,2024-12-01,0.2368627450980392
2024-12-15,Europe,Technology,Copiers,Home Office,2,1173.24,321.06,0.0,2024-12-01,0.27365244962667484
2024-12-03,Europe,Technology,Phones,Consumer,1,818.91,231.98,0.0,2024-12-01,0.2832789928075124
2024-01-21,Asia Pacific,Furniture,Chairs,Home Office,2,660.53,-212.79,0.3,2024-01-01,-0.3221503943802704
2023-03-20,Middle East & Africa,Office Supplies,Binders,Corporate,2,95.04,-4.47,0.2,2023-03-01,-0.04703282828282828
2023-06-03,North America,Office Supplies,Art,Consumer,2,89.7,-12.58,0.3,2023-06-01,-0.1402452619843924
2023-04-11,Middle East & Africa,Technology,Phones,Consumer,1,627.82,-22.92,0.15,2023-04-01,-0.03650727915644612
2023-08-10,North America,Office Supplies,Storage,Consumer,3,127.91,23.65,0.1,2023-08-01,0.1848956297396607
2024-07-06,North America,Technology,Machines,Consumer,2,1129.52,95.31,0.15,2024-07-01,0.08438097598980097
2023-02-24,Latin America,Technology,Machines,Corporate,1,366.59,-124.17,0.4,2023-02-01,-0.3387162770397447
2023-10-06,Latin America,Technology,Copiers,Consumer,1,362.13,77.8,0.0,2023-10-01,0.2148399745947588
2024-06-10,Asia Pacific,Furniture,Furnishings,Corporate,2,336.37,17.27,0.1,2024-06-01,0.051342271902964
2023-06-01,North America,Office Supplies,Binders,Corporate,2,98.86,19.75,0.15,2023-06-01,0.19977746307910177
2024-09-17,Latin America,Office Supplies,Binders,Consumer,2,110.56,41.53,0.0,2024-09-01,0.3756331403762663
2023-10-13,North America,Office Supplies,Storage,Home Office,1,48.71,20.0,0.0,2023-10-01,0.41059330732909055
2024-04-27,Latin America,Technology,Machines,Consumer,3,690.38,60.14,0.1,2024-04-01,0.08711144587039023
2024-02-03,North America,Technology,Phones,Consumer,2,683.58,177.53,0.0,2024-02-01,0.25970625237719064
2023-11-14,North America,Office Supplies,Paper,Corporate,2,128.71,32.46,0.1,2023-11-01,0.2521948566544946
2024-01-27,North America,Furniture,Chairs,Consumer,1,100.7,-21.21,0.2,2024-01-01,-0.21062562065541213
2023-03-11,Europe,Furniture,Tables,Consumer,2,731.82,-85.52,0.2,2023-03-01,-0.11685933699543602
2023-02-06,Middle East & Africa,Furniture,Tables,Consumer,2,443.93,35.68,0.1,2023-02-01,0.08037303178429031
2024-11-23,Latin America,Office Supplies,Paper,Consumer,2,142.02,54.19,0.0,2024-11-01,0.3815659766230108
2023-04-10,North America,Technology,Machines,Corporate,4,1637.4,-89.16,0.15,2023-04-01,-0.054452180285818975
2023-08-21,Europe,Furniture,Bookcases,Home Office,4,1563.9,427.8,0.0,2023-08-01,0.27354690197582965
2024-01-18,Europe,Furniture,Chairs,Consumer,2,503.37,133.1,0.0,2024-01-01,0.26441782386713547
2024-05-31,North America,Technology,Copiers,Consumer,2,954.32,222.58,0.0,2024-05-01,0.23323413530052814
2024-06-28,North America,Technology,Copiers,Consumer,2,937.02,243.19,0.0,2024-06-01,0.2595355488676869
2023-10-29,Asia Pacific,Technology,Machines,Consumer,2,557.52,35.06,0.15,2023-10-01,0.06288563638972594
2024-06-26,Latin America,Office Supplies,Art,Consumer,3,119.76,40.74,0.0,2024-06-01,0.34018036072144286
2024-07-10,Asia Pacific,Technology,Copiers,Consumer,3,1229.84,-184.94,0.2,2024-07-01,-0.1503772848500618
2023-05-18,Europe,Technology,Copiers,Home Office,4,1154.79,272.7,0.0,2023-05-01,0.23614683189151275
2023-03-06,Asia Pacific,Furniture,Furnishings,Home Office,4,318.68,-185.23,0.5,2023-03-01,-0.5812413706539475
2023-12-07,Europe,Furniture,Tables,Corporate,2,906.04,247.47,0.0,2023-12-01,0.27313363648404043
2023-12-16,Middle East & Africa,Office Supplies,Art,Home Office,3,163.15,32.3,0.15,2023-12-01,0.19797732148329755
2024-11-08,North America,Furniture,Furnishings,Corporate,1,412.61,80.46,0.0,2024-11-01,0.1950025447759385
2024-07-11,North America,Office Supplies,Art,Corporate,3,20.06,3.69,0.15,2024-07-01,0.1839481555333998
2023-12-04,Latin America,Furniture,Chairs,Consumer,2,611.3,90.04,0.0,2023-12-01,0.14729265499754624
2023-02-14,Asia Pacific,Furniture,Chairs,Corporate,3,776.52,194.25,0.0,2023-02-01,0.2501545356204605
2024-04-16,Europe,Furniture,Furnishings,Home Office,1,270.73,-89.84,0.3,2024-04-01,-0.33184353414841355
2023-12-25,Europe,Furniture,Tables,Consumer,5,780.34,-134.05,0.2,2023-12-01,-0.1717840941128226
2024-05-30,Europe,Office Supplies,Binders,Consumer,2,48.61,18.02,0.0,2024-05-01,0.37070561612836866
2023-09-05,Asia Pacific,Furniture,Furnishings,Corporate,2,646.15,10.22,0.1,2023-09-01,0.015816760814052467
2024-02-12,North America,Technology,Accessories,Consumer,2,768.89,195.3,0.0,2024-02-01,0.2540025231177412
2023-08-29,Latin America,Furniture,Furnishings,Corporate,1,214.29,22.24,0.15,2023-08-01,0.10378459097484717
2023-05-02,Europe,Technology,Copiers,Corporate,2,854.65,-12.84,0.1,2023-05-01,-0.015023693909787632
2024-03-14,North America,Technology,Machines,Corporate,1,550.36,186.91,0.0,2024-03-01,0.3396140707900283
2024-09-27,North America,Technology,Accessories,Consumer,2,373.48,87.37,0.0,2024-09-01,0.23393488272464388
2023-10-07,Asia Pacific,Office Supplies,Binders,Home Office,2,77.05,15.19,0.1,2023-10-01,0.1971447112264763
2023-02-02,Europe,Technology,Accessories,Corporate,3,1418.88,319.92,0.0,2023-02-01,0.22547361299052773
2023-06-03,North America,Furniture,Chairs,Consumer,2,556.49,44.63,0.1,2023-06-01,0.08019910510521304
2023-04-13,Latin America,Furniture,Furnishings,Consumer,4,611.08,118.78,0.0,2023-04-01,0.19437716829220394
2023-03-15,Europe,Technology,Accessories,Consumer,6,1827.34,495.23,0.0,2023-03-01,0.27101141550012586
2023-08-02,Europe,Furniture,Furnishings,Corporate,3,901.14,4.69,0.1,2023-08-01,0.005204518720731519
2023-03-23,Middle East & Africa,Office Supplies,Binders,Corporate,3,166.45,19.59,0.15,2023-03-01,0.11769300090117153
2023-06-23,Europe,Technology,Machines,Home Office,4,179.04,14.57,0.1,2023-06-01,0.08137846291331546
2023-03-28,Europe,Technology,Copiers,Consumer,2,488.32,110.1,0.0,2023-03-01,0.22546690694626473
2024-09-16,North America,Office Supplies,Art,Corporate,2,99.13,19.44,0.1,2024-09-01,0.1961061232724705
2024-06-27,Europe,Furniture,Furnishings,Consumer,2,707.19,190.58,0.0,2024-06-01,0.2694891047667529
2024-11-15,Asia Pacific,Office Supplies,Binders,Consumer,1,82.75,22.4,0.1,2024-11-01,0.27069486404833837
2023-10-05,Europe,Office Supplies,Binders,Corporate,5,225.43,47.47,0.1,2023-10-01,0.21057534489642016
2023-04-30,Europe,Furniture,Bookcases,Corporate,3,803.72,-96.98,0.2,2023-04-01,-0.12066391280545463
2024-04-18,North America,Technology,Copiers,Corporate,5,2195.67,395.25,0.15,2024-04-01,0.1800133899902991
2023-10-31,Middle East & Africa,Technology,Machines,Home Office,1,273.62,1.76,0.15,2023-10-01,0.006432278342226446
2023-10-12,Asia Pacific,Furniture,Furnishings,Corporate,1,296.39,7.52,0.1,2023-10-01,0.025371976112554404
2024-02-04,Europe,Office Supplies,Binders,Corporate,2,37.69,8.93,0.1,2024-02-01,0.2369328734412311
2024-10-20,Latin America,Technology,Copiers,Consumer,4,1121.73,-607.1,0.5,2024-10-01,-0.5412175835539746
2024-07-11,Europe,Furniture,Bookcases,Home Office,2,700.8,188.61,0.0,2024-07-01,0.2691352739726028
2023-02-18,Asia Pacific,Office Supplies,Art,Corporate,1,46.8,2.63,0.2,2023-02-01,0.0561965811965812
2023-01-09,Europe,Office Supplies,Binders,Consumer,3,147.41,57.46,0.0,2023-01-01,0.38979716437148093
2024-03-09,Europe,Office Supplies,Storage,Corporate,1,14.8,6.15,0.0,2024-03-01,0.41554054054054057
2023-04-20,Europe,Office Supplies,Paper,Consumer,1,39.88,-0.64,0.3,2023-04-01,-0.0160481444332999
2024-01-19,Europe,Technology,Accessories,Home Office,6,2754.21,-638.84,0.3,2024-01-01,-0.23195035963125543
2023-01-21,North America,Technology,Copiers,Corporate,1,320.48,70.16,0.0,2023-01-01,0.2189216175736395
2024-02-27,North America,Technology,Accessories,Corporate,3,769.61,242.35,0.0,2024-02-01,0.3148997544210704
2024-03-13,Europe,Office Supplies,Art,Consumer,1,55.99,20.17,0.0,2024-03-01,0.36024290051794966
2024-07-14,Asia Pacific,Technology,Machines,Consumer,2,627.84,148.77,0.0,2024-07-01,0.2369552752293578
2023-02-01,Europe,Furniture,Furnishings,Corporate,3,578.74,121.07,0.0,2023-02-01,0.20919583923696305
2024-01-07,Latin America,Technology,Phones,Home Office,1,276.9,-38.8,0.2,2024-01-01,-0.14012278801011196
2023-08-01,Asia Pacific,Furniture,Tables,Corporate,1,300.22,78.68,0.0,2023-08-01,0.26207447871560857
2023-12-13,North America,Technology,Accessories,Consumer,4,3556.54,1084.12,0.0,2023-12-01,0.3048243517576071
2024-07-03,North America,Office Supplies,Storage,Consumer,1,45.04,15.92,0.0,2024-07-01,0.35346358792184723
2024-08-14,Europe,Office Supplies,Binders,Consumer,6,244.89,-5.11,0.2,2024-08-01,-0.020866511494956923
2023-04-11,Europe,Furniture,Furnishings,Consumer,3,371.16,107.79,0.0,2023-04-01,0.2904138376980278
2023-06-14,Latin America,Office Supplies,Paper,Corporate,1,72.7,26.58,0.0,2023-06-01,0.3656121045392022
2024-10-20,Europe,Office Supplies,Art,Consumer,3,71.29,25.2,0.0,2024-10-01,0.35348576237901524
2023-07-30,Asia Pacific,Technology,Copiers,Home Office,3,1137.43,318.8,0.0,2023-07-01,0.28028098432431003
2024-07-27,North America,Office Supplies,Art,Corporate,4,120.22,10.78,0.2,2024-07-01,0.08966894027616037
2024-08-09,North America,Technology,Copiers,Corporate,1,176.65,-27.97,0.3,2024-08-01,-0.15833569204641945
2024-03-29,Europe,Furniture,Furnishings,Consumer,5,797.04,-447.76,0.5,2024-03-01,-0.5617785807487705
2023-11-03,North America,Furniture,Bookcases,Consumer,3,1235.25,-269.34,0.3,2023-11-01,-0.2180449301760777
2024-06-03,Latin America,Office Supplies,Paper,Corporate,3,144.55,53.45,0.0,2024-06-01,0.36976824628156346
2024-12-01,Middle East & Africa,Technology,Copiers,Consumer,6,3014.39,682.91,0.0,2024-12-01,0.2265499819200568
2024-09-04,North America,Furniture,Furnishings,Consumer,1,397.54,100.2,0.0,2024-09-01,0.25205010816521606
2024-03-10,Asia Pacific,Office Supplies,Storage,Consumer,1,32.25,12.37,0.0,2024-03-01,0.3835658914728682
2023-05-12,Asia Pacific,Furniture,Furnishings,Corporate,4,991.62,305.03,0.0,2023-05-01,0.3076077529698876
2024-08-09,North America,Technology,Accessories,Consumer,2,600.67,148.66,0.0,2024-08-01,0.24749030249554665
2024-08-17,Asia Pacific,Technology,Copiers,Consumer,2,129.83,-12.2,0.15,2024-08-01,-0.09396903643225755
2023-08-03,North America,Furniture,Bookcases,Corporate,5,1452.17,420.14,0.0,2023-08-01,0.2893187436732614
2024-01-17,Asia Pacific,Furniture,Furnishings,Corporate,2,241.27,-17.49,0.15,2024-01-01,-0.07249139967671073
2023-02-15,North America,Technology,Phones,Consumer,2,611.74,150.78,0.0,2023-02-01,0.24647726158171773
2023-10-25,North America,Technology,Copiers,Consumer,2,789.74,232.25,0.0,2023-10-01,0.2940841289538329
2023-04-17,Europe,Furniture,Tables,Home Office,1,274.3,84.06,0.0,2023-04-01,0.30645278891724387
2024-07-29,Latin America,Office Supplies,Binders,Home Office,2,98.55,38.68,0.0,2024-07-01,0.39249112125824454
2023-09-23,Middle East & Africa,Office Supplies,Binders,Consumer,3,103.98,17.74,0.1,2023-09-01,0.17060973264089246
2024-11-21,Latin America,Furniture,Furnishings,Corporate,1,304.17,-82.28,0.3,2024-11-01,-0.270506624584936
2024-01-25,Europe,Office Supplies,Paper,Corporate,3,149.57,-12.85,0.3,2024-01-01,-0.08591295045797954
2024-12-16,Latin America,Technology,Phones,Consumer,3,785.37,-325.69,0.4,2024-12-01,-0.4146962578147879
2023-06-26,Latin America,Technology,Accessories,Consumer,3,322.57,77.01,0.0,2023-06-01,0.23873887838298666
2023-12-02,Europe,Technology,Accessories,Consumer,2,970.95,-40.37,0.2,2023-12-01,-0.04157783613986302
2023-05-15,Middle East & Africa,Technology,Phones,Consumer,3,1648.05,-849.65,0.5,2023-05-01,-0.5155486787415431
2023-05-02,Europe,Technology,Copiers,Consumer,3,846.72,163.6,0.0,2023-05-01,0.1932161753590325
2024-08-20,North America,Technology,Phones,Corporate,4,2048.17,211.59,0.0,2024-08-01,0.10330685441149905
2023-03-18,North America,Technology,Accessories,Home Office,4,2448.2,850.69,0.0,2023-03-01,0.3474756964300303
2024-08-14,North America,Office Supplies,Art,Consumer,6,241.61,46.51,0.1,2024-08-01,0.19250031041761514
2023-12-01,Asia Pacific,Technology,Copiers,Corporate,3,2222.07,117.77,0.15,2023-12-01,0.053000130508939855
2024-03-11,North America,Technology,Phones,Consumer,1,623.28,161.37,0.0,2024-03-01,0.25890450519830577
2024-08-14,Europe,Office Supplies,Paper,Corporate,1,43.94,7.54,0.15,2024-08-01,0.1715976331360947
2023-02-08,North America,Office Supplies,Art,Corporate,4,147.43,56.62,0.0,2023-02-01,0.38404666621447464
2023-09-15,Europe,Office Supplies,Storage,Consumer,2,96.67,11.28,0.1,2023-09-01,0.11668563152994724
2024-11-10,Latin America,Technology,Machines,Consumer,3,1807.08,347.55,0.0,2024-11-01,0.19232684773225314
2023-07-06,North America,Technology,Copiers,Corporate,3,854.39,123.34,0.1,2023-07-01,0.14436030384250753
2024-01-27,Europe,Office Supplies,Binders,Home Office,4,245.03,30.1,0.15,2024-01-01,0.1228421009672285
2023-10-24,North America,Technology,Phones,Consumer,3,1349.18,-530.89,0.4,2023-10-01,-0.3934908611156406
2023-10-13,Latin America,Technology,Phones,Corporate,2,1026.63,14.32,0.15,2023-10-01,0.013948550110555895
2024-01-08,North America,Furniture,Tables,Corporate,5,1317.76,-70.59,0.2,2024-01-01,-0.05356817629917436
2024-05-29,North America,Office Supplies,Binders,Corporate,3,184.88,-92.5,0.5,2024-05-01,-0.5003245348334054
2023-05-24,Europe,Office Supplies,Storage,Consumer,5,257.98,35.35,0.1,2023-05-01,0.13702612605628342
2023-07-08,Asia Pacific,Technology,Phones,Corporate,2,943.62,9.32,0.15,2023-07-01,0.009876857209469915
2023-04-11,Europe,Office Supplies,Paper,Consumer,1,31.6,8.81,0.0,2023-04-01,0.27879746835443037
2024-02-21,North America,Technology,Phones,Home Office,2,504.17,103.72,0.0,2024-02-01,0.2057242596743162
2024-04-09,Europe,Office Supplies,Storage,Corporate,2,90.91,39.34,0.0,2024-04-01,0.4327356726432736
2023-01-15,Europe,Office Supplies,Paper,Consumer,2,85.65,23.6,0.1,2023-01-01,0.27553998832457677
2023-03-06,Middle East & Africa,Office Supplies,Art,Home Office,2,49.66,8.69,0.15,2023-03-01,0.17498993153443415
2024-06-21,Latin America,Office Supplies,Binders,Home Office,4,245.76,118.86,0.0,2024-06-01,0.483642578125
2024-12-06,Asia Pacific,Technology,Phones,Consumer,2,982.14,-60.33,0.2,2024-12-01,-0.06142708778789174
2024-08-16,North America,Office Supplies,Binders,Consumer,5,92.8,34.42,0.0,2024-08-01,0.3709051724137931
2023-05-12,Asia Pacific,Office Supplies,Art,Consumer,5,200.17,78.79,0.0,2023-05-01,0.39361542688714596
2023-03-14,North America,Office Supplies,Binders,Consumer,3,120.34,47.84,0.0,2023-03-01,0.3975403024763171
2023-10-09,North America,Office Supplies,Storage,Home Office,5,226.14,50.31,0.1,2023-10-01,0.2224728044574158
2024-01-05,North America,Furniture,Furnishings,Consumer,3,649.96,-176.62,0.3,2024-01-01,-0.27173979937226905
2024-11-07,North America,Office Supplies,Storage,Consumer,1,80.24,33.47,0.0,2024-11-01,0.41712362911266204
2024-08-25,Latin America,Technology,Copiers,Consumer,3,1568.66,-403.6,0.3,2024-08-01,-0.2572896612395293
2024-09-02,North America,Technology,Phones,Corporate,1,543.73,106.39,0.1,2024-09-01,0.1956669670608574
2024-04-12,North America,Office Supplies,Storage,Home Office,2,109.82,17.69,0.2,2024-04-01,0.1610817701693681
2023-06-05,Asia Pacific,Office Supplies,Art,Consumer,3,73.03,21.74,0.0,2023-06-01,0.2976858825140353
2024-04-20,Asia Pacific,Technology,Copiers,Home Office,3,1511.75,62.17,0.15,2024-04-01,0.04112452455763189
2023-02-10,Latin America,Furniture,Chairs,Corporate,4,851.7,178.8,0.0,2023-02-01,0.20993307502641775
2023-10-25,Middle East & Africa,Office Supplies,Art,Consumer,5,225.87,91.79,0.0,2023-10-01,0.4063842033027848
2024-09-21,Europe,Office Supplies,Binders,Home Office,1,57.85,21.92,0.0,2024-09-01,0.37891097666378565
2024-12-16,North America,Office Supplies,Binders,Corporate,1,42.64,17.55,0.0,2024-12-01,0.41158536585365857
2023-08-16,Europe,Office Supplies,Storage,Consumer,2,56.89,18.84,0.0,2023-08-01,0.331165406925646
2024-08-25,Asia Pacific,Technology,Accessories,Consumer,3,1070.71,-456.81,0.4,2024-08-01,-0.4266421346583108
2024-08-06,Europe,Furniture,Bookcases,Consumer,3,836.48,-384.13,0.4,2024-08-01,-0.4592219778117827
2023-04-29,Asia Pacific,Office Supplies,Storage,Corporate,1,4.92,1.67,0.1,2023-04-01,0.3394308943089431
2024-02-14,North America,Furniture,Tables,Corporate,1,229.98,13.68,0.1,2024-02-01,0.05948343334202974
2024-10-30,Asia Pacific,Technology,Accessories,Corporate,2,829.25,67.65,0.1,2024-10-01,0.08157974072957493
2023-07-19,Latin America,Furniture,Furnishings,Consumer,4,797.21,219.09,0.0,2023-07-01,0.27482093802134944
2024-03-27,Asia Pacific,Office Supplies,Paper,Consumer,4,219.63,4.8,0.2,2024-03-01,0.02185493785002049
2023-11-04,Europe,Office Supplies,Storage,Consumer,2,117.83,47.16,0.0,2023-11-01,0.40023763048459643
2024-09-30,Europe,Office Supplies,Paper,Consumer,4,160.11,-41.7,0.4,2024-09-01,-0.2604459434139029
2023-07-14,Europe,Technology,Machines,Corporate,1,643.42,163.1,0.0,2023-07-01,0.25348916726244136
2023-07-29,North America,Office Supplies,Storage,Corporate,1,48.86,17.17,0.0,2023-07-01,0.3514121981170692
2023-06-09,North America,Furniture,Bookcases,Corporate,1,298.79,66.45,0.0,2023-06-01,0.22239700123832792
2024-10-18,Europe,Furniture,Tables,Consumer,2,547.91,126.09,0.0,2024-10-01,0.23012903579054955
2024-05-27,Latin America,Technology,Phones,Corporate,5,3336.97,1111.11,0.0,2024-05-01,0.3329697300245432
2024-06-27,Asia Pacific,Office Supplies,Binders,Consumer,4,147.49,31.06,0.1,2024-06-01,0.21059054851176348
2024-08-21,North America,Office Supplies,Art,Consumer,4,195.09,76.37,0.0,2024-08-01,0.39146035163257986
2023-11-14,Middle East & Africa,Technology,Phones,Consumer,4,2419.61,145.41,0.15,2023-11-01,0.0600964618264927
2023-02-24,Europe,Technology,Phones,Consumer,3,1132.08,242.68,0.0,2023-02-01,0.21436647586742988
2024-12-22,North America,Furniture,Bookcases,Consumer,1,365.96,-37.18,0.2,2024-12-01,-0.10159580281998033
2023-04-05,Europe,Furniture,Bookcases,Corporate,2,233.73,44.79,0.0,2023-04-01,0.19163136952894366
2023-02-10,North America,Technology,Copiers,Consumer,1,250.11,-8.64,0.2,2023-02-01,-0.03454480028787334
2023-03-13,Asia Pacific,Office Supplies,Art,Home Office,1,32.84,6.25,0.1,2023-03-01,0.19031668696711326
2024-01-18,Latin America,Technology,Phones,Corporate,4,1267.56,-459.7,0.4,2024-01-01,-0.3626652781722364
2023-07-05,Latin America,Furniture,Bookcases,Consumer,3,614.67,144.63,0.0,2023-07-01,0.23529698862804432
2023-02-13,Asia Pacific,Furniture,Chairs,Home Office,4,245.88,12.18,0.1,2023-02-01,0.04953635919960957
2023-02-01,North America,Office Supplies,Paper,Consumer,3,51.02,21.63,0.0,2023-02-01,0.4239513916111328
2023-05-11,Europe,Office Supplies,Paper,Corporate,2,110.1,40.58,0.0,2023-05-01,0.36857402361489555
2024-08-11,North America,Technology,Accessories,Corporate,2,763.56,-177.95,0.3,2024-08-01,-0.23305306721148306
2024-09-18,Latin America,Office Supplies,Paper,Consumer,3,138.28,51.21,0.0,2024-09-01,0.37033555105582877
2023-04-04,Europe,Office Supplies,Art,Home Office,5,220.99,26.34,0.15,2023-04-01,0.11919091361600072
2023-01-18,Middle East & Africa,Furniture,Furnishings,Consumer,1,228.67,33.44,0.1,2023-01-01,0.14623693532164253
2023-08-07,Asia Pacific,Technology,Copiers,Consumer,2,704.92,36.43,0.1,2023-08-01,0.051679623219656134
2024-08-31,Asia Pacific,Furniture,Tables,Consumer,4,915.11,0.3,0.15,2024-08-01,0.0003278294412693556
2023-03-21,Asia Pacific,Furniture,Tables,Home Office,5,2061.74,354.83,0.0,2023-03-01,0.1721022049336968
2023-01-24,North America,Technology,Copiers,Home Office,7,3658.62,234.43,0.1,2023-01-01,0.06407607239888265
2023-03-06,North America,Technology,Accessories,Consumer,2,847.39,31.49,0.15,2023-03-01,0.03716116546100379
2023-08-21,Europe,Office Supplies,Paper,Home Office,3,87.34,17.85,0.15,2023-08-01,0.204373711930387
2023-12-17,North America,Furniture,Furnishings,Corporate,3,1299.14,276.79,0.0,2023-12-01,0.21305632957187062
2023-12-14,Europe,Office Supplies,Paper,Consumer,4,264.81,95.54,0.0,2023-12-01,0.36078697934368037
2024-08-12,Latin America,Office Supplies,Binders,Corporate,1,10.48,4.37,0.0,2024-08-01,0.4169847328244275
2023-07-29,North America,Technology,Copiers,Consumer,5,1937.92,438.78,0.0,2023-07-01,0.22641801519154556
2023-05-24,Latin America,Furniture,Chairs,Consumer,2,387.26,8.07,0.1,2023-05-01,0.020838713009347726
2023-07-14,North America,Technology,Machines,Corporate,3,1461.12,-34.1,0.15,2023-07-01,-0.023338261060008764
2023-12-22,North America,Technology,Copiers,Consumer,3,822.96,16.87,0.2,2023-12-01,0.02049917371439681
2024-04-10,Latin America,Office Supplies,Paper,Corporate,7,326.56,131.19,0.0,2024-04-01,0.4017332190102891
2024-10-14,Europe,Technology,Phones,Corporate,3,146.66,38.09,0.0,2024-10-01,0.25971635074321564
2023-06-13,Asia Pacific,Furniture,Tables,Corporate,2,544.88,-63.84,0.2,2023-06-01,-0.11716341212744091
2024-02-26,Europe,Technology,Machines,Consumer,2,551.69,71.68,0.1,2024-02-01,0.12992803929743152
2024-02-09,North America,Office Supplies,Binders,Consumer,2,98.98,29.7,0.0,2024-02-01,0.3000606183067286
2023-04-11,Asia Pacific,Office Supplies,Paper,Consumer,1,40.13,2.68,0.2,2023-04-01,0.06678295539496636
2023-02-15,Middle East & Africa,Office Supplies,Storage,Consumer,4,169.57,22.09,0.15,2023-02-01,0.1302706846729964
2024-06-09,Europe,Office Supplies,Art,Consumer,1,45.17,-5.54,0.3,2024-06-01,-0.1226477750719504
2024-01-10,Europe,Office Supplies,Paper,Corporate,3,115.75,41.53,0.0,2024-01-01,0.3587904967602592
2024-02-01,Latin America,Office Supplies,Storage,Consumer,2,54.06,16.34,0.0,2024-02-01,0.3022567517573067
2023-12-30,Middle East & Africa,Furniture,Furnishings,Corporate,2,1040.84,250.33,0.0,2023-12-01,0.24050766688443953
2024-02-04,Asia Pacific,Furniture,Chairs,Corporate,3,599.08,-156.64,0.3,2024-02-01,-0.2614675836282299
2023-04-16,North America,Technology,Accessories,Consumer,3,1152.99,177.87,0.0,2023-04-01,0.15426846720266438
2023-01-04,North America,Technology,Machines,Home Office,1,240.77,61.37,0.0,2023-01-01,0.2548905594550816
2023-10-16,Asia Pacific,Technology,Copiers,Consumer,1,207.93,-62.72,0.4,2023-10-01,-0.3016399749915837
2024-08-06,North America,Office Supplies,Paper,Consumer,2,93.99,35.18,0.0,2024-08-01,0.37429513778061496
2024-02-12,Asia Pacific,Technology,Phones,Consumer,3,290.9,-71.48,0.3,2024-02-01,-0.24572017875558613
2024-07-07,North America,Office Supplies,Art,Home Office,4,145.6,-12.0,0.3,2024-07-01,-0.08241758241758242
2023-10-31,Europe,Technology,Accessories,Consumer,2,914.06,36.72,0.15,2023-10-01,0.0401724175655865
2023-09-01,North America,Furniture,Bookcases,Corporate,1,238.88,-30.13,0.2,2023-09-01,-0.1261302746148694
2024-04-04,Asia Pacific,Technology,Copiers,Home Office,4,808.22,69.12,0.1,2024-04-01,0.0855212689614214
2023-10-20,Asia Pacific,Office Supplies,Art,Consumer,3,62.23,3.8,0.2,2023-10-01,0.06106379559697895
2024-09-06,Asia Pacific,Office Supplies,Binders,Consumer,4,146.64,21.32,0.1,2024-09-01,0.14539007092198583
2023-09-26,North America,Technology,Machines,Home Office,5,509.16,28.15,0.15,2023-09-01,0.055287139602482514
2023-06-23,North America,Furniture,Tables,Corporate,6,2191.03,421.52,0.0,2023-06-01,0.19238440368228638
2024-10-14,Middle East & Africa,Office Supplies,Storage,Corporate,3,108.52,12.82,0.2,2024-10-01,0.11813490600810911
2024-11-21,Latin America,Technology,Accessories,Corporate,3,2359.51,74.93,0.15,2024-11-01,0.03175659353001259
2024-05-18,North America,Technology,Copiers,Consumer,2,881.19,-6.95,0.1,2024-05-01,-0.0078870618141377
2024-04-19,North America,Technology,Accessories,Corporate,3,1063.6,312.75,0.0,2024-04-01,0.2940485144791275
2024-11-15,Asia Pacific,Office Supplies,Storage,Home Office,3,73.84,21.4,0.0,2024-11-01,0.289815817984832
2023-01-22,North America,Office Supplies,Binders,Home Office,4,71.71,22.18,0.0,2023-01-01,0.3093013526704783
2024-09-07,Asia Pacific,Technology,Machines,Consumer,2,495.7,156.41,0.0,2024-09-01,0.3155335888642324
2024-05-01,Europe,Office Supplies,Art,Consumer,4,121.19,51.01,0.0,2024-05-01,0.4209093159501609
2024-09-13,Latin America,Office Supplies,Art,Home Office,2,94.54,41.91,0.0,2024-09-01,0.4433044214089274
2023-08-22,Europe,Office Supplies,Art,Corporate,2,51.32,20.62,0.0,2023-08-01,0.40179267342166797
2024-01-13,North America,Office Supplies,Binders,Corporate,3,120.81,14.19,0.15,2024-01-01,0.11745716414204121
2023-08-17,North America,Office Supplies,Paper,Consumer,4,236.5,32.67,0.2,2023-08-01,0.13813953488372094
2023-09-20,Asia Pacific,Office Supplies,Art,Consumer,1,49.2,23.24,0.0,2023-09-01,0.4723577235772357
2024-12-13,Asia Pacific,Office Supplies,Storage,Consumer,6,337.46,83.53,0.1,2024-12-01,0.24752563266757543
2023-06-09,Middle East & Africa,Office Supplies,Paper,Corporate,2,110.85,49.32,0.0,2023-06-01,0.4449255751014885
2024-04-25,North America,Technology,Phones,Consumer,2,726.8,203.76,0.0,2024-04-01,0.28035222894881673
2023-08-19,Latin America,Office Supplies,Binders,Corporate,1,66.71,-0.26,0.2,2023-08-01,-0.0038974666466796586
2024-11-29,North America,Office Supplies,Binders,Consumer,1,45.22,8.45,0.15,2024-11-01,0.1868642193719593
2023-09-15,Latin America,Technology,Machines,Home Office,3,906.61,310.45,0.0,2023-09-01,0.342429490078424
2024-12-25,Latin America,Technology,Accessories,Corporate,2,1405.49,-304.93,0.3,2024-12-01,-0.21695636397270704
2023-11-16,North America,Office Supplies,Binders,Home Office,1,49.0,18.43,0.0,2023-11-01,0.37612244897959185
2023-01-10,Asia Pacific,Furniture,Furnishings,Consumer,4,1072.57,-145.08,0.2,2023-01-01,-0.1352638988597481
2024-11-16,North America,Office Supplies,Binders,Consumer,2,97.56,42.87,0.0,2024-11-01,0.4394218942189422
2024-11-07,Latin America,Office Supplies,Binders,Consumer,3,164.38,53.5,0.0,2024-11-01,0.3254653850833435
2024-12-08,North America,Furniture,Furnishings,Consumer,2,642.39,143.29,0.0,2024-12-01,0.22305764411027568
2023-04-09,Asia Pacific,Furniture,Furnishings,Consumer,5,792.27,-10.58,0.15,2023-04-01,-0.013354033347217489
2024-03-05,Europe,Technology,Copiers,Consumer,1,356.28,-0.95,0.15,2024-03-01,-0.0026664421241719997
2023-04-28,Latin America,Technology,Machines,Corporate,1,411.71,18.51,0.1,2023-04-01,0.044958830244589645
2024-10-04,Europe,Furniture,Chairs,Consumer,1,186.0,-23.4,0.2,2024-10-01,-0.12580645161290321
2023-04-05,Middle East & Africa,Office Supplies,Storage,Consumer,4,123.25,43.61,0.0,2023-04-01,0.3538336713995943
2023-03-01,Europe,Office Supplies,Paper,Consumer,4,185.15,39.33,0.15,2023-03-01,0.21242236024844718
2023-11-29,Europe,Technology,Machines,Consumer,1,642.65,-14.06,0.15,2023-11-01,-0.02187816074068311
2023-07-18,North America,Office Supplies,Art,Consumer,2,76.77,14.53,0.15,2023-07-01,0.1892666406148235
2023-12-29,North America,Office Supplies,Paper,Home Office,3,143.04,43.12,0.0,2023-12-01,0.30145413870246085
2023-09-13,North America,Technology,Copiers,Consumer,1,344.94,122.24,0.0,2023-09-01,0.35438047196613903
2024-08-20,North America,Office Supplies,Art,Corporate,5,287.92,97.34,0.0,2024-08-01,0.3380800222283968
2024-04-13,Asia Pacific,Technology,Accessories,Corporate,2,685.78,186.26,0.0,2024-04-01,0.2716031380326052
2023-05-14,Asia Pacific,Furniture,Tables,Consumer,4,1110.96,-525.76,0.4,2023-05-01,-0.4732483617772017
2024-09-30,Latin America,Office Supplies,Binders,Corporate,2,26.37,4.32,0.15,2024-09-01,0.16382252559726962
2023-07-05,North America,Office Supplies,Storage,Consumer,2,127.45,-33.48,0.4,2023-07-01,-0.2626912514711651
2024-04-09,North America,Technology,Machines,Corporate,1,549.97,-20.36,0.15,2024-04-01,-0.03702020110187828
2024-05-07,Asia Pacific,Office Supplies,Storage,Corporate,5,225.18,39.14,0.15,2024-05-01,0.1738165023536726
2024-04-30,North America,Furniture,Tables,Consumer,1,53.06,16.3,0.0,2024-04-01,0.30719939690915943
2023-11-03,North America,Office Supplies,Storage,Consumer,2,180.0,43.06,0.1,2023-11-01,0.23922222222222222
2023-10-19,Asia Pacific,Furniture,Tables,Home Office,4,931.56,15.38,0.1,2023-10-01,0.016509940315170255
2024-05-27,Middle East & Africa,Technology,Machines,Consumer,3,1314.64,59.83,0.1,2024-05-01,0.045510558023489314
2024-01-03,Middle East & Africa,Office Supplies,Paper,Corporate,1,68.32,28.35,0.0,2024-01-01,0.4149590163934427
2023-07-18,Europe,Technology,Copiers,Consumer,1,395.12,69.22,0.0,2023-07-01,0.17518728487548085
2023-09-12,North America,Furniture,Tables,Consumer,6,3072.44,1038.2,0.0,2023-09-01,0.33790733098123965
2024-05-31,Asia Pacific,Technology,Copiers,Consumer,3,1140.02,339.28,0.0,2024-05-01,0.29760881388045823
2023-09-25,North America,Technology,Copiers,Consumer,2,705.78,53.29,0.15,2023-09-01,0.07550511490832838
2024-06-06,Middle East & Africa,Office Supplies,Art,Consumer,3,71.24,18.7,0.1,2024-06-01,0.2624929814710837
2024-09-25,Asia Pacific,Furniture,Furnishings,Home Office,5,1245.68,-812.99,0.5,2024-09-01,-0.6526475499325669
2024-12-23,Asia Pacific,Technology,Phones,Consumer,1,696.25,139.96,0.0,2024-12-01,0.20101974865350092
2023-05-27,Middle East & Africa,Office Supplies,Binders,Home Office,3,143.42,15.28,0.15,2023-05-01,0.10654023148793754
2024-02-22,Europe,Office Supplies,Art,Consumer,3,57.86,1.32,0.2,2024-02-01,0.022813688212927757
2024-09-16,North America,Technology,Machines,Consumer,1,388.35,-20.01,0.2,2024-09-01,-0.05152568559289301
2023-07-02,North America,Technology,Accessories,Corporate,4,21.67,1.0,0.1,2023-07-01,0.046146746654360866
2024-01-24,Asia Pacific,Technology,Machines,Consumer,1,232.33,19.27,0.1,2024-01-01,0.08294236646149872
2024-08-14,Latin America,Furniture,Tables,Home Office,3,918.43,192.75,0.0,2024-08-01,0.20986901560271334
2024-02-21,Europe,Office Supplies,Art,Corporate,1,10.26,1.55,0.15,2024-02-01,0.1510721247563353
2024-12-17,North America,Office Supplies,Art,Home Office,4,220.43,-110.75,0.5,2024-12-01,-0.5024270743546704
2024-02-24,Asia Pacific,Technology,Machines,Home Office,2,710.55,226.88,0.0,2024-02-01,0.3193019491942861
2023-04-17,North America,Office Supplies,Art,Consumer,3,151.08,35.97,0.1,2023-04-01,0.23808578236695788
2023-01-17,Latin America,Furniture,Furnishings,Home Office,4,838.55,204.14,0.0,2023-01-01,0.24344404030767397
2024-06-02,North America,Technology,Accessories,Corporate,5,2430.38,-175.19,0.2,2024-06-01,-0.07208337790798146
2024-08-05,Latin America,Office Supplies,Binders,Corporate,3,157.73,51.86,0.0,2024-08-01,0.32878970392442786
2023-01-12,Latin America,Office Supplies,Art,Consumer,1,39.58,17.77,0.0,2023-01-01,0.44896412329459323
2024-11-14,North America,Office Supplies,Paper,Corporate,2,117.63,2.1,0.2,2024-11-01,0.017852588625350677
2024-11-29,Asia Pacific,Office Supplies,Art,Corporate,3,161.57,49.7,0.1,2024-11-01,0.3076066101380207
2024-03-16,Europe,Furniture,Furnishings,Corporate,1,404.73,107.12,0.0,2024-03-01,0.26467027400983373
2023-04-22,North America,Furniture,Chairs,Consumer,2,346.41,36.49,0.0,2023-04-01,0.10533760572731733
2023-12-20,North America,Furniture,Chairs,Consumer,3,719.33,-191.19,0.3,2023-12-01,-0.2657889980954499
2023-06-24,Asia Pacific,Office Supplies,Binders,Consumer,3,158.01,-53.68,0.4,2023-06-01,-0.33972533383963044
2024-09-23,Asia Pacific,Office Supplies,Storage,Home Office,4,114.84,34.95,0.0,2024-09-01,0.3043364681295716
2024-12-11,Latin America,Furniture,Bookcases,Corporate,2,400.59,117.81,0.0,2024-12-01,0.2940912154572006
2023-12-10,North America,Furniture,Tables,Corporate,1,437.56,-1.92,0.15,2023-12-01,-0.0043879696498765886
2023-03-24,Latin America,Technology,Copiers,Corporate,4,1148.48,269.59,0.0,2023-03-01,0.23473634717191416
2024-07-21,North America,Office Supplies,Storage,Consumer,1,38.74,14.04,0.0,2024-07-01,0.3624161073825503
2023-01-08,Latin America,Technology,Accessories,Consumer,2,338.89,2.51,0.2,2023-01-01,0.00740653309333412
2023-05-16,Europe,Office Supplies,Paper,Consumer,2,66.57,25.33,0.0,2023-05-01,0.3805017275048821
2024-09-27,Latin America,Office Supplies,Paper,Corporate,4,141.62,52.31,0.0,2024-09-01,0.3693687332297698
2023-10-14,North America,Office Supplies,Art,Consumer,2,82.76,-11.11,0.3,2023-10-01,-0.13424359594006766
2024-12-21,Europe,Technology,Phones,Consumer,1,283.28,15.57,0.1,2024-12-01,0.05496328720700368
2024-12-17,Europe,Technology,Machines,Consumer,4,2573.68,630.3,0.0,2024-12-01,0.24490224114886078
2024-04-16,Europe,Office Supplies,Paper,Corporate,3,133.63,46.98,0.0,2024-04-01,0.3515677617301504
2023-03-31,North America,Technology,Accessories,Corporate,5,2284.19,515.55,0.0,2023-03-01,0.22570364111566898
2024-01-25,Latin America,Office Supplies,Storage,Consumer,4,182.21,-14.11,0.3,2024-01-01,-0.07743812084956918
2023-10-15,Latin America,Furniture,Furnishings,Corporate,3,399.1,77.76,0.0,2023-10-01,0.19483838636933098
2023-02-05,North America,Technology,Copiers,Home Office,1,308.39,59.95,0.0,2023-02-01,0.19439670547034602
2023-05-02,North America,Technology,Machines,Consumer,4,1097.56,250.1,0.0,2023-05-01,0.2278690914391924
2023-05-20,Europe,Furniture,Tables,Consumer,1,355.88,-98.34,0.3,2023-05-01,-0.2763290996965269
2024-11-04,Asia Pacific,Office Supplies,Binders,Consumer,2,51.68,11.75,0.1,2024-11-01,0.22736068111455107
2023-12-02,North America,Office Supplies,Storage,Corporate,4,218.07,52.71,0.15,2023-12-01,0.2417113770807539
2023-12-12,Europe,Furniture,Tables,Corporate,2,576.21,116.5,0.0,2023-12-01,0.2021832318078478
2023-08-05,North America,Office Supplies,Binders,Home Office,4,190.96,77.91,0.0,2023-08-01,0.407991202346041
2023-10-25,North America,Technology,Accessories,Home Office,5,1291.06,199.48,0.1,2023-10-01,0.1545086982789336
2023-08-28,Middle East & Africa,Furniture,Tables,Consumer,1,98.82,17.62,0.0,2023-08-01,0.17830398704715647
2023-06-16,Europe,Office Supplies,Binders,Corporate,3,134.23,2.35,0.2,2023-06-01,0.0175072636519407
2023-12-13,Asia Pacific,Technology,Copiers,Consumer,3,1157.23,-21.35,0.15,2023-12-01,-0.018449227897652153
2023-04-13,Latin America,Office Supplies,Storage,Corporate,5,233.82,97.21,0.0,2023-04-01,0.4157471559319134
2024-08-22,Europe,Technology,Accessories,Consumer,2,575.12,-22.52,0.2,2024-08-01,-0.039157045486159406
2023-02-26,Asia Pacific,Furniture,Chairs,Corporate,1,184.39,1.61,0.15,2023-02-01,0.008731493031075439
2024-11-25,North America,Office Supplies,Paper,Consumer,4,245.02,-42.52,0.4,2024-11-01,-0.17353685413435638
2023-03-30,Europe,Office Supplies,Paper,Corporate,4,48.55,7.72,0.1,2023-03-01,0.15901132852729147
2024-08-16,Latin America,Technology,Phones,Consumer,4,2257.85,42.3,0.15,2024-08-01,0.01873463693336581
2023-07-09,Asia Pacific,Furniture,Chairs,Consumer,3,791.99,19.71,0.15,2023-07-01,0.02488667786209422
2023-07-17,Europe,Furniture,Chairs,Consumer,2,958.38,152.37,0.0,2023-07-01,0.15898704063106492
2024-07-13,Asia Pacific,Office Supplies,Paper,Consumer,1,48.95,20.33,0.0,2024-07-01,0.41532175689479056
2023-09-24,North America,Technology,Copiers,Consumer,5,2000.6,-1151.4,0.5,2023-09-01,-0.5755273417974608
2023-09-11,North America,Office Supplies,Storage,Home Office,2,45.7,19.57,0.0,2023-09-01,0.4282275711159737
2023-09-28,Europe,Furniture,Chairs,Consumer,1,171.43,-5.57,0.15,2023-09-01,-0.03249139590503412
2023-06-17,Asia Pacific,Furniture,Tables,Consumer,3,429.8,-92.25,0.3,2023-06-01,-0.21463471382038157
2024-05-27,North America,Technology,Phones,Corporate,2,490.38,-1.71,0.2,2024-05-01,-0.0034870916432154656
2023-03-30,Asia Pacific,Technology,Accessories,Corporate,1,86.12,11.49,0.0,2023-03-01,0.13341848583372037
2023-08-04,North America,Office Supplies,Paper,Corporate,3,144.05,26.76,0.15,2023-08-01,0.18576883026726831
2023-04-27,Latin America,Technology,Accessories,Consumer,4,1298.35,-14.34,0.15,2023-04-01,-0.011044787615049872
2023-01-25,North America,Technology,Machines,Consumer,3,815.94,-15.08,0.15,2023-01-01,-0.018481751109150183
2024-02-21,Middle East & Africa,Technology,Machines,Corporate,3,1231.77,297.06,0.0,2024-02-01,0.24116515258530408
2023-11-24,North America,Office Supplies,Binders,Consumer,2,98.36,33.02,0.0,2023-11-01,0.33570557137047585
2023-09-11,Asia Pacific,Furniture,Tables,Consumer,4,1851.53,313.6,0.0,2023-09-01,0.16937343710336858
2024-10-06,North America,Office Supplies,Storage,Corporate,1,47.74,17.88,0.0,2024-10-01,0.3745286971093422
2023-01-13,Europe,Office Supplies,Paper,Corporate,3,49.07,-13.28,0.4,2023-01-01,-0.2706337884654575
2023-03-16,Asia Pacific,Technology,Accessories,Corporate,3,901.7,257.78,0.0,2023-03-01,0.28588222246867023
2023-12-24,Asia Pacific,Furniture,Bookcases,Consumer,6,2679.03,816.19,0.0,2023-12-01,0.30465877575092476
2023-07-02,Europe,Technology,Copiers,Corporate,1,403.87,77.28,0.0,2023-07-01,0.19134870131477952
2023-08-31,Latin America,Technology,Phones,Corporate,1,453.71,-239.5,0.5,2023-08-01,-0.527870225474422
2024-03-29,North America,Office Supplies,Paper,Corporate,2,64.58,10.45,0.15,2024-03-01,0.16181480334468876
2023-11-19,Latin America,Office Supplies,Paper,Consumer,1,37.41,13.91,0.0,2023-11-01,0.37182571504945205
2024-08-18,Asia Pacific,Furniture,Bookcases,Corporate,5,1821.32,343.43,0.0,2024-08-01,0.18856104363867965
2023-12-02,Latin America,Office Supplies,Paper,Home Office,3,215.05,48.91,0.1,2023-12-01,0.2274354801209021
2024-08-23,Europe,Office Supplies,Art,Home Office,1,17.61,6.66,0.0,2024-08-01,0.3781942078364566
2024-03-20,Asia Pacific,Furniture,Tables,Consumer,1,121.9,5.99,0.15,2024-03-01,0.04913863822805578
2023-01-05,Europe,Office Supplies,Art,Corporate,3,167.41,17.66,0.2,2023-01-01,0.10548951675527149
2024-09-04,Asia Pacific,Furniture,Chairs,Consumer,5,504.26,118.99,0.0,2024-09-01,0.2359695395232618
2023-02-24,Europe,Office Supplies,Binders,Corporate,2,89.08,14.49,0.15,2023-02-01,0.1626627750336776
2023-11-15,North America,Furniture,Furnishings,Consumer,2,15.9,2.8,0.0,2023-11-01,0.1761006289308176
2023-09-17,North America,Technology,Accessories,Consumer,1,452.6,-250.17,0.5,2023-09-01,-0.5527397260273972
2024-07-18,Latin America,Furniture,Chairs,Consumer,2,626.24,104.77,0.0,2024-07-01,0.1673000766479305
2024-09-06,Europe,Office Supplies,Storage,Corporate,5,282.27,97.06,0.0,2024-09-01,0.34385517412406563
2023-06-12,Middle East & Africa,Office Supplies,Storage,Corporate,4,174.37,15.91,0.15,2023-06-01,0.09124275964902219
2024-12-11,North America,Office Supplies,Paper,Corporate,2,101.09,-43.93,0.5,2024-12-01,-0.4345632604609754
2024-08-02,Latin America,Furniture,Bookcases,Consumer,3,934.05,259.01,0.0,2024-08-01,0.2772977891975804
2023-03-20,Europe,Technology,Copiers,Consumer,2,885.69,203.49,0.0,2023-03-01,0.22975307387460622
2024-11-10,North America,Technology,Copiers,Consumer,3,811.55,123.21,0.1,2024-11-01,0.15182059022857494
2023-02-05,Europe,Technology,Phones,Corporate,4,1033.9,135.41,0.1,2023-02-01,0.1309701131637489
2023-01-20,Europe,Office Supplies,Art,Home Office,4,220.22,100.15,0.0,2023-01-01,0.4547725002270457
2023-05-06,Europe,Technology,Accessories,Corporate,4,1499.78,344.14,0.0,2023-05-01,0.22946032084705756
2023-05-07,Latin America,Office Supplies,Binders,Home Office,3,54.02,-17.34,0.4,2023-05-01,-0.32099222510181413
2023-02-08,Middle East & Africa,Technology,Copiers,Home Office,1,150.11,47.91,0.0,2023-02-01,0.3191659449736859
2023-01-04,North America,Office Supplies,Storage,Consumer,1,25.0,11.43,0.0,2023-01-01,0.4572
2023-02-05,Asia Pacific,Technology,Copiers,Home Office,3,614.93,171.43,0.0,2023-02-01,0.2787796985022686
2024-06-26,Asia Pacific,Technology,Accessories,Corporate,3,1766.98,467.13,0.0,2024-06-01,0.2643663199357095
2023-03-10,Asia Pacific,Furniture,Bookcases,Consumer,3,1014.63,271.29,0.0,2023-03-01,0.26737825611306587
2024-09-14,Europe,Office Supplies,Binders,Home Office,4,149.44,35.39,0.1,2024-09-01,0.23681745182012848
2024-02-23,North America,Technology,Machines,Home Office,4,1068.66,344.86,0.0,2024-02-01,0.3227031983979937
2024-04-15,Asia Pacific,Furniture,Chairs,Consumer,2,547.49,143.9,0.0,2024-04-01,0.26283585088312117
2023-04-14,Europe,Office Supplies,Storage,Corporate,1,18.56,0.6,0.2,2023-04-01,0.032327586206896554
2023-09-28,North America,Furniture,Tables,Consumer,6,349.09,72.17,0.0,2023-09-01,0.20673751754561862
2024-09-12,North America,Office Supplies,Paper,Consumer,2,41.28,-2.65,0.3,2024-09-01,-0.06419573643410853
2024-10-18,Middle East & Africa,Office Supplies,Art,Consumer,4,158.05,34.54,0.15,2024-10-01,0.21853843720341662
2024-04-13,Latin America,Office Supplies,Art,Consumer,4,155.66,71.48,0.0,2024-04-01,0.45920596171142236
2024-04-20,North America,Office Supplies,Paper,Corporate,4,231.73,93.81,0.0,2024-04-01,0.4048245803305571
2023-04-25,North America,Technology,Phones,Corporate,3,798.5,179.96,0.0,2023-04-01,0.22537257357545398
2024-02-28,Latin America,Technology,Phones,Home Office,6,1994.65,157.34,0.1,2024-02-01,0.07888100669290352
2023-10-26,Asia Pacific,Office Supplies,Art,Corporate,4,196.76,29.55,0.2,2023-10-01,0.15018296401707665
2024-04-27,Asia Pacific,Furniture,Chairs,Home Office,2,348.15,62.82,0.0,2024-04-01,0.18043946574752262
2023-06-17,Latin America,Technology,Accessories,Corporate,1,235.31,-2.24,0.2,2023-06-01,-0.009519357443372574
2023-12-01,Latin America,Office Supplies,Art,Corporate,1,54.48,6.03,0.15,2023-12-01,0.11068281938325993
2024-07-05,Europe,Technology,Machines,Corporate,3,1013.18,-38.32,0.2,2024-07-01,-0.03782151246570205
2024-06-26,North America,Technology,Accessories,Corporate,3,1532.58,424.44,0.0,2024-06-01,0.2769447598167796
2023-12-11,Europe,Office Supplies,Binders,Consumer,1,63.7,27.93,0.0,2023-12-01,0.43846153846153846
2023-08-14,Asia Pacific,Technology,Machines,Corporate,3,865.41,-121.58,0.2,2023-08-01,-0.14048832345362314
2024-08-28,Asia Pacific,Technology,Phones,Corporate,3,1138.0,-36.85,0.15,2024-08-01,-0.032381370826010544
2024-11-17,Europe,Technology,Machines,Home Office,4,2361.9,-723.55,0.4,2024-11-01,-0.3063423514966764
2023-10-17,Latin America,Office Supplies,Binders,Consumer,4,264.14,-15.4,0.3,2023-10-01,-0.05830241538578027
2023-07-14,Latin America,Technology,Phones,Corporate,1,642.54,159.3,0.0,2023-07-01,0.24792230833878048
2024-10-22,Europe,Office Supplies,Binders,Consumer,1,42.09,17.95,0.0,2024-10-01,0.42646709432169155
2023-04-20,Latin America,Furniture,Furnishings,Corporate,1,189.42,-50.17,0.3,2023-04-01,-0.2648611551050576
2024-01-19,Asia Pacific,Office Supplies,Art,Consumer,1,18.25,8.37,0.0,2024-01-01,0.45863013698630134
2024-06-22,North America,Technology,Copiers,Corporate,5,1915.7,-30.58,0.15,2024-06-01,-0.015962833429033773
2023-11-03,North America,Technology,Phones,Corporate,2,2300.9,660.42,0.0,2023-11-01,0.28702681559389803
2024-11-15,Middle East & Africa,Technology,Phones,Consumer,5,3152.12,41.63,0.15,2024-11-01,0.01320698450566603
2023-11-26,Europe,Technology,Copiers,Consumer,3,1161.89,284.92,0.0,2023-11-01,0.24522114830147432
2023-02-08,North America,Technology,Copiers,Home Office,1,370.19,-223.28,0.5,2023-02-01,-0.6031497339204193
2023-02-14,Asia Pacific,Office Supplies,Storage,Consumer,3,56.11,23.42,0.0,2023-02-01,0.4173944038495812
2023-09-08,North America,Office Supplies,Art,Consumer,3,101.54,34.21,0.0,2023-09-01,0.3369115619460311
2024-02-02,North America,Office Supplies,Art,Corporate,2,49.29,1.92,0.15,2024-02-01,0.038953134510042606
2023-04-04,North America,Technology,Accessories,Corporate,5,2407.96,-197.74,0.2,2023-04-01,-0.08211930430738053
2023-04-09,North America,Office Supplies,Paper,Consumer,4,222.77,54.14,0.1,2023-04-01,0.24303092876060509
2024-10-03,Asia Pacific,Office Supplies,Art,Corporate,4,246.94,85.82,0.0,2024-10-01,0.3475338138819146
2024-03-02,North America,Furniture,Chairs,Consumer,2,365.11,67.55,0.0,2024-03-01,0.1850127358878146
2024-06-01,North America,Office Supplies,Art,Consumer,4,126.48,20.06,0.2,2024-06-01,0.1586021505376344
2024-10-12,Latin America,Office Supplies,Art,Home Office,1,48.89,11.81,0.1,2024-10-01,0.24156269175700554
2024-07-17,North America,Office Supplies,Paper,Consumer,2,75.75,17.01,0.1,2024-07-01,0.2245544554455446
2023-04-25,North America,Office Supplies,Binders,Consumer,6,214.25,87.69,0.0,2023-04-01,0.4092882147024504
2024-11-03,Europe,Office Supplies,Art,Corporate,1,48.78,-17.75,0.5,2024-11-01,-0.3638786387863879
2023-10-30,North America,Office Supplies,Storage,Home Office,2,130.55,52.92,0.0,2023-10-01,0.40536193029490614
2023-12-31,Europe,Office Supplies,Art,Consumer,3,171.14,77.37,0.0,2023-12-01,0.45208601145261196
2024-12-11,Asia Pacific,Technology,Accessories,Home Office,1,557.75,105.48,0.0,2024-12-01,0.18911698789780368
2024-03-12,Europe,Technology,Copiers,Corporate,6,2968.37,806.95,0.0,2024-03-01,0.2718495335824038
2023-08-22,Asia Pacific,Technology,Copiers,Consumer,1,370.69,27.8,0.0,2023-08-01,0.074995279074159
2024-05-09,Latin America,Office Supplies,Storage,Consumer,3,134.41,60.29,0.0,2024-05-01,0.44855293504947547
2023-05-26,Europe,Technology,Copiers,Corporate,2,1056.17,306.07,0.0,2023-05-01,0.28979236297187005
2024-06-12,Europe,Office Supplies,Art,Consumer,4,223.43,71.9,0.0,2024-06-01,0.321801011502484
2024-03-19,North America,Office Supplies,Binders,Home Office,2,37.56,16.68,0.0,2024-03-01,0.4440894568690095
2023-11-23,Asia Pacific,Office Supplies,Storage,Consumer,3,106.7,37.31,0.0,2023-11-01,0.34967197750702905
2024-11-28,Europe,Office Supplies,Binders,Consumer,2,104.77,-3.11,0.3,2024-11-01,-0.029684069867328435
2023-08-18,Asia Pacific,Office Supplies,Storage,Corporate,3,162.15,26.37,0.1,2023-08-01,0.162627197039778
2024-08-03,Asia Pacific,Furniture,Bookcases,Consumer,4,508.2,-106.62,0.2,2024-08-01,-0.20979929161747346
2023-11-30,Asia Pacific,Office Supplies,Binders,Consumer,3,78.2,-0.55,0.3,2023-11-01,-0.007033248081841433
2023-08-24,Europe,Technology,Machines,Consumer,2,243.78,26.08,0.1,2023-08-01,0.10698170481581754
2023-09-16,North America,Technology,Machines,Corporate,1,400.81,-150.83,0.4,2023-09-01,-0.37631296624335725
2023-05-24,Asia Pacific,Technology,Accessories,Consumer,3,1097.52,49.79,0.2,2023-05-01,0.04536591588308186
2024-06-04,North America,Office Supplies,Binders,Corporate,4,210.95,34.81,0.15,2024-06-01,0.16501540649442997
2024-12-21,North America,Technology,Accessories,Consumer,3,137.96,43.41,0.0,2024-12-01,0.31465642215134815
2023-09-15,Asia Pacific,Office Supplies,Storage,Corporate,5,220.91,-47.65,0.3,2023-09-01,-0.21569870082839165
2024-06-19,Asia Pacific,Furniture,Tables,Consumer,4,985.95,56.4,0.1,2024-06-01,0.05720371215578883
2023-12-15,North America,Office Supplies,Binders,Consumer,1,74.26,13.68,0.15,2023-12-01,0.1842176137893886
2024-07-09,North America,Office Supplies,Paper,Consumer,3,178.53,69.64,0.0,2024-07-01,0.39007449728336974
2023-10-05,Middle East & Africa,Furniture,Bookcases,Home Office,3,1111.97,185.29,0.0,2023-10-01,0.16663219331456783
2024-12-24,Europe,Office Supplies,Binders,Corporate,1,92.03,11.84,0.15,2024-12-01,0.12865369988047376
2024-02-09,North America,Office Supplies,Storage,Consumer,7,239.05,79.65,0.0,2024-02-01,0.33319389249111064
2024-08-08,North America,Office Supplies,Binders,Corporate,1,49.25,20.21,0.0,2024-08-01,0.4103553299492386
2023-12-04,North America,Office Supplies,Art,Home Office,4,233.35,-22.36,0.3,2023-12-01,-0.0958217270194986
2024-07-26,Latin America,Technology,Machines,Home Office,5,2107.2,525.3,0.0,2024-07-01,0.2492881548974943
2024-07-14,Middle East & Africa,Office Supplies,Art,Home Office,6,300.02,91.84,0.1,2024-07-01,0.30611292580494637
2024-02-19,Asia Pacific,Technology,Accessories,Consumer,6,2383.67,778.85,0.0,2024-02-01,0.32674405433638043
2024-06-02,Latin America,Office Supplies,Art,Consumer,2,82.59,-19.02,0.4,2024-06-01,-0.23029422448238285
2024-08-13,Latin America,Furniture,Tables,Home Office,5,1184.03,56.53,0.1,2024-08-01,0.04774372270972864
2023-10-13,North America,Technology,Phones,Home Office,3,1086.37,62.97,0.1,2023-10-01,0.057963677200217244
2024-06-30,North America,Office Supplies,Paper,Consumer,1,58.34,11.01,0.1,2024-06-01,0.18872128899554336
2023-05-06,Europe,Technology,Phones,Home Office,1,625.7,-19.46,0.2,2023-05-01,-0.031101166693303497
2024-11-24,North America,Office Supplies,Storage,Consumer,2,67.84,26.2,0.0,2024-11-01,0.38620283018867924
2023-11-29,Asia Pacific,Furniture,Furnishings,Home Office,5,1589.26,136.85,0.0,2023-11-01,0.0861092583969898
2023-08-25,North America,Technology,Copiers,Consumer,2,821.06,-243.82,0.3,2023-08-01,-0.29695759140623096
2023-01-11,Latin America,Office Supplies,Art,Consumer,5,102.88,22.28,0.1,2023-01-01,0.21656298600311044
2024-11-28,Middle East & Africa,Office Supplies,Art,Consumer,2,154.44,-72.27,0.5,2024-11-01,-0.46794871794871795
2023-11-12,Europe,Office Supplies,Binders,Home Office,1,73.97,25.96,0.0,2023-11-01,0.3509530890901717
2024-04-18,Asia Pacific,Furniture,Bookcases,Consumer,3,362.77,14.39,0.1,2024-04-01,0.03966700664332773
2023-03-14,Asia Pacific,Technology,Copiers,Consumer,1,451.09,-44.82,0.2,2023-03-01,-0.09935932962380013
2023-01-28,Middle East & Africa,Technology,Phones,Consumer,3,962.96,271.59,0.0,2023-01-01,0.2820366370358062
2024-09-03,Latin America,Technology,Phones,Home Office,3,879.57,182.75,0.0,2024-09-01,0.20777197948997805
2024-07-18,Asia Pacific,Office Supplies,Paper,Consumer,3,94.58,21.49,0.1,2024-07-01,0.22721505603721714
2024-06-23,Asia Pacific,Office Supplies,Paper,Corporate,3,157.46,54.17,0.0,2024-06-01,0.3440238790804014
2023-03-25,Latin America,Technology,Phones,Corporate,1,341.34,57.59,0.0,2023-03-01,0.1687174078631277
2023-06-01,North America,Office Supplies,Art,Corporate,3,135.75,33.97,0.1,2023-06-01,0.2502394106813996
2023-05-23,Europe,Technology,Phones,Consumer,2,728.42,144.08,0.0,2023-05-01,0.19779797369649382
2023-11-27,Asia Pacific,Office Supplies,Paper,Home Office,5,392.03,191.74,0.0,2023-11-01,0.48909522230441554
2024-07-11,Europe,Furniture,Tables,Corporate,2,693.08,41.3,0.1,2024-07-01,0.059589080625613196
2023-11-01,Asia Pacific,Office Supplies,Paper,Consumer,1,53.29,20.05,0.0,2023-11-01,0.3762431975980484
2023-09-06,Middle East & Africa,Furniture,Chairs,Consumer,3,339.85,81.29,0.0,2023-09-01,0.23919376195380315
2024-11-21,North America,Office Supplies,Storage,Home Office,1,85.73,31.36,0.0,2024-11-01,0.36579960340604223
2024-02-11,Asia Pacific,Technology,Copiers,Home Office,4,1262.97,415.69,0.0,2024-02-01,0.32913687577693845
2024-04-16,Europe,Technology,Accessories,Consumer,4,374.64,-163.8,0.5,2024-04-01,-0.4372197309417041
2023-12-14,North America,Technology,Machines,Consumer,2,1291.59,438.0,0.0,2023-12-01,0.3391169024225954
2024-10-10,Asia Pacific,Furniture,Bookcases,Home Office,4,1263.45,312.52,0.0,2024-10-01,0.24735446594641652
2024-08-05,Asia Pacific,Technology,Machines,Consumer,2,632.1,132.28,0.0,2024-08-01,0.20927068501819332
2024-09-16,North America,Office Supplies,Paper,Consumer,4,196.26,-12.76,0.3,2024-09-01,-0.06501579537348416
2023-01-17,Europe,Technology,Accessories,Corporate,3,1006.05,199.45,0.0,2023-01-01,0.19825058396699966
2024-09-06,Asia Pacific,Office Supplies,Paper,Consumer,1,27.12,12.06,0.0,2024-09-01,0.4446902654867257
2023-12-19,Middle East & Africa,Technology,Machines,Corporate,5,3932.4,456.47,0.1,2023-12-01,0.11607923914149121
2024-02-12,Europe,Technology,Phones,Home Office,2,218.31,58.19,0.0,2024-02-01,0.2665475699693097
2024-04-28,Asia Pacific,Office Supplies,Binders,Consumer,2,84.07,2.14,0.2,2024-04-01,0.025454977994528373
2024-09-10,Asia Pacific,Office Supplies,Storage,Consumer,4,49.35,24.83,0.0,2024-09-01,0.5031408308004052
2024-05-22,Asia Pacific,Technology,Copiers,Consumer,2,975.82,-120.21,0.2,2024-05-01,-0.12318870283453914
2023-10-19,Europe,Technology,Phones,Consumer,3,1265.91,359.3,0.0,2023-10-01,0.28382744428908846
2023-12-13,Asia Pacific,Technology,Machines,Corporate,1,700.41,-114.04,0.3,2023-12-01,-0.16281892034665413
2024-05-07,North America,Technology,Copiers,Consumer,2,917.47,-112.65,0.2,2024-05-01,-0.12278330626614495
2024-09-17,Asia Pacific,Office Supplies,Paper,Consumer,3,110.52,27.95,0.1,2024-09-01,0.25289540354686935
2023-06-05,Europe,Furniture,Bookcases,Corporate,1,352.03,70.32,0.0,2023-06-01,0.19975570263897963
2023-01-12,Asia Pacific,Technology,Copiers,Home Office,1,606.88,87.22,0.1,2023-01-01,0.14371869232797257
2023-10-20,North America,Technology,Accessories,Corporate,4,972.83,91.65,0.15,2023-10-01,0.09420967692196992
2024-04-26,North America,Technology,Copiers,Consumer,5,1788.06,-131.4,0.2,2024-04-01,-0.07348746686352807
2023-12-23,North America,Office Supplies,Art,Consumer,4,200.91,28.26,0.1,2023-12-01,0.1406599970135882
2024-09-21,Europe,Technology,Accessories,Home Office,3,1655.17,397.62,0.0,2024-09-01,0.24022910033410463
2024-08-09,Asia Pacific,Furniture,Bookcases,Consumer,3,938.35,237.89,0.0,2024-08-01,0.25351947567538763
2024-05-03,North America,Furniture,Furnishings,Consumer,5,1256.74,399.54,0.0,2024-05-01,0.31791778729092735
2023-10-02,Latin America,Furniture,Furnishings,Consumer,4,1086.33,-432.63,0.4,2023-10-01,-0.3982491508105272
2023-10-11,North America,Office Supplies,Art,Corporate,1,40.31,14.46,0.0,2023-10-01,0.35871992061523195
2023-04-22,Europe,Furniture,Chairs,Consumer,1,159.37,2.43,0.1,2023-04-01,0.015247537177636945
2024-05-19,Asia Pacific,Office Supplies,Binders,Home Office,4,185.18,74.69,0.0,2024-05-01,0.4033372934442164
2023-08-05,Europe,Furniture,Bookcases,Consumer,2,719.75,-209.66,0.3,2023-08-01,-0.2912955887460924
2024-01-04,Europe,Technology,Accessories,Corporate,3,1310.54,319.2,0.0,2024-01-01,0.24356372182459138
2024-03-16,North America,Office Supplies,Binders,Consumer,3,74.81,27.51,0.0,2024-03-01,0.36773158668627187
2024-04-03,Europe,Furniture,Bookcases,Consumer,1,232.09,58.04,0.0,2024-04-01,0.2500754017837908
2023-09-04,North America,Office Supplies,Art,Corporate,4,144.65,58.83,0.0,2023-09-01,0.40670584168683027
2023-07-25,North America,Office Supplies,Paper,Consumer,3,104.42,39.17,0.0,2023-07-01,0.375119708868033
2024-10-18,Latin America,Office Supplies,Art,Home Office,3,171.28,-50.61,0.5,2024-10-01,-0.2954810836057917
2023-04-17,Latin America,Office Supplies,Binders,Consumer,5,180.13,73.17,0.0,2023-04-01,0.4062066285460501
2024-02-05,North America,Technology,Copiers,Consumer,5,1768.77,507.76,0.0,2024-02-01,0.2870695455033724
2024-03-25,North America,Furniture,Furnishings,Home Office,3,890.48,160.82,0.0,2024-03-01,0.18059922738298445
2023-03-04,Asia Pacific,Office Supplies,Paper,Home Office,3,94.57,42.45,0.0,2023-03-01,0.44887385005815805
2024-02-27,North America,Technology,Accessories,Consumer,1,407.71,104.73,0.0,2024-02-01,0.2568737583086017
2023-07-26,Europe,Technology,Accessories,Consumer,7,3720.93,-1969.78,0.5,2023-07-01,-0.5293784080861506
2023-06-02,North America,Office Supplies,Art,Consumer,1,41.19,16.8,0.0,2023-06-01,0.4078659868900219
2023-01-11,Asia Pacific,Technology,Copiers,Corporate,2,791.8,171.89,0.0,2023-01-01,0.2170876483960596
2023-04-08,North America,Technology,Copiers,Home Office,3,1378.87,-186.99,0.3,2023-04-01,-0.13561104382574138
2024-09-13,Asia Pacific,Furniture,Bookcases,Corporate,3,543.45,8.39,0.2,2024-09-01,0.01543840279694544
2024-01-09,North America,Technology,Phones,Corporate,2,779.94,18.69,0.1,2024-01-01,0.023963381798599893
2023-03-14,Europe,Furniture,Furnishings,Home Office,2,643.31,83.5,0.1,2023-03-01,0.12979745379366092
2023-12-25,North America,Furniture,Tables,Home Office,6,2383.87,420.83,0.0,2023-12-01,0.17653227734733856
2024-05-10,North America,Technology,Machines,Home Office,3,862.7,-39.55,0.2,2024-05-01,-0.045844441868552216
2023-12-08,Asia Pacific,Office Supplies,Storage,Consumer,5,389.39,160.7,0.0,2023-12-01,0.4126967821464341
2024-09-15,Asia Pacific,Technology,Phones,Consumer,2,975.24,56.73,0.15,2024-09-01,0.05817029654238956
2023-01-15,Europe,Technology,Accessories,Consumer,4,2338.39,669.97,0.0,2023-01-01,0.2865090938637268
2023-01-22,Middle East & Africa,Furniture,Furnishings,Corporate,3,876.06,-20.07,0.1,2023-01-01,-0.022909389767824122
2023-01-11,North America,Technology,Copiers,Home Office,4,1909.02,387.62,0.0,2023-01-01,0.20304658934950917
2023-02-25,North America,Technology,Phones,Corporate,7,2532.04,524.0,0.0,2023-02-01,0.20694775753937536
2023-08-12,North America,Furniture,Tables,Corporate,3,1683.55,403.14,0.0,2023-08-01,0.2394582875471474
2024-03-02,Middle East & Africa,Technology,Copiers,Home Office,2,1151.51,223.72,0.0,2024-03-01,0.19428402706012107
2024-11-12,Latin America,Furniture,Furnishings,Consumer,4,824.68,172.21,0.0,2024-11-01,0.20882039093951596
2024-05-02,Europe,Office Supplies,Paper,Consumer,4,157.05,67.63,0.0,2024-05-01,0.43062718879337786
2023-01-27,Latin America,Technology,Machines,Consumer,5,1605.16,523.2,0.0,2023-01-01,0.3259488150713948
2024-01-01,North America,Office Supplies,Art,Corporate,1,42.46,8.32,0.1,2024-01-01,0.19594912859161565
2024-05-04,Asia Pacific,Office Supplies,Storage,Home Office,1,42.96,-20.21,0.5,2024-05-01,-0.47043761638733705
2024-07-22,Asia Pacific,Office Supplies,Binders,Corporate,2,47.79,13.65,0.0,2024-07-01,0.285624607658506
2024-07-18,Europe,Furniture,Furnishings,Consumer,4,1372.11,291.1,0.0,2024-07-01,0.21215500214997343
2024-06-07,North America,Furniture,Tables,Corporate,2,643.88,62.14,0.1,2024-06-01,0.09650866621109523
2024-05-31,Europe,Office Supplies,Binders,Corporate,7,323.16,58.24,0.1,2024-05-01,0.18022032429756157
2024-03-05,Latin America,Office Supplies,Paper,Corporate,3,114.25,-1.29,0.3,2024-03-01,-0.011291028446389496
2023-07-17,Europe,Office Supplies,Storage,Consumer,4,83.4,5.94,0.2,2023-07-01,0.07122302158273382
2023-04-06,Europe,Furniture,Tables,Consumer,3,755.16,204.73,0.0,2023-04-01,0.2711081095397002
2023-06-19,Asia Pacific,Technology,Accessories,Corporate,3,1694.33,-584.24,0.4,2023-06-01,-0.3448206665761688
2023-01-22,Europe,Office Supplies,Art,Consumer,1,35.09,3.58,0.15,2023-01-01,0.10202336848104872
2023-06-18,North America,Office Supplies,Binders,Home Office,1,73.09,17.29,0.1,2023-06-01,0.23655766862771924
2023-07-25,Latin America,Technology,Phones,Corporate,2,1090.39,238.57,0.0,2023-07-01,0.21879327580040167
2024-07-07,Europe,Office Supplies,Storage,Corporate,4,281.13,29.89,0.15,2024-07-01,0.10632091914772525
2024-04-19,Europe,Office Supplies,Paper,Home Office,4,286.84,-90.36,0.4,2024-04-01,-0.31501882582624463
2023-12-02,Asia Pacific,Furniture,Tables,Home Office,2,791.62,-9.52,0.15,2023-12-01,-0.01202597205730022
2024-10-25,Asia Pacific,Office Supplies,Storage,Corporate,2,57.74,24.89,0.0,2024-10-01,0.4310703152060963
2023-05-20,Asia Pacific,Office Supplies,Paper,Home Office,2,95.18,7.96,0.2,2023-05-01,0.08363101491910065
2023-05-17,Europe,Office Supplies,Storage,Home Office,4,122.81,-33.74,0.4,2023-05-01,-0.27473332790489374
2024-12-03,Asia Pacific,Technology,Accessories,Corporate,1,402.94,32.27,0.15,2024-12-01,0.08008636521566487
2024-01-09,Europe,Technology,Machines,Corporate,4,959.59,137.68,0.15,2024-01-01,0.14347794370512407
2023-04-08,North America,Office Supplies,Binders,Consumer,3,104.55,25.22,0.1,2023-04-01,0.24122429459588712
2024-07-15,Middle East & Africa,Office Supplies,Paper,Corporate,3,198.26,13.36,0.2,2024-07-01,0.06738626046605467
2023-09-27,Asia Pacific,Office Supplies,Storage,Corporate,4,216.91,-85.66,0.5,2023-09-01,-0.39491033147388316
2024-12-15,North America,Technology,Phones,Consumer,3,1565.81,42.73,0.1,2024-12-01,0.027289390155893753
2024-01-04,Asia Pacific,Office Supplies,Binders,Consumer,3,104.65,42.16,0.0,2024-01-01,0.40286669851887236
2024-01-23,Latin America,Office Supplies,Binders,Home Office,6,381.45,5.24,0.2,2024-01-01,0.013737055970638354
2023-05-30,Latin America,Furniture,Chairs,Consumer,4,772.61,-3.23,0.15,2023-05-01,-0.00418063447276116
2024-10-26,Asia Pacific,Office Supplies,Storage,Corporate,1,40.78,-19.44,0.5,2024-10-01,-0.47670426679744976
2024-01-04,Europe,Office Supplies,Storage,Consumer,1,36.79,6.13,0.15,2024-01-01,0.16662136450122317
2023-06-18,Asia Pacific,Furniture,Furnishings,Consumer,1,232.98,11.05,0.1,2023-06-01,0.04742896385955877
2023-06-25,Middle East & Africa,Technology,Phones,Corporate,5,3690.43,109.84,0.1,2023-06-01,0.029763469297615728
2023-08-21,North America,Technology,Phones,Home Office,2,655.66,42.55,0.1,2023-08-01,0.06489644022816704
2023-12-23,Latin America,Office Supplies,Storage,Consumer,4,176.34,68.37,0.0,2023-12-01,0.3877169105137802
2024-08-01,Latin America,Office Supplies,Art,Home Office,4,261.85,117.21,0.0,2024-08-01,0.4476226847431735
2024-03-17,Asia Pacific,Technology,Phones,Corporate,3,634.31,155.03,0.0,2024-03-01,0.2444073087291703
2024-04-21,Asia Pacific,Office Supplies,Binders,Corporate,3,180.79,63.69,0.0,2024-04-01,0.3522871840256651
2023-11-09,Latin America,Technology,Machines,Corporate,2,1105.32,231.76,0.0,2023-11-01,0.209676835667499
2024-06-11,North America,Office Supplies,Binders,Corporate,5,134.02,49.16,0.0,2024-06-01,0.3668109237427249
2024-11-12,North America,Office Supplies,Binders,Home Office,1,42.75,19.66,0.0,2024-11-01,0.4598830409356725
2023-01-27,Europe,Technology,Accessories,Home Office,3,1472.09,-81.88,0.2,2023-01-01,-0.0556215992228736
2023-03-02,Europe,Office Supplies,Storage,Consumer,1,47.25,15.02,0.1,2023-03-01,0.3178835978835979
2024-07-16,Latin America,Office Supplies,Binders,Corporate,4,95.56,22.46,0.1,2024-07-01,0.2350355797404772
2023-03-07,Europe,Furniture,Bookcases,Corporate,4,1077.43,-165.74,0.2,2023-03-01,-0.15382901905460217
2024-05-20,Asia Pacific,Furniture,Chairs,Corporate,1,287.86,53.06,0.0,2024-05-01,0.1843257138886959
2024-05-17,North America,Furniture,Furnishings,Consumer,1,241.24,14.96,0.1,2024-05-01,0.062012933178577354
2023-03-18,Latin America,Office Supplies,Storage,Corporate,1,54.84,3.52,0.2,2023-03-01,0.06418672501823486
2023-10-27,Middle East & Africa,Office Supplies,Art,Corporate,2,148.07,33.82,0.1,2023-10-01,0.22840548389275345
2024-04-08,Asia Pacific,Technology,Copiers,Corporate,2,908.83,86.41,0.1,2024-04-01,0.09507828746850346
2023-10-02,North America,Technology,Phones,Home Office,1,243.06,67.28,0.0,2023-10-01,0.2768040812967991
2023-09-08,Europe,Office Supplies,Binders,Home Office,3,99.48,15.95,0.1,2023-09-01,0.16033373542420587
2023-02-25,Asia Pacific,Office Supplies,Storage,Consumer,3,81.55,-22.67,0.4,2023-02-01,-0.27798896382587374
2024-09-03,Europe,Technology,Machines,Corporate,1,657.5,183.45,0.0,2024-09-01,0.27901140684410647
2024-12-25,Asia Pacific,Technology,Copiers,Consumer,5,3065.99,263.86,0.15,2024-12-01,0.08606029373872714
2023-06-06,North America,Furniture,Bookcases,Home Office,2,577.04,135.04,0.0,2023-06-01,0.2340219048939415
2024-10-12,Latin America,Technology,Copiers,Consumer,1,587.6,-6.4,0.15,2024-10-01,-0.010891763104152486
2024-04-12,North America,Office Supplies,Storage,Home Office,1,38.28,7.13,0.1,2024-04-01,0.18625914315569486
2023-03-02,North America,Technology,Copiers,Consumer,1,40.93,8.43,0.0,2023-03-01,0.20596139750794037
2023-10-21,Middle East & Africa,Furniture,Bookcases,Corporate,3,812.72,33.5,0.15,2023-10-01,0.041219608229156414
2023-06-12,Asia Pacific,Technology,Copiers,Corporate,1,372.6,56.01,0.1,2023-06-01,0.1503220611916264
2024-02-18,Asia Pacific,Furniture,Bookcases,Consumer,2,462.64,-30.67,0.2,2024-02-01,-0.06629344630814457
2023-07-23,Asia Pacific,Office Supplies,Art,Corporate,3,84.84,24.04,0.1,2023-07-01,0.28335690711928335
2023-09-03,Asia Pacific,Furniture,Furnishings,Consumer,6,1235.89,-94.35,0.15,2023-09-01,-0.07634174562461059
2024-01-30,Europe,Office Supplies,Art,Corporate,1,47.72,17.6,0.0,2024-01-01,0.3688181056160939
2024-11-15,Asia Pacific,Technology,Phones,Consumer,1,415.92,113.74,0.0,2024-11-01,0.2734660511636853
2024-05-17,North America,Technology,Machines,Consumer,3,1009.71,325.35,0.0,2024-05-01,0.3222212318388448
2023-08-12,Europe,Office Supplies,Storage,Consumer,4,145.38,-17.59,0.3,2023-08-01,-0.1209932590452607
2023-01-23,Asia Pacific,Office Supplies,Storage,Consumer,1,22.42,-1.38,0.3,2023-01-01,-0.0615521855486173
2024-08-28,Europe,Furniture,Chairs,Consumer,4,794.76,-296.09,0.4,2024-08-01,-0.3725527203180834
2023-03-23,North America,Furniture,Tables,Corporate,2,653.14,164.23,0.0,2023-03-01,0.2514468567229078
2024-11-10,Asia Pacific,Furniture,Chairs,Consumer,2,575.51,-203.74,0.4,2024-11-01,-0.3540164375944814
2023-09-22,Europe,Office Supplies,Art,Consumer,2,101.43,27.15,0.0,2023-09-01,0.2676722863058266
2024-09-14,Europe,Furniture,Furnishings,Home Office,1,387.92,73.16,0.0,2024-09-01,0.1885955867189111
2023-09-27,Europe,Technology,Copiers,Consumer,1,651.2,70.23,0.1,2023-09-01,0.1078470515970516
2024-04-05,Middle East & Africa,Technology,Accessories,Consumer,2,639.02,190.77,0.0,2024-04-01,0.2985352571124535
2023-12-05,North America,Furniture,Furnishings,Consumer,4,2277.9,595.72,0.0,2023-12-01,0.2615215768909961
2024-04-21,Latin America,Technology,Phones,Corporate,1,229.5,59.05,0.0,2024-04-01,0.25729847494553376
2024-01-31,Middle East & Africa,Furniture,Chairs,Corporate,2,633.96,44.67,0.1,2024-01-01,0.07046185879235282
2023-10-20,North America,Office Supplies,Art,Consumer,3,62.68,23.53,0.0,2023-10-01,0.3753988513082323
2024-01-12,Asia Pacific,Office Supplies,Art,Consumer,1,58.33,17.29,0.0,2024-01-01,0.2964169381107492
2023-09-20,Asia Pacific,Furniture,Bookcases,Consumer,2,545.61,-136.6,0.3,2023-09-01,-0.25036198016898514
2023-03-04,Asia Pacific,Technology,Phones,Consumer,2,1010.99,269.05,0.0,2023-03-01,0.26612528313830996
2023-06-16,Asia Pacific,Furniture,Bookcases,Corporate,3,757.18,157.48,0.0,2023-06-01,0.20798224992736206
2023-11-30,Middle East & Africa,Technology,Phones,Consumer,2,1208.53,414.08,0.0,2023-11-01,0.3426311303815379
2023-10-06,North America,Office Supplies,Binders,Consumer,1,42.12,10.62,0.0,2023-10-01,0.25213675213675213
2024-02-14,Middle East & Africa,Furniture,Tables,Corporate,4,810.33,43.52,0.1,2024-02-01,0.05370651462984216
2023-10-30,Europe,Office Supplies,Art,Corporate,4,147.96,13.88,0.2,2023-10-01,0.09380913760475804
2023-07-31,North America,Furniture,Bookcases,Home Office,2,430.9,62.23,0.1,2023-07-01,0.1444186586214899
2023-07-12,Europe,Office Supplies,Binders,Corporate,4,232.94,79.55,0.0,2023-07-01,0.34150425002146473
2024-07-27,Latin America,Office Supplies,Art,Consumer,1,60.21,22.22,0.0,2024-07-01,0.3690416874273376
2023-07-17,Asia Pacific,Office Supplies,Art,Home Office,4,148.53,52.92,0.0,2023-07-01,0.3562916582508584
2024-01-19,North America,Office Supplies,Storage,Home Office,1,38.94,15.07,0.0,2024-01-01,0.38700564971751417
2023-10-02,Europe,Office Supplies,Storage,Corporate,2,135.04,47.36,0.0,2023-10-01,0.35071090047393366
2024-03-28,Asia Pacific,Furniture,Furnishings,Home Office,2,332.32,83.9,0.0,2024-03-01,0.25246750120365913
2023-01-04,Latin America,Furniture,Furnishings,Home Office,4,1514.02,321.65,0.0,2023-01-01,0.21244765590943315
2023-05-09,Latin America,Office Supplies,Art,Corporate,1,29.82,2.86,0.2,2023-05-01,0.09590878604963111
2024-09-26,Europe,Office Supplies,Art,Corporate,5,235.11,-60.85,0.4,2024-09-01,-0.25881502275530605
2023-04-04,Europe,Office Supplies,Art,Home Office,3,90.06,33.99,0.0,2023-04-01,0.37741505662891406
2023-08-29,Latin America,Office Supplies,Storage,Corporate,3,150.99,70.22,0.0,2023-08-01,0.465063911517319
2024-06-16,Asia Pacific,Office Supplies,Storage,Consumer,2,82.7,7.55,0.15,2024-06-01,0.09129383313180169
2023-05-25,North America,Technology,Phones,Corporate,2,709.68,-129.15,0.2,2023-05-01,-0.18198342915116675
2023-01-31,Europe,Technology,Machines,Corporate,3,890.07,248.11,0.0,2023-01-01,0.2787533564775804
2023-12-17,Middle East & Africa,Furniture,Bookcases,Consumer,2,980.95,61.49,0.1,2023-12-01,0.06268413272847749
2024-08-18,Europe,Office Supplies,Binders,Corporate,4,132.31,52.13,0.0,2024-08-01,0.3939989418789207
2024-07-16,North America,Furniture,Furnishings,Consumer,4,1528.06,336.04,0.0,2024-07-01,0.21991283064801123
2024-04-23,Asia Pacific,Office Supplies,Binders,Corporate,3,110.75,43.37,0.0,2024-04-01,0.3916027088036117
2024-06-07,Europe,Office Supplies,Art,Home Office,3,110.4,23.07,0.1,2024-06-01,0.20896739130434783
2024-09-30,Asia Pacific,Technology,Accessories,Consumer,4,2040.77,354.18,0.1,2024-09-01,0.1735521396335697
2023-01-13,Europe,Office Supplies,Art,Consumer,2,38.12,11.61,0.0,2023-01-01,0.3045645330535152
2023-04-10,North America,Office Supplies,Art,Consumer,1,16.34,6.22,0.0,2023-04-01,0.3806609547123623
2023-10-29,North America,Office Supplies,Paper,Consumer,2,109.63,4.86,0.2,2023-10-01,0.04433093131442124
2023-03-26,Latin America,Office Supplies,Storage,Consumer,3,212.9,75.5,0.0,2023-03-01,0.3546265852512917
2024-03-26,Asia Pacific,Technology,Copiers,Corporate,4,2461.76,-362.6,0.2,2024-03-01,-0.14729299363057324
2024-01-07,North America,Furniture,Furnishings,Corporate,1,131.77,29.23,0.0,2024-01-01,0.22182590878045078
2023-04-27,Middle East & Africa,Furniture,Bookcases,Corporate,2,233.67,58.2,0.0,2023-04-01,0.24906920015406345
2023-12-03,North America,Office Supplies,Art,Corporate,3,215.49,55.93,0.1,2023-12-01,0.2595480068680681
2023-11-27,North America,Office Supplies,Art,Home Office,2,143.6,41.56,0.0,2023-11-01,0.2894150417827298
2024-11-24,Asia Pacific,Office Supplies,Paper,Consumer,3,130.94,-1.8,0.2,2024-11-01,-0.013746754238582558
2023-03-21,Europe,Office Supplies,Binders,Corporate,2,55.97,12.57,0.1,2023-03-01,0.22458459889226373
2024-05-28,Europe,Office Supplies,Paper,Corporate,3,142.88,-15.49,0.3,2024-05-01,-0.10841265397536394
2024-08-31,Europe,Technology,Copiers,Corporate,2,459.22,-30.88,0.2,2024-08-01,-0.0672444579939898
2023-03-22,Middle East & Africa,Office Supplies,Storage,Corporate,1,43.79,18.43,0.0,2023-03-01,0.4208723452843115
2023-05-07,North America,Furniture,Tables,Corporate,3,683.7,114.34,0.0,2023-05-01,0.1672370922919409
2024-09-20,Middle East & Africa,Office Supplies,Binders,Consumer,3,33.57,5.37,0.15,2024-09-01,0.15996425379803397
2023-08-09,North America,Office Supplies,Binders,Consumer,2,102.55,28.56,0.1,2023-08-01,0.2784982935153584
2024-12-08,North America,Office Supplies,Art,Corporate,1,25.1,3.23,0.15,2024-12-01,0.12868525896414343
2023-07-02,Asia Pacific,Office Supplies,Art,Corporate,3,124.08,53.84,0.0,2023-07-01,0.43391360412637014
2023-07-13,Asia Pacific,Furniture,Bookcases,Consumer,1,447.34,131.73,0.0,2023-07-01,0.29447400187776634
2023-10-26,Europe,Furniture,Tables,Home Office,3,572.64,143.53,0.0,2023-10-01,0.2506461302039676
2024-03-18,Europe,Office Supplies,Storage,Corporate,2,95.42,-3.19,0.3,2024-03-01,-0.033431146510165585
2024-07-10,Latin America,Office Supplies,Paper,Consumer,2,58.77,-3.26,0.3,2024-07-01,-0.05547047813510294
2024-10-29,North America,Furniture,Tables,Corporate,1,110.82,23.4,0.0,2024-10-01,0.21115322144017326
2023-08-08,Asia Pacific,Office Supplies,Paper,Corporate,2,51.4,-3.53,0.3,2023-08-01,-0.06867704280155641
2024-05-31,Europe,Technology,Machines,Corporate,1,248.78,67.95,0.0,2024-05-01,0.2731328884958598
2023-08-14,North America,Furniture,Bookcases,Consumer,1,258.37,12.28,0.1,2023-08-01,0.04752873785656229
2023-01-06,Asia Pacific,Office Supplies,Paper,Consumer,5,259.0,74.78,0.0,2023-01-01,0.28872586872586875
2023-12-22,Latin America,Office Supplies,Art,Consumer,4,262.72,99.53,0.0,2023-12-01,0.3788443970767357
2024-03-19,Europe,Technology,Copiers,Corporate,1,438.25,130.77,0.0,2024-03-01,0.29839132915002853
2023-12-24,North America,Office Supplies,Storage,Consumer,4,61.27,26.14,0.0,2023-12-01,0.42663620042435124
2023-01-18,Latin America,Furniture,Furnishings,Consumer,5,1352.72,-214.72,0.2,2023-01-01,-0.158732036193743
2023-07-29,North America,Technology,Copiers,Corporate,3,1593.22,432.03,0.0,2023-07-01,0.2711678236527284
2024-06-28,Latin America,Technology,Machines,Consumer,5,270.7,61.8,0.0,2024-06-01,0.22829700775766532
2024-09-23,North America,Technology,Machines,Corporate,2,949.91,183.27,0.0,2024-09-01,0.19293406743796782
2024-05-30,North America,Technology,Copiers,Corporate,1,496.03,140.15,0.0,2024-05-01,0.28254339455274885
2024-01-13,North America,Office Supplies,Paper,Consumer,3,105.45,43.24,0.0,2024-01-01,0.4100521574205785
2024-04-24,North America,Furniture,Furnishings,Home Office,3,940.76,172.66,0.0,2024-04-01,0.18353246311492835
2023-03-01,Latin America,Furniture,Furnishings,Home Office,4,1081.43,250.93,0.0,2023-03-01,0.23203536058737043
2024-03-10,Europe,Technology,Copiers,Consumer,3,549.46,-115.03,0.3,2024-03-01,-0.20935099916281438
2024-12-29,Asia Pacific,Office Supplies,Art,Home Office,1,56.76,22.23,0.0,2024-12-01,0.3916490486257928
2024-08-29,Latin America,Office Supplies,Art,Consumer,2,48.97,-4.88,0.3,2024-08-01,-0.09965284868286706
2023-05-29,Asia Pacific,Office Supplies,Binders,Consumer,2,135.26,21.02,0.1,2023-05-01,0.15540440632855243
2023-12-05,Europe,Furniture,Tables,Consumer,5,1807.88,329.24,0.0,2023-12-01,0.18211385711441025
2023-05-09,Europe,Office Supplies,Paper,Corporate,3,140.37,6.03,0.2,2023-05-01,0.042957896986535585
2024-04-21,Latin America,Technology,Machines,Corporate,1,322.4,-166.1,0.5,2024-04-01,-0.5151985111662531
2024-03-13,Latin America,Technology,Phones,Consumer,1,473.2,5.63,0.15,2024-03-01,0.011897717666948436
2023-10-06,North America,Technology,Phones,Consumer,5,1770.34,534.43,0.0,2023-10-01,0.3018798648847114
2024-09-02,Asia Pacific,Office Supplies,Binders,Consumer,4,213.09,2.95,0.2,2024-09-01,0.013843915716363979
2023-01-18,North America,Office Supplies,Art,Consumer,2,73.63,29.44,0.0,2023-01-01,0.3998370229526009
2023-05-29,Asia Pacific,Office Supplies,Binders,Consumer,2,102.07,33.07,0.0,2023-05-01,0.3239933379053591
2023-03-16,Asia Pacific,Technology,Machines,Corporate,6,3385.97,-1684.54,0.5,2023-03-01,-0.4975058845766501
2023-11-23,Asia Pacific,Technology,Accessories,Consumer,3,560.57,163.84,0.0,2023-11-01,0.29227393545855107
2024-08-06,North America,Office Supplies,Storage,Consumer,5,173.55,67.82,0.0,2024-08-01,0.3907807548256986
2023-03-01,Asia Pacific,Technology,Copiers,Consumer,3,1334.48,195.9,0.0,2023-03-01,0.14679875307235776
2024-01-01,North America,Office Supplies,Art,Corporate,1,10.93,1.04,0.2,2024-01-01,0.09515096065873743
2023-11-11,Asia Pacific,Furniture,Furnishings,Corporate,4,618.25,198.81,0.0,2023-11-01,0.3215689446016983
2024-09-14,Europe,Furniture,Furnishings,Home Office,1,215.62,-22.54,0.2,2024-09-01,-0.10453575735089508
2024-08-17,Europe,Furniture,Furnishings,Home Office,3,1125.24,-244.72,0.3,2024-08-01,-0.21748249262379582
2024-12-22,North America,Furniture,Furnishings,Corporate,2,879.31,176.35,0.0,2024-12-01,0.20055498060979632
2023-05-19,Asia Pacific,Furniture,Tables,Corporate,2,726.13,-192.6,0.3,2023-05-01,-0.2652417611171553
2024-05-24,Europe,Office Supplies,Binders,Consumer,1,39.38,13.73,0.0,2024-05-01,0.34865413915693244
2024-04-26,Europe,Furniture,Furnishings,Consumer,1,233.26,-2.26,0.15,2024-04-01,-0.009688759324359083
2023-10-18,Asia Pacific,Office Supplies,Storage,Consumer,3,146.82,57.14,0.0,2023-10-01,0.3891840348726332
2024-03-06,Asia Pacific,Office Supplies,Storage,Consumer,2,105.73,-3.02,0.2,2024-03-01,-0.028563321668400643
2023-11-14,Europe,Technology,Accessories,Consumer,4,2947.47,647.25,0.0,2023-11-01,0.21959511038280288
2024-09-07,Asia Pacific,Office Supplies,Storage,Consumer,1,30.38,-3.33,0.4,2024-09-01,-0.10961158657011193
2024-03-02,Asia Pacific,Furniture,Chairs,Corporate,1,169.08,40.54,0.0,2024-03-01,0.23976815708540333
2023-02-10,Europe,Furniture,Chairs,Corporate,1,154.26,32.16,0.0,2023-02-01,0.20847919097627382
2023-08-25,Europe,Office Supplies,Binders,Home Office,2,57.82,20.9,0.0,2023-08-01,0.3614666205465237
2024-08-24,Europe,Furniture,Chairs,Consumer,3,553.81,148.81,0.0,2024-08-01,0.2687022625088027
2024-02-15,Europe,Office Supplies,Paper,Corporate,2,42.88,18.97,0.0,2024-02-01,0.4423973880597014
2023-09-15,Asia Pacific,Office Supplies,Binders,Corporate,1,61.53,-8.18,0.3,2023-09-01,-0.13294327970095887
2023-02-12,Asia Pacific,Furniture,Tables,Consumer,3,956.93,226.51,0.0,2023-02-01,0.23670487914476504
2023-11-10,North America,Furniture,Tables,Home Office,4,1323.94,449.49,0.0,2023-11-01,0.3395093433237156
2024-07-12,Latin America,Office Supplies,Paper,Corporate,1,57.66,21.39,0.0,2024-07-01,0.37096774193548393
2024-08-30,Asia Pacific,Technology,Machines,Consumer,2,687.6,162.33,0.0,2024-08-01,0.2360820244328098
2023-11-11,Latin America,Furniture,Chairs,Consumer,2,38.75,-12.77,0.3,2023-11-01,-0.3295483870967742
2023-03-01,Europe,Office Supplies,Paper,Home Office,4,117.07,18.92,0.2,2023-03-01,0.16161271034423852
2024-03-31,Europe,Office Supplies,Art,Consumer,4,266.7,100.87,0.0,2024-03-01,0.3782152230971129
2024-07-06,North America,Furniture,Furnishings,Consumer,5,1861.65,-148.85,0.15,2024-07-01,-0.07995595305239975
2024-11-25,Latin America,Office Supplies,Paper,Home Office,1,35.24,13.14,0.0,2024-11-01,0.3728717366628831
2023-05-21,Europe,Office Supplies,Paper,Consumer,1,29.09,2.92,0.15,2023-05-01,0.10037813681677553
2024-06-05,Europe,Technology,Copiers,Corporate,2,633.39,-217.03,0.3,2024-06-01,-0.34264828936358327
2023-08-12,North America,Technology,Copiers,Corporate,2,999.06,119.04,0.1,2023-08-01,0.11915200288270976
2024-10-28,Latin America,Office Supplies,Art,Corporate,2,49.57,9.37,0.15,2024-10-01,0.18902562033487996
2023-11-14,Middle East & Africa,Technology,Machines,Corporate,4,2267.75,-285.85,0.2,2023-11-01,-0.12605004960864294
2024-12-28,North America,Furniture,Tables,Consumer,5,2033.68,-578.69,0.3,2024-12-01,-0.28455312536878963
2023-06-08,North America,Furniture,Tables,Consumer,1,272.42,-16.09,0.15,2023-06-01,-0.05906321121797224
2024-09-08,Latin America,Technology,Accessories,Consumer,1,373.31,-17.93,0.2,2024-09-01,-0.04802978757600922
2023-09-25,Asia Pacific,Technology,Accessories,Home Office,1,200.16,67.06,0.0,2023-09-01,0.3350319744204636
2023-07-14,North America,Furniture,Chairs,Corporate,3,487.75,124.06,0.0,2023-07-01,0.25435161455663763
2023-03-13,North America,Office Supplies,Paper,Home Office,5,246.88,-78.61,0.4,2023-03-01,-0.31841380427738175
2023-02-04,North America,Furniture,Furnishings,Consumer,1,216.67,74.71,0.0,2023-02-01,0.34481007984492545
2023-07-22,Asia Pacific,Technology,Copiers,Consumer,2,1225.59,197.17,0.0,2023-07-01,0.16087761812677975
2024-10-20,Asia Pacific,Technology,Phones,Consumer,3,606.88,169.02,0.0,2024-10-01,0.27850645926707096
2023-01-18,North America,Furniture,Bookcases,Corporate,2,635.37,142.67,0.0,2023-01-01,0.22454632733682733
2024-07-27,Latin America,Office Supplies,Binders,Corporate,2,98.99,30.1,0.0,2024-07-01,0.3040711182947773
2023-03-24,Latin America,Furniture,Chairs,Corporate,3,707.74,133.1,0.0,2023-03-01,0.1880634131178116
2024-03-19,Asia Pacific,Furniture,Tables,Consumer,3,691.82,182.62,0.0,2024-03-01,0.2639703969240554
2023-11-21,Middle East & Africa,Technology,Phones,Consumer,1,358.3,30.12,0.1,2023-11-01,0.08406363382640246
2023-01-13,North America,Office Supplies,Storage,Consumer,4,261.32,90.63,0.0,2023-01-01,0.3468161640900046
2024-03-12,North America,Furniture,Furnishings,Consumer,1,334.18,46.78,0.1,2024-03-01,0.13998443952361003
2023-03-31,Latin America,Office Supplies,Storage,Home Office,1,43.57,20.82,0.0,2023-03-01,0.4778517328436998
2023-05-28,Middle East & Africa,Technology,Accessories,Corporate,2,832.28,22.09,0.15,2023-05-01,0.0265415485173259
2024-06-24,Europe,Furniture,Tables,Consumer,3,1126.2,230.63,0.0,2024-06-01,0.2047860060380039
2024-12-05,Latin America,Furniture,Tables,Home Office,2,642.74,42.33,0.1,2024-12-01,0.06585866757942559
2024-07-29,Europe,Technology,Machines,Consumer,3,1631.07,565.86,0.0,2024-07-01,0.34692563777152424
2023-06-29,Europe,Technology,Machines,Home Office,2,639.01,-66.73,0.2,2023-06-01,-0.10442716076430729
2024-01-12,Europe,Technology,Phones,Consumer,4,1626.76,82.2,0.15,2024-01-01,0.050529887629398314
2023-10-01,Latin America,Office Supplies,Storage,Consumer,5,272.42,71.54,0.0,2023-10-01,0.26260920637251306
2023-01-14,North America,Technology,Copiers,Consumer,1,369.74,-6.0,0.15,2023-01-01,-0.01622761940823281
2023-03-21,Europe,Office Supplies,Storage,Corporate,4,137.45,43.44,0.0,2023-03-01,0.31604219716260457
2024-06-04,Europe,Furniture,Chairs,Home Office,1,139.27,15.08,0.0,2024-06-01,0.10827888274574567
2024-09-16,Middle East & Africa,Technology,Accessories,Corporate,3,1338.25,358.97,0.0,2024-09-01,0.26823837100691206
2024-03-17,North America,Technology,Copiers,Consumer,4,1843.5,177.42,0.1,2024-03-01,0.09624084621643612
2023-07-22,Latin America,Technology,Phones,Consumer,4,2071.5,214.63,0.1,2023-07-01,0.10361090996862177
2023-09-21,North America,Office Supplies,Binders,Consumer,2,77.24,26.49,0.0,2023-09-01,0.34295701708959087
2024-04-18,Asia Pacific,Office Supplies,Paper,Consumer,4,78.05,-17.37,0.4,2024-04-01,-0.2225496476617553
2023-11-04,Asia Pacific,Furniture,Bookcases,Home Office,3,1152.57,5.85,0.15,2023-11-01,0.005075613628673313
2024-03-12,Latin America,Office Supplies,Storage,Consumer,4,168.81,24.55,0.15,2024-03-01,0.1454297731177063
2023-04-09,Asia Pacific,Technology,Machines,Corporate,3,439.66,90.07,0.0,2023-04-01,0.20486284856480005
2023-10-17,Latin America,Furniture,Furnishings,Corporate,1,276.17,56.84,0.0,2023-10-01,0.20581525871745665
2024-05-20,Europe,Furniture,Bookcases,Corporate,2,157.88,-4.07,0.15,2024-05-01,-0.02577907271345326
2023-06-08,Latin America,Office Supplies,Storage,Home Office,3,157.38,63.41,0.0,2023-06-01,0.4029101537679502
2024-04-13,North America,Furniture,Tables,Consumer,2,473.55,8.97,0.1,2024-04-01,0.01894203357617992
2024-06-06,North America,Office Supplies,Paper,Home Office,1,28.76,8.73,0.0,2024-06-01,0.30354659248956883
2023-09-27,Europe,Furniture,Chairs,Home Office,3,748.11,85.31,0.0,2023-09-01,0.1140340324283862
2024-12-21,Asia Pacific,Office Supplies,Storage,Home Office,3,206.0,17.93,0.2,2024-12-01,0.08703883495145631
2024-08-07,Europe,Furniture,Chairs,Consumer,3,689.42,-48.57,0.15,2024-08-01,-0.07045052362855735
2024-08-21,Europe,Office Supplies,Storage,Consumer,3,115.86,23.69,0.1,2024-08-01,0.20447091317106855
2024-05-13,North America,Furniture,Bookcases,Corporate,3,686.27,-15.07,0.15,2024-05-01,-0.021959287161029916
2024-05-22,Asia Pacific,Technology,Copiers,Corporate,4,1987.13,51.89,0.1,2024-05-01,0.02611303739564095
2024-08-17,North America,Furniture,Bookcases,Corporate,2,494.01,83.21,0.0,2024-08-01,0.1684378858727556
2024-09-30,Asia Pacific,Office Supplies,Storage,Home Office,2,101.72,45.38,0.0,2024-09-01,0.4461266220998821
2023-04-14,Europe,Office Supplies,Storage,Consumer,3,54.79,14.43,0.1,2023-04-01,0.2633692279613068
2024-07-16,Asia Pacific,Technology,Copiers,Corporate,4,2218.57,40.72,0.15,2024-07-01,0.018354165070293024
2023-07-09,North America,Technology,Copiers,Consumer,2,724.72,-66.7,0.15,2023-07-01,-0.09203554476211502
2024-01-17,Latin America,Office Supplies,Paper,Consumer,2,115.71,47.83,0.0,2024-01-01,0.41336098867859306
2024-09-19,Asia Pacific,Technology,Copiers,Corporate,3,1289.13,379.46,0.0,2024-09-01,0.2943535562743866
2023-12-12,Middle East & Africa,Office Supplies,Storage,Home Office,3,118.16,45.17,0.0,2023-12-01,0.38227826675693977
2024-04-09,North America,Office Supplies,Storage,Consumer,1,24.64,9.35,0.0,2024-04-01,0.3794642857142857
2024-04-29,Europe,Technology,Phones,Corporate,3,1564.92,326.61,0.0,2024-04-01,0.20870715435932827
2023-08-05,Latin America,Technology,Phones,Corporate,3,986.68,-41.67,0.2,2023-08-01,-0.04223253739814327
2023-03-12,Europe,Furniture,Tables,Consumer,2,447.95,114.81,0.0,2023-03-01,0.2563009264426834
2024-06-12,Middle East & Africa,Office Supplies,Binders,Corporate,3,130.36,49.84,0.0,2024-06-01,0.38232586683031605
2024-02-24,Asia Pacific,Furniture,Tables,Home Office,3,168.94,0.85,0.1,2024-02-01,0.005031372084763821
2024-07-20,Latin America,Technology,Machines,Corporate,4,2247.39,764.83,0.0,2024-07-01,0.3403192147335354
2023-11-01,North America,Furniture,Bookcases,Consumer,3,1070.9,328.77,0.0,2023-11-01,0.3070034550378186
2023-06-07,North America,Office Supplies,Paper,Corporate,2,99.2,13.24,0.1,2023-06-01,0.13346774193548386
2024-04-11,Europe,Office Supplies,Paper,Corporate,1,37.13,11.94,0.0,2024-04-01,0.32157285214112574
2024-06-16,Middle East & Africa,Technology,Accessories,Consumer,1,331.22,-37.49,0.2,2024-06-01,-0.11318760944387415
2023-07-14,Europe,Technology,Accessories,Corporate,4,1141.73,179.84,0.1,2023-07-01,0.15751534951345764
2024-05-08,Europe,Technology,Accessories,Consumer,3,177.88,21.61,0.1,2024-05-01,0.12148639532268946
2024-12-10,Asia Pacific,Office Supplies,Paper,Consumer,2,138.14,49.4,0.0,2024-12-01,0.3576082235413349
2024-07-31,Europe,Office Supplies,Paper,Corporate,4,164.88,63.91,0.0,2024-07-01,0.3876152353226589
2024-09-16,Latin America,Office Supplies,Storage,Home Office,2,103.37,17.59,0.15,2024-09-01,0.17016542517171326
2023-05-05,North America,Technology,Accessories,Consumer,2,729.02,180.89,0.0,2023-05-01,0.24812762338481797
2023-10-27,Europe,Furniture,Tables,Corporate,5,985.3,37.77,0.1,2023-10-01,0.038333502486552325
2024-01-03,North America,Office Supplies,Binders,Home Office,5,203.57,16.09,0.15,2024-01-01,0.07903915115193791
2024-07-22,Europe,Office Supplies,Storage,Consumer,2,121.74,38.75,0.0,2024-07-01,0.31830129784787253
2024-11-08,Europe,Furniture,Furnishings,Home Office,6,2170.06,308.05,0.0,2024-11-01,0.14195460033363133
2023-07-05,Europe,Technology,Phones,Corporate,3,1256.97,302.77,0.0,2023-07-01,0.24087289275002582
2024-06-13,Europe,Technology,Accessories,Corporate,3,1364.85,272.88,0.0,2024-06-01,0.1999340586877679
2023-02-05,North America,Technology,Machines,Corporate,2,485.02,112.29,0.0,2023-02-01,0.23151622613500478
2023-06-14,Latin America,Office Supplies,Paper,Consumer,4,144.68,57.27,0.0,2023-06-01,0.3958390931711363
2024-11-19,Middle East & Africa,Office Supplies,Art,Corporate,4,373.68,137.77,0.0,2024-11-01,0.3686844358809677
2024-10-18,Europe,Technology,Accessories,Corporate,3,879.14,231.28,0.0,2024-10-01,0.26307527811270104
2023-06-18,North America,Office Supplies,Art,Corporate,5,219.18,20.67,0.15,2023-06-01,0.09430604982206406
2024-06-26,Latin America,Furniture,Bookcases,Consumer,4,955.42,-444.08,0.4,2024-06-01,-0.46480082058152433
2023-02-07,Europe,Furniture,Chairs,Corporate,5,879.13,120.62,0.0,2023-02-01,0.13720382651029997
2023-12-29,Latin America,Office Supplies,Art,Consumer,3,139.68,32.67,0.1,2023-12-01,0.2338917525773196
2024-06-10,Europe,Furniture,Furnishings,Consumer,4,1757.5,415.8,0.0,2024-06-01,0.2365860597439545
2023-04-07,Middle East & Africa,Office Supplies,Paper,Corporate,2,100.56,40.34,0.0,2023-04-01,0.4011535401750199
2023-05-17,Asia Pacific,Furniture,Furnishings,Consumer,2,547.04,-131.32,0.3,2023-05-01,-0.24005557180462123
2023-02-11,Europe,Furniture,Chairs,Home Office,1,272.74,3.82,0.15,2023-02-01,0.014006013052724205
2024-09-06,Asia Pacific,Technology,Accessories,Corporate,1,177.36,33.74,0.0,2024-09-01,0.19023455119530897
2024-05-10,Europe,Furniture,Tables,Home Office,3,507.98,-194.84,0.4,2024-05-01,-0.38355840781133116
2024-04-18,North America,Office Supplies,Art,Consumer,5,204.0,29.43,0.15,2024-04-01,0.14426470588235293
2023-06-10,Europe,Technology,Copiers,Corporate,1,562.95,139.45,0.0,2023-06-01,0.24771294075850428
2023-11-23,Europe,Office Supplies,Art,Home Office,4,114.34,45.39,0.0,2023-11-01,0.3969739373797446
2024-06-11,North America,Technology,Phones,Consumer,5,1716.43,178.82,0.1,2024-06-01,0.10418135315742558
2024-05-01,Europe,Office Supplies,Paper,Consumer,4,63.94,29.5,0.0,2024-05-01,0.4613700344072568
2024-09-26,Latin America,Office Supplies,Binders,Corporate,5,233.06,89.42,0.0,2024-09-01,0.3836780228267399
2023-02-14,Europe,Furniture,Bookcases,Home Office,1,261.14,-75.81,0.3,2023-02-01,-0.2903040514666463
2024-11-11,North America,Technology,Phones,Consumer,4,2394.08,476.86,0.1,2024-11-01,0.19918298469558246
2024-01-02,Asia Pacific,Office Supplies,Binders,Corporate,4,139.34,21.36,0.15,2024-01-01,0.15329410076072914
2024-04-01,Europe,Office Supplies,Paper,Consumer,4,113.44,40.67,0.0,2024-04-01,0.358515514809591
2024-05-21,Asia Pacific,Technology,Phones,Consumer,2,1228.0,36.29,0.1,2024-05-01,0.029552117263843648
2024-07-28,Latin America,Technology,Copiers,Home Office,1,272.96,10.68,0.15,2024-07-01,0.039126611957796015
2024-04-08,Middle East & Africa,Office Supplies,Paper,Consumer,3,146.19,50.92,0.0,2024-04-01,0.3483138381558246
2024-02-17,Europe,Furniture,Bookcases,Consumer,2,344.63,20.73,0.1,2024-02-01,0.06015146679047094
2023-07-20,Asia Pacific,Furniture,Furnishings,Consumer,1,314.94,-78.66,0.3,2023-07-01,-0.2497618594017908
2023-08-18,Asia Pacific,Technology,Copiers,Home Office,1,486.72,89.42,0.0,2023-08-01,0.18371959237343852
2024-12-30,North America,Technology,Accessories,Consumer,2,1048.02,-131.61,0.2,2024-12-01,-0.1255796645102193
2023-03-09,Latin America,Furniture,Bookcases,Consumer,1,148.1,-54.84,0.4,2023-03-01,-0.37029034436191766
2023-07-01,Asia Pacific,Technology,Machines,Consumer,3,803.62,37.73,0.15,2023-07-01,0.04695005101913839
2024-12-17,North America,Office Supplies,Paper,Corporate,3,159.8,68.12,0.0,2024-12-01,0.4262828535669587
2024-08-28,Europe,Office Supplies,Storage,Consumer,1,42.67,12.64,0.0,2024-08-01,0.2962268572767753
2023-03-19,North America,Furniture,Furnishings,Corporate,1,354.75,48.11,0.1,2023-03-01,0.13561663143058492
2023-04-20,North America,Office Supplies,Paper,Consumer,1,52.33,-3.36,0.3,2023-04-01,-0.06420791133193197
2024-02-05,Latin America,Office Supplies,Paper,Consumer,6,195.78,14.71,0.2,2024-02-01,0.07513535601185004
2023-07-22,Europe,Office Supplies,Storage,Consumer,4,179.43,49.62,0.1,2023-07-01,0.27654238421668614
2024-10-25,North America,Office Supplies,Art,Consumer,2,93.32,23.49,0.1,2024-10-01,0.2517145306472353
2023-08-12,Europe,Office Supplies,Art,Consumer,6,107.96,-18.18,0.4,2023-08-01,-0.1683957021118933
2023-10-16,Asia Pacific,Office Supplies,Binders,Consumer,4,144.81,52.67,0.0,2023-10-01,0.3637179752779504
2024-06-25,Asia Pacific,Furniture,Bookcases,Corporate,2,342.19,77.29,0.0,2024-06-01,0.22586866945264328
2024-10-22,Latin America,Office Supplies,Art,Corporate,1,43.46,9.38,0.1,2024-10-01,0.21583064887252648
2023-09-10,North America,Office Supplies,Art,Consumer,1,31.42,11.27,0.0,2023-09-01,0.3586887332908975
2023-03-22,Asia Pacific,Office Supplies,Paper,Consumer,3,120.14,52.4,0.0,2023-03-01,0.4361578158814716
2024-11-18,Middle East & Africa,Office Supplies,Binders,Consumer,6,186.51,78.17,0.0,2024-11-01,0.41911961825103217
2024-11-24,North America,Office Supplies,Paper,Corporate,2,51.25,7.74,0.15,2024-11-01,0.15102439024390243
2023-08-18,Asia Pacific,Furniture,Tables,Consumer,3,938.96,244.25,0.0,2023-08-01,0.260128226974525
2023-06-29,Europe,Technology,Phones,Corporate,1,517.53,-191.48,0.4,2023-06-01,-0.3699882132436767
2023-02-06,Asia Pacific,Technology,Copiers,Consumer,4,1309.6,331.23,0.0,2023-02-01,0.2529245571166769
2023-12-06,Europe,Office Supplies,Paper,Consumer,2,52.83,7.4,0.15,2023-12-01,0.14007192882831726
2024-07-07,Europe,Office Supplies,Storage,Corporate,3,115.89,-13.64,0.3,2024-07-01,-0.11769781689533178
2023-10-03,Middle East & Africa,Technology,Machines,Corporate,4,2085.52,-178.51,0.2,2023-10-01,-0.08559495953047681
2023-12-24,North America,Technology,Machines,Corporate,2,991.21,224.52,0.0,2023-12-01,0.22651103197102532
2024-09-02,Europe,Furniture,Tables,Consumer,4,1211.38,181.43,0.0,2024-09-01,0.14977133517145733
2024-06-06,North America,Office Supplies,Storage,Home Office,1,35.88,3.07,0.2,2024-06-01,0.08556298773690077
2024-11-11,Europe,Office Supplies,Art,Corporate,4,283.4,24.56,0.2,2024-11-01,0.0866619618913197
2023-06-23,Middle East & Africa,Office Supplies,Art,Consumer,4,144.4,22.64,0.15,2023-06-01,0.15678670360110802
2023-01-07,North America,Office Supplies,Binders,Home Office,2,105.35,11.45,0.15,2023-01-01,0.10868533459895587
2023-08-14,Asia Pacific,Furniture,Tables,Home Office,3,758.31,73.29,0.1,2023-08-01,0.09664912766546664
2024-10-07,Asia Pacific,Technology,Machines,Consumer,4,1264.92,-220.03,0.2,2024-10-01,-0.17394775954210542
2024-06-08,North America,Technology,Copiers,Consumer,1,296.46,-13.5,0.15,2024-06-01,-0.04553734061930784
2023-09-09,Latin America,Office Supplies,Art,Corporate,2,89.98,31.26,0.0,2023-09-01,0.34741053567459435
2024-09-12,Europe,Office Supplies,Binders,Consumer,2,80.2,9.94,0.2,2024-09-01,0.12394014962593515
2023-03-02,Europe,Furniture,Furnishings,Home Office,4,345.38,63.88,0.0,2023-03-01,0.1849557009670508
2024-07-24,Asia Pacific,Technology,Machines,Consumer,1,494.64,96.22,0.0,2024-07-01,0.19452531133753842
2024-03-03,Europe,Technology,Phones,Corporate,1,498.26,2.76,0.15,2024-03-01,0.00553927668285634
2023-02-20,Europe,Technology,Machines,Consumer,4,1236.95,301.66,0.0,2023-02-01,0.2438740450301144
2024-09-23,Europe,Office Supplies,Art,Home Office,2,96.79,9.58,0.15,2024-09-01,0.09897716706271309
2024-11-30,Latin America,Office Supplies,Storage,Consumer,4,231.01,88.42,0.0,2024-11-01,0.3827539933336219
2024-12-27,North America,Office Supplies,Paper,Consumer,3,90.85,32.87,0.0,2024-12-01,0.36180517336268575
2024-08-29,North America,Technology,Copiers,Corporate,2,839.41,125.05,0.0,2024-08-01,0.14897368389702292
2023-03-24,Asia Pacific,Technology,Phones,Corporate,1,494.22,13.04,0.15,2023-03-01,0.02638501072396908
2024-05-09,North America,Technology,Copiers,Consumer,5,1253.72,379.62,0.0,2024-05-01,0.30279488242988867
2023-04-20,Latin America,Furniture,Chairs,Corporate,1,261.08,65.74,0.0,2023-04-01,0.2518002144936418
2024-09-03,Latin America,Technology,Copiers,Corporate,3,1877.12,536.79,0.0,2024-09-01,0.28596466928060005
2023-02-11,North America,Office Supplies,Binders,Consumer,4,141.23,18.55,0.1,2023-02-01,0.13134603129646677
2024-06-11,North America,Technology,Machines,Corporate,4,1332.02,275.07,0.0,2024-06-01,0.2065059083196949
2024-07-09,Asia Pacific,Office Supplies,Binders,Consumer,1,51.84,19.57,0.0,2024-07-01,0.3775077160493827
2024-07-20,North America,Office Supplies,Binders,Consumer,2,86.18,41.63,0.0,2024-07-01,0.4830587143188675
2024-07-19,North America,Technology,Copiers,Consumer,1,613.99,236.43,0.0,2024-07-01,0.385071418101272
2023-09-04,Latin America,Office Supplies,Art,Corporate,3,117.5,42.62,0.0,2023-09-01,0.3627234042553191
2024-11-25,North America,Technology,Accessories,Consumer,3,1901.68,70.95,0.1,2024-11-01,0.037309116149930585
2023-01-04,North America,Furniture,Chairs,Consumer,1,283.86,71.41,0.0,2023-01-01,0.2515676742055943
2023-06-23,Asia Pacific,Furniture,Bookcases,Consumer,1,246.23,23.56,0.1,2023-06-01,0.09568289810339926
2024-05-04,Middle East & Africa,Office Supplies,Paper,Consumer,2,91.19,45.61,0.0,2024-05-01,0.5001644917205834
2024-11-29,Asia Pacific,Furniture,Bookcases,Consumer,3,732.15,115.52,0.0,2024-11-01,0.15778187529877757
2024-11-28,North America,Technology,Accessories,Consumer,4,2510.48,53.47,0.15,2024-11-01,0.021298715783435836
2024-08-17,Europe,Technology,Copiers,Corporate,1,278.53,-62.76,0.3,2024-08-01,-0.2253258176857071
2024-09-01,North America,Furniture,Chairs,Consumer,1,174.4,-55.82,0.3,2024-09-01,-0.32006880733944953
2024-08-13,Europe,Office Supplies,Paper,Consumer,1,58.67,21.85,0.0,2024-08-01,0.3724220214760525
2024-03-24,North America,Technology,Machines,Consumer,3,1343.83,375.77,0.0,2024-03-01,0.2796261431877544
2024-06-22,Europe,Office Supplies,Storage,Consumer,2,120.96,13.31,0.15,2024-06-01,0.11003637566137567
2023-04-27,Europe,Technology,Machines,Home Office,1,298.01,64.28,0.0,2023-04-01,0.21569745981678468
2024-04-26,Europe,Furniture,Chairs,Consumer,6,2388.91,295.72,0.1,2024-04-01,0.12378867349544355
2023-05-27,Middle East & Africa,Office Supplies,Storage,Home Office,2,152.57,60.25,0.0,2023-05-01,0.3949007013174281
2023-07-21,Europe,Technology,Copiers,Home Office,3,1464.61,375.79,0.0,2023-07-01,0.2565802500324319
2024-03-03,Middle East & Africa,Office Supplies,Storage,Corporate,2,50.73,6.7,0.15,2024-03-01,0.13207175241474473
2024-05-30,Asia Pacific,Office Supplies,Storage,Consumer,2,93.09,29.15,0.0,2024-05-01,0.3131378236115587
2023-08-07,Asia Pacific,Office Supplies,Art,Consumer,4,166.67,10.22,0.2,2023-08-01,0.06131877362452752
2023-03-01,Latin America,Furniture,Chairs,Consumer,6,1956.26,696.48,0.0,2023-03-01,0.356026295073252
2024-06-25,Asia Pacific,Technology,Copiers,Consumer,1,533.64,162.83,0.0,2024-06-01,0.3051307997901207
2023-03-21,North America,Office Supplies,Storage,Consumer,4,156.01,41.53,0.1,2023-03-01,0.2662008845586822
2023-03-03,North America,Office Supplies,Storage,Corporate,2,89.96,23.04,0.1,2023-03-01,0.25611382836816365
2024-08-05,Europe,Office Supplies,Binders,Home Office,4,94.18,16.85,0.15,2024-08-01,0.17891272032278616
2024-02-14,Asia Pacific,Furniture,Tables,Consumer,1,136.58,6.0,0.15,2024-02-01,0.04393029726167813
2024-11-04,Latin America,Technology,Phones,Home Office,1,580.79,2.72,0.2,2024-11-01,0.004683276227207769
2023-01-29,North America,Furniture,Bookcases,Consumer,2,580.68,-145.35,0.3,2023-01-01,-0.25030998140111593
2024-08-07,Europe,Furniture,Chairs,Consumer,1,388.76,88.17,0.0,2024-08-01,0.22679802448811606
2024-12-19,North America,Technology,Copiers,Corporate,5,2809.67,-919.08,0.4,2024-12-01,-0.32711314851922113
2024-12-14,Europe,Office Supplies,Binders,Consumer,5,211.31,82.04,0.0,2024-12-01,0.38824475888505044
2024-05-29,Latin America,Office Supplies,Storage,Corporate,1,47.98,13.83,0.0,2024-05-01,0.28824510212588583
2023-07-06,Middle East & Africa,Technology,Accessories,Corporate,4,1859.93,233.62,0.1,2023-07-01,0.12560687767819217
2023-01-02,Asia Pacific,Office Supplies,Storage,Consumer,1,21.59,-6.06,0.4,2023-01-01,-0.28068550254747565
2024-12-20,Asia Pacific,Furniture,Bookcases,Consumer,4,1826.63,347.27,0.0,2024-12-01,0.19011513004823088
2024-07-22,Asia Pacific,Furniture,Tables,Home Office,4,1345.45,115.08,0.1,2024-07-01,0.08553272139432903
2023-11-22,Europe,Furniture,Bookcases,Corporate,5,2466.82,-7.14,0.15,2023-11-01,-0.002894414671520419
2024-01-20,North America,Office Supplies,Paper,Corporate,2,125.49,-1.19,0.2,2024-01-01,-0.009482827316917682
2024-09-02,Latin America,Technology,Phones,Corporate,3,628.04,-127.21,0.3,2024-09-01,-0.20255079294312464
2023-06-26,North America,Technology,Phones,Consumer,4,1857.4,-661.38,0.4,2023-06-01,-0.3560783891461182
2023-06-11,Middle East & Africa,Furniture,Bookcases,Corporate,2,522.81,88.02,0.0,2023-06-01,0.16835944224479257
2023-07-20,Latin America,Office Supplies,Binders,Consumer,2,72.8,25.64,0.0,2023-07-01,0.3521978021978022
2023-03-19,Latin America,Technology,Phones,Consumer,3,1220.71,-11.76,0.15,2023-03-01,-0.009633737742789032
2023-03-26,Europe,Technology,Phones,Home Office,1,437.84,136.93,0.0,2023-03-01,0.31273981363055
2024-12-20,Europe,Furniture,Furnishings,Consumer,3,1238.32,319.18,0.0,2024-12-01,0.25775243878803544
2024-02-19,North America,Technology,Machines,Consumer,2,525.78,-141.22,0.3,2024-02-01,-0.268591426071741
2023-07-22,Europe,Furniture,Chairs,Consumer,2,523.52,5.18,0.1,2023-07-01,0.009894559902200489
2023-07-14,Asia Pacific,Furniture,Tables,Consumer,4,1324.61,-49.28,0.15,2023-07-01,-0.037203403265866936
2023-07-21,North America,Furniture,Furnishings,Corporate,2,687.9,133.47,0.0,2023-07-01,0.1940252943741823
2024-06-24,Europe,Office Supplies,Storage,Consumer,3,77.34,33.52,0.0,2024-06-01,0.43341091285234035
2024-09-05,Europe,Office Supplies,Storage,Corporate,3,147.8,-38.18,0.4,2024-09-01,-0.25832205683355886
2023-06-06,North America,Office Supplies,Art,Corporate,2,37.52,15.23,0.0,2023-06-01,0.4059168443496802
2024-08-05,Asia Pacific,Office Supplies,Art,Consumer,2,63.11,14.18,0.1,2024-08-01,0.22468705434954842
2023-05-15,Europe,Furniture,Tables,Consumer,3,1260.6,336.94,0.0,2023-05-01,0.2672854196414406
2023-02-02,Europe,Technology,Machines,Corporate,2,646.9,174.29,0.0,2023-02-01,0.2694234039264183
2024-07-07,North America,Office Supplies,Art,Consumer,3,177.25,67.3,0.0,2024-07-01,0.3796897038081805
2024-08-19,North America,Office Supplies,Paper,Consumer,3,175.99,58.77,0.0,2024-08-01,0.33393942837661234
2024-05-08,North America,Office Supplies,Art,Home Office,2,94.55,8.54,0.15,2024-05-01,0.09032258064516129
2024-05-29,North America,Office Supplies,Binders,Corporate,3,214.34,74.45,0.0,2024-05-01,0.3473453391807409
2023-10-03,Latin America,Technology,Copiers,Corporate,3,351.53,81.36,0.0,2023-10-01,0.23144539584103777
2024-04-02,Europe,Office Supplies,Art,Consumer,4,139.7,40.46,0.1,2024-04-01,0.2896206156048676
2023-08-14,Europe,Office Supplies,Paper,Consumer,3,124.33,42.22,0.0,2023-08-01,0.339580149601866
2024-03-26,North America,Furniture,Chairs,Home Office,2,283.63,5.21,0.15,2024-03-01,0.01836900186863167
2024-12-29,Latin America,Technology,Machines,Home Office,6,4974.36,1506.75,0.0,2024-12-01,0.3029032880611777
2024-03-04,Europe,Office Supplies,Paper,Consumer,4,101.7,24.87,0.1,2024-03-01,0.24454277286135692
2024-11-25,Asia Pacific,Technology,Machines,Home Office,1,607.05,-43.05,0.2,2024-11-01,-0.07091672844082036
2023-07-09,Asia Pacific,Office Supplies,Storage,Consumer,1,37.05,7.9,0.15,2023-07-01,0.21322537112010798
2023-07-19,Latin America,Furniture,Bookcases,Consumer,2,713.93,200.48,0.0,2023-07-01,0.2808118442984606
2024-05-13,Asia Pacific,Furniture,Chairs,Consumer,3,1035.27,87.97,0.1,2024-05-01,0.08497300221198335
2024-11-14,Asia Pacific,Office Supplies,Paper,Consumer,4,82.04,23.42,0.1,2024-11-01,0.2854705021940517
2024-02-12,Asia Pacific,Office Supplies,Storage,Corporate,2,103.73,-19.36,0.3,2024-02-01,-0.18663838812301164
2023-11-26,Asia Pacific,Technology,Accessories,Consumer,3,1634.33,359.48,0.0,2023-11-01,0.21995557812681651
2024-05-31,Asia Pacific,Office Supplies,Paper,Home Office,3,74.24,3.07,0.2,2024-05-01,0.04135237068965517
2023-04-29,Asia Pacific,Technology,Accessories,Corporate,1,358.35,99.19,0.0,2023-04-01,0.27679642807311283
2024-01-04,Europe,Technology,Machines,Corporate,1,433.2,124.39,0.0,2024-01-01,0.2871421975992613
2024-03-24,Latin America,Office Supplies,Binders,Corporate,5,115.16,-34.94,0.4,2024-03-01,-0.30340395970823203
2023-06-09,Middle East & Africa,Technology,Accessories,Consumer,3,1131.1,-319.46,0.4,2023-06-01,-0.28243302979400586
2024-03-15,Europe,Office Supplies,Storage,Consumer,4,254.17,108.97,0.0,2024-03-01,0.4287288035566747
2023-01-03,Europe,Technology,Accessories,Consumer,3,981.67,279.87,0.0,2023-01-01,0.285095806126295
2023-02-21,North America,Office Supplies,Art,Consumer,2,71.44,-21.97,0.4,2023-02-01,-0.30753079507278835
2024-02-25,North America,Office Supplies,Art,Consumer,2,35.69,11.26,0.0,2024-02-01,0.3154945362846736
2023-02-02,North America,Furniture,Furnishings,Consumer,4,1048.6,300.73,0.0,2023-02-01,0.28679191302689305
2024-01-25,North America,Technology,Machines,Corporate,4,1813.24,644.41,0.0,2024-01-01,0.3553914539718956
2024-03-31,Europe,Furniture,Bookcases,Corporate,1,252.03,-20.11,0.15,2024-03-01,-0.07979208824346308
2024-08-28,Europe,Office Supplies,Paper,Home Office,4,119.56,45.03,0.0,2024-08-01,0.37663098026095687
2023-06-12,Asia Pacific,Furniture,Tables,Consumer,2,535.46,-5.36,0.15,2023-06-01,-0.010010084786912187
2023-05-21,Middle East & Africa,Technology,Machines,Consumer,3,1398.93,335.88,0.0,2023-05-01,0.24009778902446868
2023-09-01,Europe,Technology,Accessories,Corporate,5,3598.81,124.88,0.15,2023-09-01,0.034700359285430464
2023-01-08,North America,Technology,Machines,Consumer,4,1689.54,504.35,0.0,2023-01-01,0.2985132047776318
2024-08-28,Latin America,Furniture,Tables,Consumer,4,906.63,-97.79,0.2,2024-08-01,-0.10786097967197203
2024-04-27,North America,Furniture,Chairs,Consumer,3,671.43,-198.92,0.3,2024-04-01,-0.2962631994400012
2023-07-02,Europe,Furniture,Furnishings,Corporate,2,547.45,36.63,0.15,2023-07-01,0.0669102201114257
2024-05-18,North America,Office Supplies,Art,Corporate,2,64.29,21.96,0.0,2024-05-01,0.34157722818478764
2023-10-31,North America,Technology,Machines,Home Office,1,376.04,30.01,0.15,2023-10-01,0.07980533985746197
2024-10-27,Asia Pacific,Office Supplies,Storage,Consumer,3,167.3,32.92,0.1,2024-10-01,0.19677226539151224
2024-10-10,Asia Pacific,Furniture,Furnishings,Corporate,3,729.37,117.97,0.1,2024-10-01,0.16174232556864143
2023-10-31,North America,Furniture,Chairs,Corporate,1,220.32,-133.58,0.5,2023-10-01,-0.6062999273783588
2024-08-18,Latin America,Furniture,Tables,Consumer,1,217.78,-55.5,0.3,2024-08-01,-0.25484433832307835
2023-08-25,North America,Office Supplies,Art,Home Office,3,128.28,-28.29,0.3,2023-08-01,-0.22053320860617398
2024-09-26,North America,Technology,Phones,Corporate,3,1189.06,-383.45,0.4,2024-09-01,-0.32248162414007703
2023-03-15,North America,Furniture,Furnishings,Corporate,2,434.58,81.43,0.0,2023-03-01,0.1873763173638916
2023-10-20,Europe,Office Supplies,Binders,Consumer,3,146.66,26.94,0.15,2023-10-01,0.18369016773489705
2024-09-05,Asia Pacific,Office Supplies,Art,Consumer,2,43.9,6.45,0.15,2024-09-01,0.14692482915717542
2023-01-31,Europe,Office Supplies,Paper,Consumer,1,17.53,-1.05,0.3,2023-01-01,-0.05989731888191671
2023-01-13,Latin America,Furniture,Tables,Consumer,5,790.06,28.93,0.1,2023-01-01,0.03661747209072729
2024-04-30,Asia Pacific,Furniture,Furnishings,Corporate,5,1232.25,311.58,0.0,2024-04-01,0.25285453438831407
2024-03-07,North America,Technology,Accessories,Consumer,3,1701.9,-125.29,0.2,2024-03-01,-0.07361772137023327
2023-11-09,Middle East & Africa,Office Supplies,Paper,Consumer,4,298.12,76.0,0.1,2023-11-01,0.25493090030860055
2023-02-14,North America,Office Supplies,Binders,Consumer,4,186.57,5.81,0.15,2023-02-01,0.031141126654874843
2024-04-20,North America,Office Supplies,Binders,Corporate,4,208.97,89.39,0.0,2024-04-01,0.4277647509211849
2023-11-28,Latin America,Furniture,Bookcases,Corporate,1,645.95,154.06,0.0,2023-11-01,0.23850143199938073
2024-12-05,Asia Pacific,Technology,Accessories,Consumer,1,654.53,227.14,0.0,2024-12-01,0.3470276381525675
2024-02-19,North America,Office Supplies,Binders,Consumer,3,89.27,15.89,0.1,2024-02-01,0.1779993278817072
2024-11-20,Europe,Office Supplies,Art,Corporate,2,135.13,43.95,0.0,2024-11-01,0.32524235920965
2023-04-20,North America,Office Supplies,Paper,Corporate,2,65.35,10.05,0.15,2023-04-01,0.153787299158378
2023-02-10,Europe,Office Supplies,Art,Consumer,5,177.05,71.33,0.0,2023-02-01,0.4028805422197119
2023-09-13,North America,Office Supplies,Art,Home Office,2,104.43,42.13,0.0,2023-09-01,0.40342813367806185
2023-02-07,North America,Office Supplies,Art,Corporate,2,50.0,19.87,0.0,2023-02-01,0.39740000000000003
2023-02-12,Asia Pacific,Office Supplies,Paper,Home Office,3,84.94,19.71,0.1,2023-02-01,0.23204615022368733
2024-03-05,Asia Pacific,Technology,Phones,Corporate,2,427.19,103.87,0.0,2024-03-01,0.2431470774128608
2024-11-14,Middle East & Africa,Office Supplies,Storage,Consumer,2,112.3,9.37,0.2,2024-11-01,0.08343722172751558
2024-10-05,Asia Pacific,Furniture,Chairs,Consumer,3,891.25,2.7,0.1,2024-10-01,0.0030294530154277703
2023-06-30,North America,Office Supplies,Storage,Corporate,2,115.21,62.95,0.0,2023-06-01,0.5463935422272372
2023-04-29,Middle East & Africa,Office Supplies,Binders,Corporate,3,121.19,23.83,0.15,2023-04-01,0.1966333855928707
2024-06-23,North America,Furniture,Furnishings,Corporate,4,1509.22,409.76,0.0,2024-06-01,0.2715044857608566
2023-08-01,Latin America,Office Supplies,Art,Consumer,3,113.26,6.18,0.2,2023-08-01,0.05456471834716581
2023-02-25,North America,Office Supplies,Art,Corporate,3,118.07,53.03,0.0,2023-02-01,0.44914034047598883
2023-08-07,Asia Pacific,Furniture,Tables,Consumer,2,598.45,141.31,0.0,2023-08-01,0.2361266605397276
2024-05-10,North America,Furniture,Tables,Home Office,1,164.84,-9.22,0.15,2024-05-01,-0.05593302596457171
2023-11-17,North America,Furniture,Tables,Corporate,1,581.75,-74.27,0.2,2023-11-01,-0.12766652342071336
2024-11-03,Middle East & Africa,Technology,Copiers,Home Office,2,1332.71,-11.49,0.15,2024-11-01,-0.00862153056553939
2023-03-20,Asia Pacific,Technology,Copiers,Corporate,3,861.97,196.83,0.0,2023-03-01,0.2283490144668608
2023-02-24,Europe,Furniture,Chairs,Home Office,3,822.93,227.34,0.0,2023-02-01,0.2762567897634064
2024-11-24,Europe,Office Supplies,Paper,Corporate,1,81.51,7.69,0.2,2024-11-01,0.09434425223898908
2024-01-27,Europe,Office Supplies,Art,Consumer,2,120.27,2.7,0.2,2024-01-01,0.022449488650536295
2024-02-04,North America,Office Supplies,Art,Consumer,1,33.15,7.16,0.15,2024-02-01,0.21598793363499247
2023-01-06,North America,Office Supplies,Binders,Consumer,4,175.45,-8.07,0.2,2023-01-01,-0.04599601025933315
2023-12-14,Middle East & Africa,Technology,Machines,Consumer,1,354.31,-8.62,0.15,2023-12-01,-0.02432897744912647
2024-01-07,Asia Pacific,Technology,Copiers,Consumer,4,1184.36,120.99,0.15,2024-01-01,0.10215643892059847
2023-04-30,Europe,Technology,Phones,Home Office,2,1325.44,358.14,0.0,2023-04-01,0.2702046112988894
2023-01-02,Latin America,Office Supplies,Paper,Consumer,1,46.48,11.95,0.1,2023-01-01,0.25709982788296043
2023-11-17,Europe,Office Supplies,Storage,Corporate,2,55.82,16.67,0.0,2023-11-01,0.29863848083124334
2024-01-17,Asia Pacific,Furniture,Bookcases,Consumer,3,644.89,165.45,0.0,2024-01-01,0.25655538153793667
2023-09-07,North America,Technology,Copiers,Home Office,3,914.89,-350.08,0.4,2023-09-01,-0.3826470941861863
2024-01-29,North America,Office Supplies,Storage,Home Office,4,134.29,26.64,0.1,2024-01-01,0.1983766475538015
2023-09-02,Asia Pacific,Office Supplies,Binders,Consumer,2,45.57,20.95,0.0,2023-09-01,0.4597322800087777
2023-07-12,North America,Office Supplies,Paper,Corporate,2,84.44,5.57,0.15,2023-07-01,0.06596399810516343
2023-08-29,Middle East & Africa,Office Supplies,Storage,Consumer,2,53.55,23.15,0.0,2023-08-01,0.4323062558356676
2024-01-25,Latin America,Technology,Accessories,Corporate,3,483.3,117.67,0.0,2024-01-01,0.24347196358369544
2023-01-11,North America,Office Supplies,Paper,Consumer,4,146.5,9.25,0.2,2023-01-01,0.06313993174061433
2024-04-30,North America,Furniture,Tables,Corporate,3,798.67,-396.08,0.5,2024-04-01,-0.4959244744387544
2023-11-22,Asia Pacific,Furniture,Bookcases,Consumer,2,842.81,121.63,0.0,2023-11-01,0.1443148515086437
2024-08-14,North America,Office Supplies,Binders,Consumer,1,35.22,3.54,0.15,2024-08-01,0.10051107325383306
2024-02-19,Latin America,Office Supplies,Storage,Consumer,2,81.96,1.91,0.2,2024-02-01,0.02330405075646657
2024-06-17,Latin America,Office Supplies,Paper,Corporate,4,256.42,74.88,0.0,2024-06-01,0.29202090320567814
2023-01-01,Middle East & Africa,Technology,Accessories,Corporate,1,271.26,-14.45,0.2,2023-01-01,-0.053269925532699255
2023-05-26,Latin America,Office Supplies,Art,Consumer,1,31.23,11.03,0.0,2023-05-01,0.35318603906500157
2023-06-21,North America,Office Supplies,Storage,Consumer,2,77.67,5.82,0.15,2023-06-01,0.07493240633449208
2024-08-04,Middle East & Africa,Office Supplies,Storage,Consumer,2,58.66,19.32,0.0,2024-08-01,0.32935560859188545
2023-06-17,Latin America,Office Supplies,Storage,Corporate,3,122.9,20.72,0.15,2023-06-01,0.16859235150528884
2024-08-19,Asia Pacific,Technology,Copiers,Consumer,1,399.94,43.21,0.1,2024-08-01,0.10804120618092714
2024-10-10,Middle East & Africa,Furniture,Furnishings,Corporate,3,1103.91,299.17,0.0,2024-10-01,0.2710094119991666
2024-09-05,North America,Office Supplies,Art,Consumer,3,84.45,8.52,0.2,2024-09-01,0.10088809946714031
2023-01-31,Latin America,Technology,Machines,Corporate,3,806.31,58.67,0.1,2023-01-01,0.07276357728417111
2024-06-04,North America,Office Supplies,Storage,Consumer,3,201.39,89.17,0.0,2024-06-01,0.44277272952976815
2024-09-04,Europe,Technology,Accessories,Home Office,1,264.69,63.95,0.0,2024-09-01,0.24160338509199442
2023-05-26,North America,Office Supplies,Storage,Consumer,3,135.37,5.34,0.2,2023-05-01,0.039447440348674
2023-01-05,Asia Pacific,Furniture,Chairs,Corporate,2,560.42,153.37,0.0,2023-01-01,0.2736697476892331
2023-04-01,Asia Pacific,Furniture,Bookcases,Consumer,2,625.63,123.88,0.0,2023-04-01,0.1980084075252146
2023-04-04,Middle East & Africa,Furniture,Chairs,Home Office,4,1140.09,137.93,0.0,2023-04-01,0.12098167688515821
2023-02-28,North America,Technology,Accessories,Consumer,2,505.04,-23.85,0.2,2023-02-01,-0.04722398225883098
2023-09-21,Middle East & Africa,Office Supplies,Binders,Consumer,3,76.21,31.19,0.0,2023-09-01,0.4092638761317413
2023-11-06,Asia Pacific,Office Supplies,Storage,Consumer,2,110.11,10.84,0.2,2023-11-01,0.09844700753791663
2023-11-04,Latin America,Technology,Copiers,Corporate,5,5633.86,1127.54,0.0,2023-11-01,0.20013631861636605
2024-06-12,Europe,Technology,Machines,Consumer,2,964.12,-24.44,0.1,2024-06-01,-0.025349541550844294
2024-08-28,North America,Technology,Machines,Consumer,1,403.13,-25.14,0.2,2024-08-01,-0.062362017215290354
2023-12-16,Europe,Office Supplies,Paper,Home Office,5,271.18,37.28,0.15,2023-12-01,0.1374732649900435
2024-12-09,Europe,Furniture,Furnishings,Consumer,2,490.03,103.79,0.0,2024-12-01,0.21180335897802177
2024-11-08,North America,Furniture,Furnishings,Corporate,3,1455.77,-14.89,0.1,2024-11-01,-0.0102282640801775
2024-09-26,North America,Office Supplies,Paper,Corporate,3,185.81,6.15,0.2,2024-09-01,0.03309832624724181
2024-01-16,North America,Technology,Copiers,Consumer,2,1017.48,-169.26,0.3,2024-01-01,-0.1663521641703031
2023-04-19,Europe,Office Supplies,Storage,Consumer,3,114.44,13.64,0.2,2023-04-01,0.11918909472212513
2024-01-24,Asia Pacific,Office Supplies,Paper,Consumer,4,174.72,58.98,0.0,2024-01-01,0.3375686813186813
2024-08-04,Europe,Technology,Accessories,Home Office,5,681.0,-108.56,0.3,2024-08-01,-0.15941262848751836
2024-03-13,Middle East & Africa,Technology,Machines,Home Office,3,1006.43,43.59,0.15,2024-03-01,0.04331150700992618
2024-05-11,North America,Furniture,Chairs,Corporate,2,548.1,79.96,0.0,2024-05-01,0.1458857872650976
2024-03-07,Middle East & Africa,Office Supplies,Binders,Corporate,3,54.03,19.47,0.0,2024-03-01,0.36035535813436975
2023-02-08,Latin America,Office Supplies,Binders,Corporate,2,76.09,19.92,0.1,2023-02-01,0.26179524247601527
2023-09-28,Asia Pacific,Office Supplies,Paper,Corporate,2,109.31,46.41,0.0,2023-09-01,0.42457231726283046
2023-05-19,North America,Office Supplies,Binders,Consumer,6,225.16,102.93,0.0,2023-05-01,0.4571415882039439
2023-03-23,North America,Technology,Phones,Consumer,3,1500.77,-279.44,0.3,2023-03-01,-0.18619775182073203
2024-11-23,Latin America,Technology,Accessories,Consumer,1,611.48,160.43,0.0,2024-11-01,0.2623634460652842
2023-08-17,North America,Furniture,Tables,Consumer,1,172.98,29.17,0.0,2023-08-01,0.16863221181639498
2024-04-11,Asia Pacific,Office Supplies,Paper,Corporate,3,134.7,31.08,0.1,2024-04-01,0.23073496659242762
2024-07-27,Europe,Technology,Phones,Consumer,4,2134.78,598.07,0.0,2024-07-01,0.28015533216537536
2023-08-23,North America,Office Supplies,Art,Consumer,2,77.56,26.34,0.0,2023-08-01,0.3396080453842187
2023-11-22,North America,Office Supplies,Storage,Corporate,1,54.6,11.78,0.1,2023-11-01,0.21575091575091573
2024-08-09,Europe,Office Supplies,Art,Corporate,2,89.4,-28.92,0.4,2024-08-01,-0.32348993288590605
2024-12-19,North America,Furniture,Tables,Consumer,3,817.3,188.66,0.0,2024-12-01,0.2308332313715894
2023-03-10,Middle East & Africa,Technology,Copiers,Consumer,3,1130.49,242.88,0.0,2023-03-01,0.21484489026882148
2023-01-26,Asia Pacific,Furniture,Bookcases,Consumer,1,311.88,68.54,0.0,2023-01-01,0.21976401179941005
2023-08-10,North America,Furniture,Bookcases,Corporate,1,305.21,-11.38,0.2,2023-08-01,-0.03728580321745684
2024-10-12,Europe,Technology,Accessories,Corporate,2,790.23,-23.99,0.2,2024-10-01,-0.03035825012970907
2023-01-02,Europe,Furniture,Bookcases,Corporate,6,2533.67,562.31,0.0,2023-01-01,0.22193497969348808
2023-07-21,North America,Office Supplies,Binders,Consumer,5,310.66,131.88,0.0,2023-07-01,0.42451554754393866
2023-05-02,Asia Pacific,Office Supplies,Art,Home Office,2,82.23,25.62,0.0,2023-05-01,0.31156512221816857
2023-04-29,Latin America,Furniture,Tables,Consumer,7,1183.7,274.81,0.0,2023-04-01,0.23216186533750105
2024-10-07,Europe,Office Supplies,Storage,Consumer,1,27.84,11.91,0.0,2024-10-01,0.42780172413793105
2023-10-16,Europe,Office Supplies,Binders,Corporate,1,4.9,0.27,0.2,2023-10-01,0.05510204081632653
2024-05-13,North America,Office Supplies,Paper,Corporate,3,131.07,60.85,0.0,2024-05-01,0.46425574120698865
2024-07-27,North America,Office Supplies,Binders,Consumer,2,69.92,9.54,0.15,2024-07-01,0.136441647597254
2024-06-23,Europe,Office Supplies,Storage,Home Office,3,194.0,56.25,0.0,2024-06-01,0.28994845360824745
2023-09-11,Asia Pacific,Technology,Machines,Home Office,3,536.96,46.09,0.15,2023-09-01,0.0858350715137068
2024-10-05,Asia Pacific,Furniture,Bookcases,Consumer,5,394.1,68.33,0.0,2024-10-01,0.1733823902562801
2023-06-16,Latin America,Technology,Phones,Home Office,4,1575.69,521.99,0.0,2023-06-01,0.331277091306031
2024-09-21,Middle East & Africa,Office Supplies,Binders,Corporate,6,224.64,19.49,0.15,2024-09-01,0.08676103988603988
2024-10-23,Latin America,Office Supplies,Art,Consumer,1,44.54,9.43,0.1,2024-10-01,0.21171980242478672
2023-10-18,Europe,Technology,Phones,Consumer,2,808.14,236.57,0.0,2023-10-01,0.2927339322394635
2024-11-14,North America,Office Supplies,Storage,Consumer,2,164.11,-15.35,0.3,2024-11-01,-0.09353482420327829
2023-08-18,North America,Technology,Copiers,Consumer,3,1822.11,490.09,0.0,2023-08-01,0.268968393785227
2024-06-11,Europe,Office Supplies,Binders,Home Office,4,260.8,63.46,0.1,2024-06-01,0.2433282208588957
2024-07-11,Europe,Office Supplies,Paper,Consumer,3,151.22,1.78,0.2,2024-07-01,0.011770929771194287
2023-06-04,Asia Pacific,Technology,Phones,Consumer,3,1179.19,353.93,0.0,2023-06-01,0.3001467108778059
2023-07-21,Europe,Office Supplies,Art,Corporate,3,136.24,39.29,0.0,2023-07-01,0.28838813857897827
2024-08-20,Asia Pacific,Technology,Accessories,Consumer,3,861.64,-197.97,0.3,2024-08-01,-0.22975952834130264
2023-01-22,Middle East & Africa,Office Supplies,Binders,Consumer,5,183.92,21.24,0.1,2023-01-01,0.1154849934754241
2024-03-13,North America,Office Supplies,Binders,Consumer,2,128.11,15.05,0.2,2024-03-01,0.11747716805869955
2024-04-11,Asia Pacific,Technology,Machines,Consumer,1,614.5,29.85,0.1,2024-04-01,0.04857607811228641
2023-01-01,Latin America,Technology,Phones,Consumer,2,428.63,-25.58,0.2,2023-01-01,-0.059678510603550845
2023-10-10,Europe,Furniture,Chairs,Home Office,3,666.42,163.96,0.0,2023-10-01,0.24603103148164823
2024-02-29,Asia Pacific,Technology,Copiers,Consumer,3,997.4,266.65,0.0,2024-02-01,0.26734509725285743
2023-04-29,Europe,Furniture,Bookcases,Consumer,4,1327.75,278.35,0.0,2023-04-01,0.20964036904537753
2023-11-04,Asia Pacific,Technology,Copiers,Corporate,6,3374.58,-138.47,0.2,2023-11-01,-0.04103325450870923
2024-11-14,Asia Pacific,Technology,Phones,Home Office,2,1746.84,212.27,0.1,2024-11-01,0.12151656705823087
2023-11-15,North America,Office Supplies,Binders,Corporate,3,146.17,53.07,0.0,2023-11-01,0.36307039748238357
2024-07-13,Middle East & Africa,Office Supplies,Storage,Corporate,3,118.74,49.29,0.0,2024-07-01,0.41510864072764025
2023-05-30,Europe,Office Supplies,Binders,Corporate,1,44.24,17.38,0.0,2023-05-01,0.3928571428571428
2024-08-24,Asia Pacific,Technology,Copiers,Home Office,1,352.21,86.51,0.0,2024-08-01,0.24562051049090033
2023-05-21,Europe,Furniture,Bookcases,Consumer,3,439.57,-36.16,0.2,2023-05-01,-0.08226221079691516
2024-07-21,North America,Technology,Accessories,Corporate,2,817.29,195.83,0.0,2024-07-01,0.2396089515349509
2023-11-05,Europe,Technology,Copiers,Consumer,1,508.09,147.54,0.0,2023-11-01,0.29038162530260386
2024-03-31,Europe,Technology,Copiers,Consumer,3,430.37,125.3,0.0,2024-03-01,0.29114482886818316
2024-03-30,Middle East & Africa,Office Supplies,Binders,Home Office,1,56.71,7.74,0.2,2024-03-01,0.13648386527949216
2023-11-01,Middle East & Africa,Office Supplies,Paper,Consumer,3,243.54,48.26,0.15,2023-11-01,0.1981604664531494
2023-09-02,Europe,Office Supplies,Binders,Corporate,1,42.51,19.16,0.0,2023-09-01,0.450717478240414
2024-07-28,North America,Furniture,Furnishings,Consumer,2,799.64,196.18,0.0,2024-07-01,0.2453354009304187
2023-09-01,North America,Technology,Machines,Corporate,2,1165.41,-108.83,0.15,2023-09-01,-0.09338344445302511
2023-06-06,Latin America,Technology,Accessories,Home Office,1,303.51,102.37,0.0,2023-06-01,0.33728707456097
2023-04-14,Europe,Office Supplies,Paper,Corporate,3,134.94,48.48,0.0,2023-04-01,0.35927078701645176
2023-11-03,Asia Pacific,Office Supplies,Paper,Consumer,4,180.68,14.27,0.15,2023-11-01,0.07897941111357094
2024-03-03,Middle East & Africa,Technology,Machines,Corporate,1,197.59,24.83,0.1,2024-03-01,0.12566425426387973
2023-01-29,Asia Pacific,Office Supplies,Paper,Corporate,2,88.67,33.13,0.0,2023-01-01,0.3736325702041277
2024-05-11,Europe,Furniture,Bookcases,Consumer,2,342.82,96.74,0.0,2024-05-01,0.28218890379791145
2024-01-14,Middle East & Africa,Furniture,Bookcases,Consumer,4,391.02,102.11,0.0,2024-01-01,0.26113753772185566
2023-11-17,Europe,Office Supplies,Storage,Corporate,5,273.77,113.58,0.0,2023-11-01,0.4148737991744896
2024-03-17,North America,Office Supplies,Binders,Consumer,3,143.73,10.91,0.2,2024-03-01,0.07590621303833578
2024-09-02,Middle East & Africa,Office Supplies,Storage,Corporate,3,130.17,51.47,0.0,2024-09-01,0.39540600752861643
2023-10-05,Asia Pacific,Furniture,Furnishings,Corporate,3,299.41,63.88,0.0,2023-10-01,0.21335292742393372
2023-05-13,North America,Office Supplies,Art,Consumer,1,36.84,14.28,0.0,2023-05-01,0.3876221498371335
2023-01-01,North America,Furniture,Chairs,Consumer,1,240.68,65.95,0.0,2023-01-01,0.2740152900116337
2023-09-14,Asia Pacific,Technology,Accessories,Consumer,2,873.41,209.25,0.0,2023-09-01,0.23957820496673957
2023-05-02,Latin America,Technology,Accessories,Home Office,2,760.82,252.25,0.0,2023-05-01,0.3315501695539024
2023-09-15,Middle East & Africa,Technology,Accessories,Consumer,6,1201.31,58.15,0.15,2023-09-01,0.04840549067268232
2023-03-24,North America,Technology,Phones,Home Office,3,1441.23,381.39,0.0,2023-03-01,0.26462813013883973
2023-12-24,Europe,Furniture,Bookcases,Consumer,2,479.48,87.45,0.0,2023-12-01,0.18238508384082755
2023-01-01,North America,Furniture,Chairs,Corporate,3,696.96,57.52,0.1,2023-01-01,0.08252984389348025
2024-05-04,Latin America,Office Supplies,Paper,Corporate,3,161.03,57.37,0.0,2024-05-01,0.3562690181953673
2023-11-23,Asia Pacific,Furniture,Tables,Corporate,2,1057.13,4.34,0.1,2023-11-01,0.0041054553366189584
2024-07-06,Asia Pacific,Technology,Machines,Corporate,3,559.02,104.53,0.0,2024-07-01,0.1869879431862903
2023-10-25,Europe,Office Supplies,Paper,Corporate,3,93.46,41.03,0.0,2023-10-01,0.4390113417504815
2024-10-12,North America,Furniture,Furnishings,Home Office,3,537.09,-17.21,0.15,2024-10-01,-0.03204304678917872
2023-07-11,Latin America,Technology,Copiers,Consumer,5,2921.07,252.86,0.1,2023-07-01,0.08656416997880914
2024-03-03,Latin America,Office Supplies,Binders,Consumer,1,53.33,18.12,0.0,2024-03-01,0.33977123570223144
2024-10-11,Asia Pacific,Technology,Phones,Corporate,1,213.35,53.52,0.0,2024-10-01,0.2508554019217249
2024-10-13,Europe,Office Supplies,Art,Corporate,2,112.86,44.71,0.0,2024-10-01,0.3961545277334751
2024-07-19,Latin America,Office Supplies,Paper,Home Office,5,283.86,-83.62,0.4,2024-07-01,-0.29458183611639543
2024-03-23,North America,Technology,Phones,Consumer,1,271.55,73.69,0.0,2024-03-01,0.27136807217823605
2023-05-10,North America,Office Supplies,Art,Consumer,1,36.76,3.47,0.2,2023-05-01,0.09439608269858543
2023-07-17,Europe,Office Supplies,Art,Consumer,2,68.97,14.95,0.1,2023-07-01,0.21676091054081484
2023-01-22,Europe,Office Supplies,Storage,Corporate,1,40.61,15.18,0.0,2023-01-01,0.37379955675941884
2024-02-27,North America,Office Supplies,Art,Corporate,3,101.01,37.6,0.0,2024-02-01,0.3722403722403722
2023-08-26,North America,Technology,Copiers,Corporate,4,1798.27,364.81,0.0,2023-08-01,0.20286720014235904
2023-04-02,Latin America,Office Supplies,Storage,Consumer,5,116.32,-29.75,0.4,2023-04-01,-0.25575997248968363
2024-02-11,Middle East & Africa,Technology,Machines,Corporate,1,373.01,70.02,0.0,2024-02-01,0.18771614702018713
2024-04-12,North America,Office Supplies,Paper,Home Office,4,126.8,-40.27,0.4,2024-04-01,-0.31758675078864357
2024-03-13,Europe,Technology,Machines,Consumer,4,556.58,13.39,0.15,2024-03-01,0.0240576377160516
2024-03-31,Asia Pacific,Furniture,Bookcases,Corporate,4,1497.65,313.11,0.0,2024-03-01,0.20906753914465998
2023-12-02,Latin America,Technology,Machines,Consumer,2,624.46,23.79,0.1,2023-12-01,0.038096915735195205
2023-07-24,Asia Pacific,Furniture,Tables,Corporate,3,1080.45,-43.02,0.15,2023-07-01,-0.03981674302374011
2024-05-09,North America,Office Supplies,Art,Corporate,3,196.91,72.17,0.0,2024-05-01,0.36651261997867046
2023-05-22,North America,Office Supplies,Binders,Home Office,2,28.0,4.03,0.15,2023-05-01,0.14392857142857143
2024-08-21,North America,Furniture,Chairs,Consumer,2,448.66,-33.82,0.2,2024-08-01,-0.07538002050550528
2024-02-01,Europe,Furniture,Chairs,Consumer,1,149.79,-10.59,0.15,2024-02-01,-0.070698978569998
2024-03-30,Middle East & Africa,Furniture,Chairs,Home Office,3,568.31,122.78,0.0,2024-03-01,0.21604406045996025
2024-01-05,North America,Technology,Copiers,Consumer,1,329.79,-7.54,0.15,2024-01-01,-0.022863034051972465
2024-11-29,North America,Office Supplies,Binders,Corporate,2,118.65,11.0,0.2,2024-11-01,0.09270965023177412
2024-01-30,North America,Furniture,Furnishings,Home Office,5,1202.42,-290.89,0.3,2024-01-01,-0.24192046040485018
2024-07-19,Asia Pacific,Technology,Copiers,Corporate,1,283.81,-65.29,0.3,2024-07-01,-0.23004827173108772
2024-01-03,Middle East & Africa,Office Supplies,Paper,Consumer,1,42.93,2.19,0.2,2024-01-01,0.051013277428371764
2024-07-16,North America,Technology,Accessories,Consumer,3,1456.54,336.21,0.0,2024-07-01,0.2308278523075233
2024-03-23,Latin America,Office Supplies,Storage,Consumer,3,127.63,43.93,0.0,2024-03-01,0.3441980725534749
2023-10-02,Europe,Office Supplies,Storage,Home Office,5,209.13,68.69,0.0,2023-10-01,0.3284559843159757
2023-09-29,Asia Pacific,Technology,Copiers,Corporate,2,762.7,-8.76,0.15,2023-09-01,-0.011485511996853284
2024-02-09,Europe,Office Supplies,Storage,Consumer,3,131.09,17.65,0.2,2024-02-01,0.13464032344191013
2024-01-04,North America,Office Supplies,Art,Corporate,5,234.89,82.23,0.0,2024-01-01,0.35007876027076507
2024-11-01,Latin America,Office Supplies,Art,Consumer,3,145.12,57.65,0.0,2024-11-01,0.39725744211686875
2023-12-29,Asia Pacific,Office Supplies,Binders,Consumer,1,40.42,8.6,0.1,2023-12-01,0.21276595744680848
2024-10-18,Asia Pacific,Technology,Machines,Consumer,2,585.1,138.88,0.0,2024-10-01,0.2373611348487438
2023-05-24,North America,Office Supplies,Art,Corporate,3,179.14,91.91,0.0,2023-05-01,0.5130624092888244
2023-05-28,North America,Office Supplies,Art,Corporate,1,45.52,-7.27,0.3,2023-05-01,-0.15971001757469241
2023-04-26,Latin America,Technology,Copiers,Home Office,4,1343.69,386.71,0.0,2023-04-01,0.28779703651883987
2024-07-20,North America,Technology,Accessories,Consumer,1,459.7,153.68,0.0,2024-07-01,0.33430498150968024
2023-03-13,Middle East & Africa,Technology,Phones,Corporate,3,1248.51,298.61,0.0,2023-03-01,0.2391730943284395
2023-08-08,North America,Technology,Accessories,Consumer,5,1416.82,-22.15,0.15,2023-08-01,-0.01563360201013537
2023-03-20,North America,Technology,Machines,Consumer,4,1654.4,425.74,0.0,2023-03-01,0.2573380077369439
2023-01-22,Europe,Technology,Machines,Consumer,3,777.02,28.63,0.2,2023-01-01,0.03684589843247278
2023-06-12,Asia Pacific,Office Supplies,Storage,Consumer,3,138.31,49.56,0.0,2023-06-01,0.35832550068686286
2023-03-28,North America,Office Supplies,Binders,Home Office,3,151.82,63.39,0.0,2023-03-01,0.41753392174944015
2024-10-27,Asia Pacific,Furniture,Bookcases,Consumer,4,1189.62,-318.29,0.3,2024-10-01,-0.2675560262941108
2023-04-15,Latin America,Technology,Accessories,Consumer,3,1901.35,497.32,0.0,2023-04-01,0.2615615220764194
2024-01-30,Europe,Furniture,Chairs,Corporate,1,242.01,-107.69,0.4,2024-01-01,-0.444981612330069
2024-11-04,Asia Pacific,Technology,Copiers,Corporate,4,2563.44,176.4,0.1,2024-11-01,0.06881378148113472
2023-07-27,Europe,Technology,Machines,Corporate,3,1256.69,110.17,0.1,2023-07-01,0.08766680724761078
2023-03-27,North America,Office Supplies,Storage,Consumer,2,26.65,10.08,0.0,2023-03-01,0.3782363977485929
2023-01-30,North America,Technology,Accessories,Consumer,3,1398.5,63.1,0.15,2023-01-01,0.045119771183410796
2023-04-08,Middle East & Africa,Office Supplies,Art,Corporate,6,132.61,46.34,0.0,2023-04-01,0.3494457431566247
2024-08-18,North America,Furniture,Bookcases,Consumer,2,630.59,43.45,0.1,2024-08-01,0.06890372508285891
2024-11-28,North America,Office Supplies,Binders,Consumer,4,236.33,93.21,0.0,2024-11-01,0.394406127025769
2024-11-28,Europe,Office Supplies,Paper,Home Office,2,123.6,10.37,0.2,2024-11-01,0.08389967637540453
2024-09-05,Europe,Furniture,Tables,Corporate,1,415.43,74.69,0.0,2024-09-01,0.17978961557903858
2023-07-25,North America,Office Supplies,Storage,Consumer,2,101.33,-20.21,0.3,2023-07-01,-0.19944735024178428
2024-05-11,Europe,Office Supplies,Paper,Consumer,5,85.56,29.88,0.0,2024-05-01,0.3492286115007012
2024-07-30,Latin America,Technology,Phones,Corporate,3,1044.99,-104.5,0.2,2024-07-01,-0.10000095694695643
2024-04-12,Europe,Office Supplies,Paper,Consumer,1,43.43,19.28,0.0,2024-04-01,0.4439327653695602
2023-05-23,North America,Furniture,Furnishings,Consumer,1,211.43,35.15,0.0,2023-05-01,0.16624887669677907
2024-02-05,North America,Technology,Copiers,Corporate,5,1792.27,96.01,0.1,2024-02-01,0.053568937715857544
2024-01-30,Latin America,Office Supplies,Binders,Consumer,1,39.82,15.96,0.0,2024-01-01,0.4008036162732295
2023-10-18,North America,Office Supplies,Storage,Corporate,3,119.11,51.33,0.0,2023-10-01,0.43094618419947944
2023-11-06,North America,Technology,Copiers,Consumer,3,947.99,-176.45,0.3,2023-11-01,-0.18613065538666018
2024-10-21,North America,Office Supplies,Storage,Consumer,3,90.54,38.2,0.0,2024-10-01,0.421912966644577
2024-04-07,Asia Pacific,Office Supplies,Art,Consumer,4,214.99,42.46,0.1,2024-04-01,0.1974975580259547
2024-07-17,North America,Furniture,Chairs,Consumer,2,473.65,140.94,0.0,2024-07-01,0.29756149055209546
2023-05-27,Middle East & Africa,Furniture,Bookcases,Consumer,2,437.3,39.79,0.1,2023-05-01,0.09099016693345528
2023-02-19,Middle East & Africa,Furniture,Bookcases,Consumer,3,316.16,71.07,0.0,2023-02-01,0.22479124493927122
2023-08-01,Middle East & Africa,Technology,Accessories,Corporate,5,3290.02,935.71,0.0,2023-08-01,0.2844086054188121
2024-06-28,Asia Pacific,Technology,Copiers,Consumer,1,431.01,16.43,0.1,2024-06-01,0.03811976520266351
2023-03-16,North America,Technology,Accessories,Consumer,3,1135.56,194.35,0.1,2023-03-01,0.17114903659868258
2024-02-17,Latin America,Office Supplies,Paper,Home Office,4,155.33,24.16,0.15,2024-02-01,0.1555398184510397
2024-11-17,North America,Technology,Copiers,Consumer,1,375.64,63.91,0.1,2024-11-01,0.17013630071344904
2024-11-20,North America,Office Supplies,Art,Corporate,3,161.19,21.99,0.15,2024-11-01,0.13642285501581983
2024-11-18,Europe,Office Supplies,Art,Consumer,4,307.55,-40.73,0.3,2024-11-01,-0.13243375060965695
2024-04-28,North America,Office Supplies,Storage,Consumer,4,183.93,-38.04,0.4,2024-04-01,-0.20681781112379707
2023-11-09,Latin America,Furniture,Chairs,Consumer,2,1070.66,207.2,0.0,2023-11-01,0.19352548895074065
2024-05-27,Europe,Office Supplies,Binders,Corporate,1,29.05,2.59,0.15,2024-05-01,0.08915662650602409
2023-06-21,North America,Office Supplies,Paper,Consumer,4,180.41,67.94,0.0,2023-06-01,0.3765866637104373
2023-07-06,Europe,Technology,Phones,Consumer,1,356.25,-189.53,0.5,2023-07-01,-0.5320140350877193
2023-10-03,Asia Pacific,Office Supplies,Paper,Consumer,5,294.94,18.32,0.2,2023-10-01,0.06211432833796705
2024-05-13,North America,Office Supplies,Art,Consumer,4,142.47,4.93,0.2,2024-05-01,0.03460377623359304
2023-08-25,Europe,Technology,Accessories,Consumer,1,348.97,0.98,0.2,2023-08-01,0.0028082643207152473
2024-10-14,North America,Office Supplies,Binders,Consumer,5,84.98,33.44,0.0,2024-10-01,0.39350435396563893
2024-07-02,North America,Technology,Phones,Corporate,4,1793.09,430.28,0.0,2024-07-01,0.23996564589619038
2023-09-19,North America,Furniture,Tables,Corporate,2,577.18,65.84,0.1,2023-09-01,0.11407186666204652
2024-02-07,Asia Pacific,Office Supplies,Paper,Consumer,1,31.54,15.11,0.0,2024-02-01,0.4790741915028535
2024-01-22,North America,Furniture,Furnishings,Consumer,4,747.07,140.44,0.0,2024-01-01,0.18798773876611294
2023-05-25,Europe,Furniture,Furnishings,Consumer,1,145.91,-51.86,0.4,2023-05-01,-0.35542457679391404
2023-11-14,Middle East & Africa,Technology,Accessories,Consumer,3,1588.32,187.81,0.1,2023-11-01,0.11824443437090763
2024-01-09,Middle East & Africa,Office Supplies,Art,Corporate,2,87.08,35.89,0.0,2024-01-01,0.4121497473587506
2024-07-17,North America,Furniture,Chairs,Consumer,4,557.5,81.01,0.0,2024-07-01,0.14530941704035874
2024-03-15,North America,Technology,Copiers,Home Office,4,1077.49,322.59,0.0,2024-03-01,0.2993902495614808
2023-06-07,Europe,Office Supplies,Storage,Consumer,3,125.3,27.76,0.1,2023-06-01,0.22154828411811653
2024-02-22,Latin America,Technology,Accessories,Consumer,5,1590.6,-58.68,0.15,2024-02-01,-0.036891738966427765
2023-03-02,North America,Office Supplies,Paper,Home Office,3,150.77,16.45,0.15,2023-03-01,0.10910658619088677
2023-05-09,Middle East & Africa,Technology,Accessories,Home Office,4,1556.01,-19.9,0.15,2023-05-01,-0.01278912089253925
2024-01-23,Asia Pacific,Technology,Copiers,Consumer,2,746.63,48.41,0.1,2024-01-01,0.06483800543776704
2023-06-30,Asia Pacific,Office Supplies,Art,Corporate,1,57.86,23.63,0.0,2023-06-01,0.4083995852056688
2024-10-28,Middle East & Africa,Office Supplies,Art,Home Office,3,101.6,11.17,0.15,2024-10-01,0.10994094488188977
2024-12-06,Middle East & Africa,Office Supplies,Binders,Consumer,5,174.57,44.4,0.1,2024-12-01,0.2543392335452827
2024-10-03,Europe,Office Supplies,Paper,Home Office,2,106.06,43.23,0.0,2024-10-01,0.4075994719969828
2023-03-10,North America,Furniture,Furnishings,Corporate,4,546.33,170.08,0.0,2023-03-01,0.31131367488514267
2023-06-20,Asia Pacific,Office Supplies,Art,Home Office,1,53.9,19.58,0.0,2023-06-01,0.36326530612244895
2024-05-22,North America,Technology,Machines,Corporate,4,1368.69,133.47,0.1,2024-05-01,0.09751660346754926
2024-10-17,Middle East & Africa,Office Supplies,Binders,Home Office,3,121.5,49.08,0.0,2024-10-01,0.4039506172839506
2024-03-14,Middle East & Africa,Office Supplies,Binders,Consumer,2,79.06,12.25,0.15,2024-03-01,0.1549456109284088
2023-09-28,Latin America,Office Supplies,Art,Corporate,4,130.11,48.46,0.0,2023-09-01,0.37245407731919145
2024-07-19,Asia Pacific,Office Supplies,Storage,Consumer,4,67.81,27.12,0.0,2024-07-01,0.3999410116501991
2023-10-01,Asia Pacific,Technology,Copiers,Home Office,1,464.56,-10.77,0.2,2023-10-01,-0.02318322713965903
2023-05-07,North America,Office Supplies,Paper,Home Office,2,67.76,10.79,0.1,2023-05-01,0.1592384887839433
2024-07-29,Europe,Office Supplies,Art,Consumer,2,76.0,10.46,0.2,2024-07-01,0.13763157894736844
2024-01-16,Europe,Technology,Copiers,Corporate,3,951.18,255.85,0.0,2024-01-01,0.26898168590592736
2024-09-23,Asia Pacific,Technology,Phones,Consumer,3,903.15,223.67,0.0,2024-09-01,0.24765542822344017
2024-03-21,North America,Technology,Accessories,Corporate,1,521.71,30.09,0.2,2024-03-01,0.05767572022771271
2023-05-29,North America,Office Supplies,Storage,Consumer,4,221.84,93.79,0.0,2023-05-01,0.4227821853588172
2024-11-08,Asia Pacific,Technology,Machines,Consumer,4,1784.72,531.35,0.0,2024-11-01,0.2977217714823614
2024-10-13,Asia Pacific,Technology,Copiers,Consumer,1,432.48,1.05,0.15,2024-10-01,0.002427857935627081
2024-12-19,Middle East & Africa,Office Supplies,Binders,Consumer,1,66.44,28.15,0.0,2024-12-01,0.4236905478627333
2024-04-20,Latin America,Office Supplies,Paper,Corporate,1,30.47,-0.49,0.3,2024-04-01,-0.01608139153265507
2024-08-09,North America,Furniture,Chairs,Home Office,4,940.69,201.77,0.0,2024-08-01,0.21449149028904316
2024-11-11,North America,Technology,Accessories,Corporate,1,701.21,79.82,0.15,2024-11-01,0.11383180502274638
2023-01-03,Latin America,Office Supplies,Art,Corporate,2,81.33,29.91,0.0,2023-01-01,0.36776097381040207
2023-09-28,Asia Pacific,Office Supplies,Binders,Consumer,1,43.71,15.62,0.0,2023-09-01,0.3573552962708762
2024-09-15,North America,Office Supplies,Paper,Home Office,4,97.06,26.24,0.0,2024-09-01,0.2703482382031733
2024-09-17,Latin America,Furniture,Furnishings,Consumer,1,262.61,60.04,0.0,2024-09-01,0.22862800350329385
2024-06-30,North America,Technology,Phones,Home Office,5,2173.93,-265.02,0.2,2024-06-01,-0.1219082491156569
2024-09-06,Europe,Technology,Accessories,Corporate,1,569.27,2.44,0.2,2024-09-01,0.004286191086830502
2023-05-08,Asia Pacific,Technology,Phones,Consumer,1,481.71,-283.81,0.5,2023-05-01,-0.5891719084096241
2024-03-23,Europe,Technology,Copiers,Home Office,1,503.23,125.96,0.0,2024-03-01,0.25030304234644196
2024-07-12,Asia Pacific,Office Supplies,Paper,Consumer,1,39.74,16.26,0.0,2024-07-01,0.4091595369904379
2023-04-29,Europe,Technology,Accessories,Corporate,2,430.84,124.28,0.0,2023-04-01,0.2884597530405719
2024-11-22,Latin America,Technology,Phones,Consumer,3,1270.02,366.52,0.0,2024-11-01,0.2885938804113321
2024-08-04,Middle East & Africa,Office Supplies,Storage,Corporate,4,159.64,33.67,0.1,2024-08-01,0.21091205211726388
2024-09-07,Middle East & Africa,Furniture,Bookcases,Corporate,2,720.47,138.28,0.0,2024-09-01,0.1919302677418907
2023-07-26,Europe,Technology,Copiers,Home Office,3,1094.75,-490.84,0.4,2023-07-01,-0.4483580726193195
2023-10-27,Latin America,Office Supplies,Binders,Corporate,1,56.25,3.29,0.2,2023-10-01,0.05848888888888889
2023-08-13,Latin America,Technology,Copiers,Consumer,3,970.37,266.6,0.0,2023-08-01,0.27474056287807747
2024-03-01,Middle East & Africa,Office Supplies,Paper,Consumer,4,160.76,31.83,0.15,2024-03-01,0.1979970141826325
2023-06-19,Asia Pacific,Technology,Accessories,Home Office,3,772.93,-46.4,0.2,2023-06-01,-0.06003130943293701
2023-11-30,Asia Pacific,Furniture,Bookcases,Consumer,2,990.65,180.33,0.0,2023-11-01,0.18203199919244942
2024-11-19,Asia Pacific,Office Supplies,Art,Consumer,3,236.07,-26.13,0.3,2024-11-01,-0.11068750794255941
2024-03-15,Asia Pacific,Technology,Phones,Home Office,1,459.7,24.96,0.15,2024-03-01,0.05429628018272787
2024-06-28,North America,Technology,Accessories,Consumer,3,1299.4,279.05,0.0,2024-06-01,0.21475296290595658
2023-09-16,Europe,Furniture,Chairs,Consumer,4,686.41,168.36,0.0,2023-09-01,0.24527614690928165
2024-10-16,Europe,Technology,Accessories,Consumer,1,259.66,29.85,0.0,2024-10-01,0.1149580220288069
2023-02-20,Europe,Office Supplies,Art,Consumer,1,44.86,17.02,0.0,2023-02-01,0.3794025858225591
2023-01-25,Latin America,Office Supplies,Art,Consumer,3,148.79,61.37,0.0,2023-01-01,0.4124605148195443
2024-01-24,Europe,Office Supplies,Paper,Corporate,3,125.53,49.02,0.0,2024-01-01,0.3905042619294193
2023-06-25,Europe,Furniture,Chairs,Consumer,7,1053.96,-84.04,0.15,2023-06-01,-0.0797373714372462
2023-04-06,Asia Pacific,Office Supplies,Art,Corporate,2,22.1,3.13,0.15,2023-04-01,0.1416289592760181
2023-01-30,North America,Furniture,Bookcases,Consumer,3,1030.16,-30.67,0.2,2023-01-01,-0.02977207424089462
2023-10-26,North America,Office Supplies,Paper,Corporate,4,142.78,47.38,0.0,2023-10-01,0.33183919316430877
2023-04-13,North America,Office Supplies,Art,Consumer,1,55.96,-9.98,0.3,2023-04-01,-0.17834167262330236
2023-12-02,North America,Furniture,Chairs,Home Office,2,868.9,-89.88,0.2,2023-12-01,-0.10344113246633674
2023-06-08,Asia Pacific,Office Supplies,Storage,Consumer,1,35.66,7.4,0.1,2023-06-01,0.20751542344363436
2023-02-26,Europe,Technology,Accessories,Corporate,4,822.99,163.97,0.0,2023-02-01,0.1992369287597662
2023-11-06,Asia Pacific,Technology,Machines,Consumer,2,1067.14,-77.19,0.2,2023-11-01,-0.0723335269973949
2023-06-27,Europe,Furniture,Bookcases,Consumer,2,634.79,46.21,0.1,2023-06-01,0.0727957277209786
2023-10-12,Asia Pacific,Technology,Phones,Consumer,1,290.63,92.85,0.0,2023-10-01,0.31947837456559885
2023-07-19,Latin America,Furniture,Bookcases,Home Office,5,1985.88,-848.02,0.4,2023-07-01,-0.42702479505307467
2023-06-01,Middle East & Africa,Office Supplies,Binders,Consumer,3,161.82,-57.2,0.5,2023-06-01,-0.353479174391299
2024-01-20,North America,Technology,Accessories,Consumer,4,2358.42,652.28,0.0,2024-01-01,0.2765749951238541
2023-08-08,Europe,Technology,Copiers,Home Office,1,496.52,-6.23,0.15,2023-08-01,-0.01254732941271248
2023-03-08,Asia Pacific,Technology,Accessories,Consumer,1,157.1,40.33,0.0,2023-03-01,0.2567154678548695
2024-06-14,Europe,Office Supplies,Art,Consumer,4,121.4,45.28,0.0,2024-06-01,0.3729818780889621
2023-12-23,Europe,Office Supplies,Binders,Corporate,5,114.48,13.98,0.2,2023-12-01,0.12211740041928722
2024-01-03,Europe,Office Supplies,Paper,Corporate,2,91.27,34.7,0.0,2024-01-01,0.38019064314670764
2024-03-11,Latin America,Technology,Machines,Home Office,2,110.61,8.59,0.15,2024-03-01,0.07766024771720459
2023-07-23,Europe,Office Supplies,Storage,Consumer,2,77.24,28.81,0.0,2023-07-01,0.3729932677369239
2023-05-09,North America,Technology,Phones,Home Office,2,765.68,188.72,0.0,2023-05-01,0.2464737227040017
2023-06-18,North America,Technology,Copiers,Corporate,1,477.29,-97.39,0.3,2023-06-01,-0.20404785350625404
2023-10-22,Europe,Office Supplies,Paper,Consumer,4,149.38,62.94,0.0,2023-10-01,0.42134154505288524
2024-02-12,Asia Pacific,Furniture,Bookcases,Consumer,3,849.96,115.94,0.0,2024-02-01,0.13640641912560592
2023-11-02,Latin America,Technology,Copiers,Consumer,3,1740.49,-74.61,0.2,2023-11-01,-0.04286723853627427
2023-11-24,Asia Pacific,Furniture,Furnishings,Corporate,5,2030.54,438.77,0.0,2023-11-01,0.21608537630384037
2024-01-27,Europe,Furniture,Furnishings,Corporate,1,177.0,33.47,0.0,2024-01-01,0.18909604519774012
2023-01-27,Europe,Office Supplies,Storage,Corporate,4,96.46,24.91,0.1,2023-01-01,0.25824175824175827
2023-07-27,Latin America,Office Supplies,Binders,Consumer,2,79.44,2.35,0.2,2023-07-01,0.029582074521651562
2023-09-02,Asia Pacific,Office Supplies,Art,Home Office,2,108.8,8.7,0.15,2023-09-01,0.07996323529411764
2023-08-01,North America,Office Supplies,Paper,Home Office,5,210.4,-6.64,0.3,2023-08-01,-0.031558935361216726
2023-07-26,Europe,Technology,Copiers,Consumer,3,1646.24,374.78,0.0,2023-07-01,0.22765817863737972
2023-09-08,Asia Pacific,Technology,Machines,Consumer,2,320.01,-21.8,0.15,2023-09-01,-0.06812287116027625
2024-01-19,North America,Office Supplies,Art,Home Office,4,69.32,-12.99,0.3,2024-01-01,-0.1873918061165609
2024-05-15,North America,Technology,Phones,Home Office,3,740.64,76.56,0.1,2024-05-01,0.1033700583279326
2024-01-19,Europe,Technology,Copiers,Corporate,1,449.98,31.76,0.15,2024-01-01,0.07058091470732032
2023-05-19,Latin America,Technology,Machines,Corporate,1,107.52,-1.67,0.15,2023-05-01,-0.015531994047619048
2023-11-17,Europe,Technology,Machines,Consumer,5,2754.99,-172.61,0.2,2023-11-01,-0.06265358494949166
2023-11-21,Asia Pacific,Technology,Accessories,Consumer,2,908.23,73.19,0.1,2023-11-01,0.08058531429263512
2023-06-08,Asia Pacific,Office Supplies,Binders,Home Office,3,230.97,75.51,0.1,2023-06-01,0.32692557474996753
2024-11-27,Europe,Technology,Accessories,Consumer,1,123.69,-18.93,0.2,2024-11-01,-0.15304390007276256
2024-07-15,Latin America,Office Supplies,Binders,Consumer,2,110.92,14.8,0.15,2024-07-01,0.13342949873782908
2024-05-20,Europe,Technology,Phones,Corporate,1,545.14,143.88,0.0,2024-05-01,0.26393220090252045
2023-01-18,North America,Office Supplies,Binders,Consumer,2,96.87,37.03,0.0,2023-01-01,0.3822648910911531
2023-03-15,Asia Pacific,Technology,Accessories,Consumer,1,523.67,56.07,0.1,2023-03-01,0.10707124715947067
2024-08-11,North America,Technology,Machines,Corporate,4,1464.78,-446.25,0.3,2024-08-01,-0.30465325850981034
2024-10-26,Middle East & Africa,Furniture,Bookcases,Corporate,2,234.34,55.5,0.0,2024-10-01,0.23683536741486727
2023-12-29,North America,Office Supplies,Binders,Corporate,1,62.72,21.87,0.0,2023-12-01,0.34869260204081637
2024-09-11,Latin America,Office Supplies,Storage,Corporate,1,37.27,7.91,0.1,2024-09-01,0.2122350415884089
2024-01-19,Asia Pacific,Office Supplies,Storage,Consumer,4,136.52,45.39,0.0,2024-01-01,0.33247875769118074
2023-11-06,North America,Office Supplies,Binders,Home Office,3,63.02,14.64,0.15,2023-11-01,0.23230720406220248
2023-10-10,Europe,Office Supplies,Binders,Corporate,4,69.11,27.66,0.0,2023-10-01,0.400231514976125
2023-12-03,North America,Office Supplies,Storage,Consumer,1,64.11,4.64,0.2,2023-12-01,0.07237560442988612
2024-02-18,North America,Technology,Copiers,Consumer,2,825.96,-311.75,0.4,2024-02-01,-0.37743958545208
2024-07-18,Europe,Furniture,Tables,Corporate,3,437.95,105.75,0.0,2024-07-01,0.24146592076721088
2024-12-16,Europe,Furniture,Chairs,Consumer,3,462.36,84.78,0.0,2024-12-01,0.18336361276927068
2023-10-25,North America,Office Supplies,Binders,Consumer,4,125.2,43.85,0.0,2023-10-01,0.3502396166134185
2024-04-30,Europe,Office Supplies,Storage,Corporate,4,144.81,54.91,0.0,2024-04-01,0.37918652026793725
2023-05-23,Asia Pacific,Office Supplies,Paper,Corporate,2,118.13,8.42,0.15,2023-05-01,0.07127740624735461
2024-03-22,Asia Pacific,Office Supplies,Storage,Consumer,2,88.12,37.28,0.0,2024-03-01,0.42305946436677255
2024-10-08,Asia Pacific,Furniture,Chairs,Home Office,3,1157.23,346.11,0.0,2024-10-01,0.2990848837309783
2023-07-08,Asia Pacific,Office Supplies,Art,Home Office,1,63.14,-10.34,0.4,2023-07-01,-0.16376306620209058
2024-08-06,North America,Office Supplies,Storage,Corporate,2,59.64,12.14,0.1,2024-08-01,0.2035546613011402
2023-07-30,Latin America,Office Supplies,Art,Corporate,1,41.5,12.82,0.0,2023-07-01,0.30891566265060244
2023-10-08,Europe,Technology,Accessories,Home Office,5,2212.43,488.64,0.0,2023-10-01,0.22086122498790922
2024-09-25,Asia Pacific,Furniture,Furnishings,Consumer,1,146.59,6.42,0.1,2024-09-01,0.0437956204379562
2024-11-01,North America,Furniture,Furnishings,Corporate,1,462.07,-63.37,0.2,2024-11-01,-0.13714372281256088
2023-05-13,Latin America,Technology,Accessories,Corporate,1,418.47,137.2,0.0,2023-05-01,0.3278610175161899
2023-09-30,Middle East & Africa,Furniture,Furnishings,Consumer,6,1438.37,143.79,0.15,2023-09-01,0.09996732412383462
2023-09-15,Asia Pacific,Technology,Copiers,Home Office,2,971.3,182.89,0.0,2023-09-01,0.18829403891691546
2023-09-15,Latin America,Office Supplies,Binders,Consumer,6,177.96,61.3,0.0,2023-09-01,0.3444594290851877
2024-07-04,Asia Pacific,Technology,Machines,Consumer,1,555.88,-26.73,0.15,2024-07-01,-0.04808591782399079
2023-04-17,Europe,Furniture,Bookcases,Consumer,3,948.18,250.81,0.0,2023-04-01,0.26451728574743194
2023-03-16,Middle East & Africa,Technology,Machines,Consumer,2,682.67,118.06,0.0,2023-03-01,0.17293860869819974
2024-04-30,Europe,Technology,Machines,Consumer,3,69.66,17.68,0.0,2024-04-01,0.2538041917886879
2023-12-02,Europe,Office Supplies,Storage,Consumer,3,190.72,36.32,0.15,2023-12-01,0.19043624161073824
2023-11-02,Europe,Furniture,Tables,Corporate,1,289.64,-182.22,0.5,2023-11-01,-0.6291258113520233
2023-04-30,Europe,Furniture,Furnishings,Consumer,4,986.19,1.71,0.15,2023-04-01,0.001733945791378943
2024-01-01,Latin America,Technology,Phones,Consumer,5,2039.69,18.61,0.1,2024-01-01,0.00912393550000245
2024-03-03,North America,Technology,Phones,Home Office,2,512.27,67.91,0.0,2024-03-01,0.13256681047104066
2024-09-24,North America,Furniture,Bookcases,Corporate,2,567.43,-11.21,0.15,2024-09-01,-0.019755740796221565
2023-07-19,North America,Office Supplies,Paper,Home Office,3,143.1,51.27,0.0,2023-07-01,0.3582809224318659
2023-05-14,Asia Pacific,Office Supplies,Art,Consumer,2,57.35,22.16,0.0,2023-05-01,0.38639930252833476
2024-12-19,Asia Pacific,Office Supplies,Paper,Consumer,2,71.05,30.21,0.0,2024-12-01,0.42519352568613655
2024-05-01,Europe,Technology,Phones,Corporate,3,1466.13,5.48,0.15,2024-05-01,0.0037377313062279607
2023-10-29,Middle East & Africa,Office Supplies,Binders,Home Office,3,136.88,53.54,0.0,2023-10-01,0.39114552893045
2024-10-06,Middle East & Africa,Technology,Accessories,Corporate,1,393.28,61.93,0.0,2024-10-01,0.1574705044751831
2024-09-24,Europe,Technology,Accessories,Consumer,5,1134.12,232.93,0.0,2024-09-01,0.20538390999188802
2023-11-09,Asia Pacific,Office Supplies,Binders,Consumer,2,137.02,56.65,0.0,2023-11-01,0.41344329294993426
2024-12-12,Asia Pacific,Office Supplies,Paper,Consumer,1,35.74,12.01,0.0,2024-12-01,0.33603805260212644
2023-03-11,North America,Office Supplies,Storage,Corporate,1,53.91,24.75,0.0,2023-03-01,0.45909849749582643
2023-11-21,Asia Pacific,Office Supplies,Paper,Consumer,4,286.14,64.43,0.1,2023-11-01,0.22516949744880133
2023-12-11,Europe,Office Supplies,Binders,Home Office,3,236.51,48.73,0.1,2023-12-01,0.20603779967020422
2023-02-03,Europe,Office Supplies,Art,Corporate,1,47.85,12.33,0.1,2023-02-01,0.25768025078369905
2023-01-23,Middle East & Africa,Technology,Phones,Consumer,4,1886.45,673.74,0.0,2023-01-01,0.3571470221845265
2024-04-02,North America,Technology,Accessories,Home Office,3,1297.9,-317.71,0.3,2024-04-01,-0.24478773403189766
2024-05-04,North America,Technology,Copiers,Corporate,4,2102.39,401.98,0.0,2024-05-01,0.19120144216819907
2024-06-24,North America,Furniture,Tables,Consumer,4,1064.43,186.07,0.0,2024-06-01,0.17480717379254623
2023-12-12,Asia Pacific,Furniture,Chairs,Consumer,4,1467.56,101.1,0.1,2023-12-01,0.0688898579955845
2024-05-04,North America,Technology,Machines,Consumer,4,2663.67,531.52,0.0,2024-05-01,0.19954423783726963
2023-03-21,Asia Pacific,Technology,Machines,Consumer,2,982.93,249.71,0.0,2023-03-01,0.2540465750358622
2024-09-23,Europe,Technology,Copiers,Consumer,1,221.51,-25.17,0.15,2024-09-01,-0.11362918152679338
2023-07-16,Middle East & Africa,Office Supplies,Storage,Consumer,3,141.85,36.48,0.1,2023-07-01,0.25717307014451884
2023-08-20,Europe,Furniture,Tables,Home Office,3,1190.23,236.76,0.0,2023-08-01,0.19891953656016062
2024-09-14,Middle East & Africa,Office Supplies,Paper,Home Office,5,326.67,101.8,0.0,2024-09-01,0.3116294731686411
2024-06-11,Asia Pacific,Furniture,Tables,Consumer,1,235.22,46.48,0.0,2024-06-01,0.1976022447070827
2023-10-01,North America,Technology,Phones,Consumer,3,1233.77,-184.63,0.2,2023-10-01,-0.14964701686700113
2024-10-16,Europe,Office Supplies,Art,Home Office,3,166.96,30.06,0.1,2024-10-01,0.18004312410158121
2023-05-26,Europe,Technology,Phones,Home Office,5,2150.27,232.2,0.1,2023-05-01,0.10798643891232264
2023-07-10,Europe,Technology,Machines,Corporate,6,3003.7,-1003.17,0.4,2023-07-01,-0.33397809368445586
2023-12-05,Latin America,Office Supplies,Art,Corporate,1,8.45,3.05,0.0,2023-12-01,0.3609467455621302
2023-05-17,Asia Pacific,Furniture,Furnishings,Consumer,2,310.28,-119.1,0.4,2023-05-01,-0.38384684800825064
2023-04-08,North America,Technology,Copiers,Home Office,1,491.21,-98.31,0.3,2023-04-01,-0.2001384336638098
2024-08-05,Europe,Technology,Accessories,Corporate,3,2531.04,-369.52,0.2,2024-08-01,-0.14599532208104177
2023-07-13,North America,Furniture,Tables,Home Office,3,957.05,221.64,0.0,2023-07-01,0.2315866464657019
2023-05-26,North America,Office Supplies,Storage,Home Office,1,56.66,23.91,0.0,2023-05-01,0.4219908224497
2023-08-11,Latin America,Technology,Copiers,Corporate,3,281.09,58.03,0.0,2023-08-01,0.20644633391440467
2024-10-08,North America,Furniture,Bookcases,Consumer,1,355.88,-135.89,0.4,2024-10-01,-0.3818421939979768
2024-06-21,Latin America,Furniture,Chairs,Corporate,4,998.95,163.74,0.0,2024-06-01,0.16391210771309875
2024-05-20,Europe,Office Supplies,Binders,Home Office,4,171.7,19.72,0.1,2024-05-01,0.11485148514851486
2023-11-17,Latin America,Furniture,Furnishings,Corporate,3,1077.98,-19.39,0.1,2023-11-01,-0.017987346704020482
2024-03-28,Europe,Office Supplies,Paper,Corporate,4,209.24,74.95,0.0,2024-03-01,0.35820110877461286
2023-12-29,Europe,Office Supplies,Paper,Consumer,2,112.5,42.52,0.0,2023-12-01,0.3779555555555556
2023-01-16,Asia Pacific,Technology,Machines,Home Office,1,499.15,137.23,0.0,2023-01-01,0.2749273765401182
2023-10-06,North America,Technology,Machines,Home Office,1,350.39,20.25,0.15,2023-10-01,0.05779274522674734
2023-11-26,Middle East & Africa,Technology,Phones,Consumer,2,838.92,-23.35,0.2,2023-11-01,-0.02783340485385973
2023-11-26,Europe,Technology,Copiers,Corporate,1,453.87,-34.61,0.2,2023-11-01,-0.07625531539868244
2024-08-13,Europe,Furniture,Furnishings,Corporate,2,351.72,78.37,0.0,2024-08-01,0.22281928807005572
2023-05-11,Asia Pacific,Office Supplies,Binders,Consumer,4,146.26,-7.21,0.3,2023-05-01,-0.04929577464788733
2023-02-05,North America,Office Supplies,Paper,Consumer,5,236.34,27.84,0.15,2023-02-01,0.11779639502411779
2023-12-05,Europe,Office Supplies,Art,Home Office,1,51.13,15.94,0.0,2023-12-01,0.3117543516526501
2024-04-09,Europe,Furniture,Bookcases,Consumer,2,341.69,75.93,0.0,2024-04-01,0.22221897041177677
2024-07-19,Asia Pacific,Office Supplies,Storage,Corporate,1,27.5,9.05,0.0,2024-07-01,0.3290909090909091
2024-01-19,Asia Pacific,Technology,Machines,Consumer,4,1691.62,426.34,0.0,2024-01-01,0.25203059788841464
2024-05-30,Europe,Office Supplies,Paper,Home Office,4,160.89,18.2,0.15,2024-05-01,0.11312076574056809
2024-05-29,Asia Pacific,Furniture,Chairs,Consumer,2,330.88,-63.83,0.3,2024-05-01,-0.1929098162475822
2023-06-27,North America,Office Supplies,Binders,Consumer,2,80.43,26.89,0.0,2023-06-01,0.3343279870695014
2024-09-12,Asia Pacific,Office Supplies,Binders,Consumer,1,12.2,5.21,0.0,2024-09-01,0.42704918032786887
2023-12-08,North America,Furniture,Tables,Consumer,2,450.61,77.11,0.0,2023-12-01,0.1711235880251215
2024-08-07,Europe,Office Supplies,Paper,Home Office,6,290.91,66.91,0.15,2024-08-01,0.23000240624248047
2024-03-11,North America,Furniture,Chairs,Consumer,3,453.82,71.67,0.0,2024-03-01,0.15792604997576132
2024-10-12,North America,Furniture,Chairs,Consumer,1,288.58,30.01,0.1,2024-10-01,0.10399196063483264
2024-07-04,Asia Pacific,Office Supplies,Binders,Corporate,4,162.01,-10.58,0.3,2024-07-01,-0.0653046108264922
2024-10-13,Asia Pacific,Technology,Machines,Consumer,1,339.95,-2.95,0.15,2024-10-01,-0.008677746727459922
2024-10-19,Europe,Technology,Accessories,Consumer,4,994.71,72.25,0.1,2024-10-01,0.07263423510369857
2023-07-27,North America,Office Supplies,Paper,Corporate,2,105.09,47.31,0.0,2023-07-01,0.4501855552383671
2023-12-12,Asia Pacific,Office Supplies,Art,Corporate,2,134.19,22.95,0.1,2023-12-01,0.1710261569416499
2024-12-25,Middle East & Africa,Technology,Machines,Corporate,3,1542.18,98.54,0.1,2024-12-01,0.06389656200962274
2023-04-08,North America,Furniture,Bookcases,Consumer,3,1081.45,239.16,0.0,2023-04-01,0.2211475334042258
2023-11-10,Europe,Furniture,Furnishings,Corporate,2,1178.66,169.27,0.0,2023-11-01,0.14361223762577843
2024-07-07,Latin America,Technology,Machines,Consumer,1,391.14,100.28,0.0,2024-07-01,0.25637879020299637
2024-09-14,Latin America,Furniture,Bookcases,Consumer,1,262.25,65.79,0.0,2024-09-01,0.25086749285033366
2024-10-21,Asia Pacific,Furniture,Bookcases,Consumer,2,360.65,96.03,0.0,2024-10-01,0.26626923610148345
2024-04-30,North America,Furniture,Bookcases,Home Office,2,679.91,-66.2,0.2,2024-04-01,-0.097365827830154
2023-04-16,Middle East & Africa,Office Supplies,Art,Consumer,3,107.3,39.17,0.0,2023-04-01,0.36505125815470646
2023-08-17,Latin America,Technology,Phones,Consumer,2,883.48,130.08,0.1,2023-08-01,0.14723593063793183
2023-12-08,North America,Office Supplies,Storage,Consumer,3,197.18,27.01,0.1,2023-12-01,0.1369814382797444
2023-12-17,Europe,Office Supplies,Paper,Corporate,4,315.08,-21.01,0.3,2023-12-01,-0.06668147771994415
2023-10-26,Middle East & Africa,Furniture,Bookcases,Consumer,4,575.44,156.34,0.0,2023-10-01,0.2716877519810927
2024-09-23,North America,Office Supplies,Paper,Consumer,3,124.87,39.36,0.0,2024-09-01,0.3152078161287739
2024-05-28,North America,Office Supplies,Storage,Corporate,8,421.9,30.69,0.2,2024-05-01,0.07274235600853284
2024-09-01,North America,Technology,Machines,Corporate,3,1180.3,299.11,0.0,2024-09-01,0.25341862238413965
2024-11-03,North America,Office Supplies,Art,Consumer,1,54.83,20.24,0.0,2024-11-01,0.3691409812146635
2023-03-02,North America,Technology,Phones,Corporate,2,1432.23,54.29,0.1,2023-03-01,0.03790592293137275
2024-05-27,Middle East & Africa,Furniture,Tables,Consumer,1,211.07,-60.36,0.3,2024-05-01,-0.2859714786563699
2024-05-13,North America,Office Supplies,Binders,Home Office,3,76.54,22.81,0.0,2024-05-01,0.29801411026914026
2024-07-12,North America,Furniture,Tables,Consumer,5,2564.15,584.34,0.0,2024-07-01,0.2278883840648948
2024-05-13,Asia Pacific,Technology,Phones,Consumer,1,440.65,101.32,0.0,2024-05-01,0.22993305344377624
2023-10-09,Europe,Furniture,Furnishings,Corporate,4,687.47,-47.85,0.2,2023-10-01,-0.06960303722344248
2024-09-17,Asia Pacific,Office Supplies,Storage,Home Office,3,113.25,-54.23,0.5,2024-09-01,-0.4788520971302428
2024-06-26,Europe,Furniture,Bookcases,Corporate,2,465.36,109.07,0.0,2024-06-01,0.23437768609248752
2024-09-19,Middle East & Africa,Technology,Copiers,Consumer,3,1008.43,276.08,0.0,2024-09-01,0.27377210118699363
2024-03-16,Latin America,Office Supplies,Paper,Consumer,2,48.08,19.91,0.0,2024-03-01,0.41410149750415975
2024-03-06,North America,Office Supplies,Storage,Home Office,1,29.37,10.56,0.0,2024-03-01,0.3595505617977528
2024-02-11,North America,Technology,Copiers,Home Office,3,820.69,-364.63,0.5,2024-02-01,-0.44429687214417135
2023-07-14,North America,Furniture,Bookcases,Consumer,2,526.23,-22.95,0.15,2023-07-01,-0.04361210877373012
2024-08-10,Latin America,Furniture,Chairs,Consumer,5,1024.68,136.93,0.0,2024-08-01,0.13363196314947104
2024-04-07,Latin America,Furniture,Furnishings,Consumer,4,1422.21,-622.03,0.4,2024-04-01,-0.4373686023864267
2023-09-08,North America,Office Supplies,Storage,Consumer,4,174.75,-18.07,0.3,2023-09-01,-0.10340486409155937
2023-09-01,North America,Technology,Accessories,Corporate,1,453.09,-52.54,0.2,2023-09-01,-0.11595930168399214
2023-04-03,Europe,Furniture,Furnishings,Consumer,3,923.91,225.01,0.0,2023-04-01,0.24354103754694723
2024-12-24,Asia Pacific,Technology,Accessories,Consumer,3,1820.78,54.04,0.1,2024-12-01,0.029679587868935292
2024-03-27,North America,Office Supplies,Art,Home Office,1,56.52,25.98,0.0,2024-03-01,0.4596602972399151
2023-03-14,Asia Pacific,Office Supplies,Binders,Home Office,3,113.74,9.81,0.2,2023-03-01,0.08624934060137156
2023-04-30,North America,Technology,Accessories,Home Office,3,1187.57,83.04,0.1,2023-04-01,0.0699242991992051
2023-08-28,Asia Pacific,Office Supplies,Paper,Consumer,3,120.17,40.23,0.0,2023-08-01,0.3347757343763002
2024-09-20,Middle East & Africa,Office Supplies,Art,Consumer,3,91.7,-1.84,0.3,2024-09-01,-0.020065430752453654
2024-09-19,Europe,Technology,Accessories,Consumer,2,549.6,29.07,0.15,2024-09-01,0.05289301310043668
2023-01-19,North America,Furniture,Bookcases,Consumer,4,741.86,114.51,0.0,2023-01-01,0.15435526918825654
2023-01-11,Europe,Technology,Machines,Consumer,4,1521.06,632.08,0.0,2023-01-01,0.41555231220333194
2023-09-28,North America,Office Supplies,Art,Consumer,3,124.69,35.89,0.1,2023-09-01,0.2878338278931751
2023-10-23,Asia Pacific,Furniture,Furnishings,Corporate,4,1131.19,151.2,0.1,2023-10-01,0.1336645479539246
2023-08-17,Asia Pacific,Office Supplies,Paper,Consumer,3,67.82,8.0,0.2,2023-08-01,0.11795930404010617
2024-02-19,North America,Office Supplies,Storage,Consumer,1,20.62,8.28,0.0,2024-02-01,0.4015518913676042
2024-03-10,Asia Pacific,Office Supplies,Paper,Corporate,2,39.31,-4.51,0.3,2024-03-01,-0.1147290765708471
2024-04-29,Asia Pacific,Office Supplies,Paper,Corporate,2,73.99,27.2,0.0,2024-04-01,0.3676172455737262
2024-02-21,Middle East & Africa,Technology,Copiers,Corporate,2,278.36,31.7,0.1,2024-02-01,0.11388130478517028
2023-11-11,Asia Pacific,Furniture,Chairs,Corporate,2,725.23,127.02,0.0,2023-11-01,0.1751444369372475
2023-07-25,Europe,Furniture,Bookcases,Corporate,3,457.32,71.96,0.0,2023-07-01,0.1573515262835651
2023-04-09,Asia Pacific,Technology,Accessories,Consumer,2,1219.03,221.89,0.0,2023-04-01,0.18202177140841488
2023-06-23,Asia Pacific,Office Supplies,Paper,Home Office,3,107.13,17.45,0.15,2023-06-01,0.16288621301222814
2024-07-30,Europe,Office Supplies,Paper,Consumer,2,118.53,44.64,0.0,2024-07-01,0.37661351556567957
2024-02-03,Latin America,Office Supplies,Paper,Home Office,1,49.0,19.47,0.0,2024-02-01,0.3973469387755102
2023-07-20,Europe,Office Supplies,Storage,Consumer,2,93.81,37.77,0.0,2023-07-01,0.402622321714103
2023-12-19,Middle East & Africa,Furniture,Bookcases,Consumer,1,287.15,74.31,0.0,2023-12-01,0.25878460734807596
2023-06-17,North America,Technology,Accessories,Corporate,2,973.67,287.21,0.0,2023-06-01,0.29497673749833103
2023-01-18,Asia Pacific,Technology,Accessories,Corporate,6,2655.61,-315.9,0.2,2023-01-01,-0.11895572015469137
2023-05-07,Asia Pacific,Technology,Machines,Consumer,4,1543.38,-59.06,0.15,2023-05-01,-0.03826666148323809
2024-02-17,North America,Office Supplies,Storage,Home Office,1,49.02,18.92,0.0,2024-02-01,0.3859649122807018
2023-03-09,Europe,Office Supplies,Storage,Home Office,4,183.65,58.32,0.0,2023-03-01,0.3175605771848625
2024-08-06,North America,Office Supplies,Paper,Consumer,3,155.23,38.4,0.1,2024-08-01,0.2473748631063583
2024-02-09,Latin America,Office Supplies,Binders,Consumer,1,41.67,14.18,0.0,2024-02-01,0.34029277657787377
2023-10-09,Europe,Furniture,Furnishings,Consumer,4,697.47,-298.87,0.4,2023-10-01,-0.4285058855578018
2023-01-28,Latin America,Office Supplies,Storage,Corporate,1,27.24,10.31,0.0,2023-01-01,0.3784875183553598
2024-07-29,North America,Office Supplies,Storage,Corporate,5,238.77,33.68,0.2,2024-07-01,0.1410562465971437
2024-03-16,Asia Pacific,Furniture,Bookcases,Consumer,2,407.16,-116.08,0.3,2024-03-01,-0.2850967678553885
2023-10-10,Asia Pacific,Furniture,Furnishings,Consumer,2,654.39,5.49,0.15,2023-10-01,0.008389492504469812
2024-10-25,Europe,Office Supplies,Storage,Home Office,2,125.87,50.6,0.0,2024-10-01,0.4020020656232621
2023-04-22,Asia Pacific,Furniture,Tables,Corporate,1,206.25,6.42,0.1,2023-04-01,0.031127272727272726
2024-09-21,Europe,Office Supplies,Storage,Consumer,3,178.06,65.71,0.0,2024-09-01,0.3690329102549702
2024-04-30,Asia Pacific,Furniture,Bookcases,Consumer,1,233.49,-25.99,0.15,2024-04-01,-0.11131097691549958
2024-05-23,North America,Office Supplies,Art,Consumer,1,57.4,1.84,0.2,2024-05-01,0.03205574912891986
2023-10-15,Latin America,Furniture,Chairs,Home Office,3,600.94,115.34,0.0,2023-10-01,0.19193263886577694
2024-12-18,Europe,Technology,Phones,Consumer,3,1017.77,93.66,0.1,2024-12-01,0.0920247207129312
2023-12-08,Asia Pacific,Technology,Accessories,Home Office,3,1672.42,569.01,0.0,2023-12-01,0.3402315207902321
2023-03-23,Latin America,Technology,Phones,Consumer,2,650.15,149.41,0.0,2023-03-01,0.22980850572944705
2023-12-01,Latin America,Technology,Phones,Consumer,3,1750.85,461.25,0.0,2023-12-01,0.2634434703144187
2023-03-16,Middle East & Africa,Technology,Accessories,Home Office,1,474.71,101.77,0.0,2023-03-01,0.21438351835857683
2023-10-27,Europe,Office Supplies,Storage,Consumer,2,18.14,5.88,0.0,2023-10-01,0.3241455347298787
2024-08-16,Europe,Technology,Copiers,Home Office,3,642.7,109.79,0.0,2024-08-01,0.17082620196047923
2023-04-13,North America,Furniture,Tables,Corporate,1,244.33,-18.57,0.2,2023-04-01,-0.0760037653992551
2023-04-13,Asia Pacific,Office Supplies,Storage,Consumer,1,7.86,1.1,0.15,2023-04-01,0.13994910941475827
2024-05-30,North America,Furniture,Furnishings,Consumer,2,429.2,13.62,0.1,2024-05-01,0.03173345759552656
2024-01-07,North America,Office Supplies,Paper,Consumer,2,131.53,27.91,0.1,2024-01-01,0.2121949365163841
2024-05-10,North America,Office Supplies,Paper,Corporate,3,83.07,38.62,0.0,2024-05-01,0.46490911279643676
2024-12-05,North America,Office Supplies,Art,Consumer,1,54.43,10.88,0.1,2024-12-01,0.19988976667279076
2024-07-09,North America,Office Supplies,Paper,Corporate,2,105.77,32.42,0.1,2024-07-01,0.3065141344426586
2023-02-27,Europe,Furniture,Chairs,Consumer,6,2256.83,546.69,0.0,2023-02-01,0.24223800640721724
2023-07-04,Latin America,Furniture,Tables,Consumer,5,1336.0,26.02,0.1,2023-07-01,0.019476047904191617
2024-04-21,Latin America,Furniture,Bookcases,Corporate,4,415.51,-17.61,0.1,2024-04-01,-0.042381651464465354
2023-03-23,North America,Furniture,Furnishings,Consumer,2,552.48,188.12,0.0,2023-03-01,0.34050101361135243
2024-11-01,Latin America,Office Supplies,Art,Consumer,3,143.5,55.25,0.0,2024-11-01,0.38501742160278746
2023-10-10,Europe,Furniture,Furnishings,Corporate,1,213.22,55.03,0.0,2023-10-01,0.2580902354375762
2023-11-23,Europe,Furniture,Bookcases,Corporate,4,1926.26,-342.12,0.2,2023-11-01,-0.17760842253901343
2023-02-20,Europe,Office Supplies,Binders,Consumer,1,50.02,19.13,0.0,2023-02-01,0.38244702119152335
2023-12-06,North America,Technology,Copiers,Consumer,3,1291.03,311.43,0.0,2023-12-01,0.24122599784668056
2023-09-25,North America,Furniture,Chairs,Corporate,2,576.51,-21.65,0.15,2023-09-01,-0.0375535550120553
2023-06-11,Europe,Office Supplies,Art,Home Office,3,173.23,56.96,0.1,2023-06-01,0.3288114068002078
2024-10-28,Europe,Furniture,Furnishings,Home Office,1,292.42,65.86,0.0,2024-10-01,0.22522399288694342
2023-09-13,Asia Pacific,Furniture,Tables,Consumer,4,713.17,26.87,0.1,2023-09-01,0.03767685124163944
2023-03-08,North America,Technology,Phones,Consumer,1,587.13,160.21,0.0,2023-03-01,0.2728697222080289
2024-07-25,North America,Technology,Copiers,Consumer,4,2011.51,637.1,0.0,2024-07-01,0.31672723476393355
2024-08-05,North America,Office Supplies,Storage,Consumer,2,74.43,11.55,0.1,2024-08-01,0.15517936316001613
2023-12-16,North America,Furniture,Tables,Home Office,3,583.3,130.45,0.0,2023-12-01,0.2236413509343391
2023-01-07,Asia Pacific,Office Supplies,Storage,Home Office,3,44.96,4.45,0.15,2023-01-01,0.09897686832740214
2024-11-08,North America,Technology,Copiers,Consumer,5,2733.18,707.23,0.0,2024-11-01,0.2587571985745542
2024-06-05,North America,Furniture,Bookcases,Corporate,3,1261.06,238.87,0.0,2024-06-01,0.1894200117361585
2024-06-30,Latin America,Office Supplies,Storage,Corporate,1,47.82,-1.36,0.2,2024-06-01,-0.028439983270598077
2024-08-31,North America,Furniture,Bookcases,Consumer,2,550.27,99.14,0.0,2024-08-01,0.18016610027804533
2024-09-10,North America,Office Supplies,Binders,Home Office,2,56.26,23.96,0.0,2024-09-01,0.425879843583363
2024-09-25,Europe,Office Supplies,Binders,Consumer,4,223.31,87.82,0.0,2024-09-01,0.3932649679817294
2024-03-18,Asia Pacific,Office Supplies,Art,Home Office,2,92.6,10.05,0.15,2024-03-01,0.10853131749460045
2023-04-13,Europe,Furniture,Bookcases,Consumer,3,268.21,42.04,0.0,2023-04-01,0.156742850751277
2024-03-14,Latin America,Technology,Machines,Corporate,1,279.74,73.68,0.0,2024-03-01,0.2633874311861014
2023-10-31,Latin America,Office Supplies,Binders,Consumer,2,83.73,34.33,0.0,2023-10-01,0.41000836020542214
2023-10-20,Asia Pacific,Technology,Copiers,Consumer,2,789.0,164.72,0.0,2023-10-01,0.20877059569074777
2023-02-26,Asia Pacific,Furniture,Furnishings,Consumer,4,196.37,51.96,0.0,2023-02-01,0.264602536028925
2024-04-11,Europe,Technology,Phones,Consumer,2,1231.63,67.56,0.1,2024-04-01,0.05485413638836339
2024-11-30,North America,Technology,Phones,Consumer,3,1932.49,147.02,0.15,2024-11-01,0.0760780133403019
2023-08-15,Asia Pacific,Technology,Copiers,Corporate,1,138.12,39.26,0.0,2023-08-01,0.28424558355053575
2023-04-29,Latin America,Technology,Copiers,Corporate,2,614.17,177.64,0.0,2023-04-01,0.28923587931680156
2023-01-12,Asia Pacific,Office Supplies,Art,Corporate,2,93.81,40.69,0.0,2023-01-01,0.4337490672636179
2023-05-16,Asia Pacific,Office Supplies,Art,Consumer,2,83.54,31.86,0.0,2023-05-01,0.3813741920038305
2024-06-12,Europe,Office Supplies,Paper,Corporate,3,223.46,114.59,0.0,2024-06-01,0.5127987111787344
2024-06-15,North America,Office Supplies,Binders,Home Office,3,55.66,23.0,0.0,2024-06-01,0.4132231404958678
2023-06-17,Europe,Technology,Copiers,Corporate,3,275.59,76.98,0.0,2023-06-01,0.27932798722740304
2024-11-23,Latin America,Office Supplies,Art,Home Office,2,145.44,55.99,0.0,2024-11-01,0.3849697469746975
2024-11-25,North America,Furniture,Chairs,Consumer,7,1801.07,-265.75,0.2,2024-11-01,-0.14755117791090852
2023-10-27,Middle East & Africa,Technology,Machines,Home Office,5,1338.11,156.26,0.1,2023-10-01,0.11677664765975891
2024-10-09,North America,Technology,Copiers,Corporate,4,1569.35,-316.02,0.3,2024-10-01,-0.20136999394653837
2024-10-23,Asia Pacific,Furniture,Furnishings,Corporate,4,1086.57,261.53,0.0,2024-10-01,0.24069319049854127
2024-07-05,Asia Pacific,Furniture,Chairs,Consumer,3,1056.08,114.0,0.0,2024-07-01,0.10794636769941672
2023-09-04,Asia Pacific,Office Supplies,Binders,Home Office,4,91.85,34.94,0.0,2023-09-01,0.3804028307022319
2023-05-18,Middle East & Africa,Office Supplies,Binders,Home Office,3,110.61,-9.25,0.3,2023-05-01,-0.08362715848476629
2024-03-23,Latin America,Technology,Phones,Consumer,4,1437.09,362.88,0.0,2024-03-01,0.2525102811932447
2024-07-31,Europe,Technology,Machines,Home Office,2,1081.52,58.73,0.1,2024-07-01,0.05430320289962275
2024-11-03,Asia Pacific,Office Supplies,Storage,Consumer,2,61.85,26.82,0.0,2024-11-01,0.4336297493936944
2024-07-21,Asia Pacific,Office Supplies,Art,Corporate,3,153.39,70.21,0.0,2024-07-01,0.4577221461633744
2024-08-30,Middle East & Africa,Technology,Accessories,Consumer,3,1222.37,327.61,0.0,2024-08-01,0.26801214035030313
2024-02-03,Latin America,Technology,Copiers,Consumer,1,125.29,20.47,0.1,2024-02-01,0.16338095618165854
2023-11-22,North America,Technology,Phones,Corporate,5,2127.21,667.37,0.0,2023-11-01,0.3137301911893983
2023-05-25,Latin America,Office Supplies,Binders,Consumer,2,101.37,19.68,0.1,2023-05-01,0.19414027818881324
2024-06-15,North America,Office Supplies,Storage,Corporate,4,140.05,50.42,0.0,2024-06-01,0.3600142806140664
2024-11-16,North America,Furniture,Bookcases,Corporate,1,511.95,-22.87,0.2,2024-11-01,-0.0446723312823518
2024-11-30,Asia Pacific,Technology,Machines,Consumer,4,2304.44,684.73,0.0,2024-11-01,0.29713509572824637
2023-03-11,Middle East & Africa,Office Supplies,Binders,Corporate,2,107.89,18.81,0.15,2023-03-01,0.1743442395031977
2024-03-08,North America,Technology,Machines,Home Office,3,1359.95,-196.24,0.3,2024-03-01,-0.14429942277289606
2023-08-05,North America,Technology,Copiers,Corporate,3,690.94,132.93,0.0,2023-08-01,0.19239007728601615
2024-01-23,Asia Pacific,Office Supplies,Storage,Corporate,3,181.84,75.09,0.0,2024-01-01,0.41294544654641446
2024-11-04,Europe,Office Supplies,Art,Consumer,5,275.26,95.06,0.0,2024-11-01,0.3453462181210492
2024-10-13,Latin America,Office Supplies,Binders,Corporate,1,49.12,18.65,0.0,2024-10-01,0.37968241042345274
2023-08-24,North America,Office Supplies,Art,Consumer,3,43.5,20.41,0.0,2023-08-01,0.4691954022988506
2023-04-16,Latin America,Office Supplies,Art,Consumer,2,41.58,-20.32,0.5,2023-04-01,-0.48869648869648874
2023-03-05,Latin America,Technology,Copiers,Consumer,2,1021.75,330.07,0.0,2023-03-01,0.32304379740641054
2023-06-09,Europe,Office Supplies,Binders,Consumer,5,83.65,8.59,0.15,2023-06-01,0.10268977884040645
2023-08-20,Latin America,Technology,Accessories,Consumer,2,348.1,88.54,0.0,2023-08-01,0.25435219764435507
2023-11-15,Middle East & Africa,Furniture,Chairs,Corporate,2,853.58,-98.76,0.2,2023-11-01,-0.1157009301998641
2023-10-13,Asia Pacific,Furniture,Chairs,Consumer,1,237.7,39.22,0.0,2023-10-01,0.16499789650820362
2024-06-05,Latin America,Furniture,Chairs,Consumer,4,1468.1,361.52,0.0,2024-06-01,0.24625025543219128
2023-09-30,Latin America,Technology,Phones,Consumer,1,276.59,82.25,0.0,2023-09-01,0.297371560793955
2023-10-22,North America,Furniture,Furnishings,Consumer,1,123.98,1.82,0.15,2023-10-01,0.014679787062429424
2024-08-18,North America,Office Supplies,Art,Consumer,6,204.95,-20.71,0.3,2024-08-01,-0.10104903635032936
2024-01-07,Asia Pacific,Technology,Machines,Consumer,2,565.8,198.25,0.0,2024-01-01,0.3503888299752563
2024-01-21,Asia Pacific,Technology,Phones,Consumer,3,940.07,122.11,0.1,2024-01-01,0.12989458231833798
2023-12-08,Asia Pacific,Technology,Copiers,Consumer,1,747.91,226.94,0.0,2023-12-01,0.3034322311508069
2023-09-02,Europe,Furniture,Chairs,Corporate,3,505.54,30.43,0.1,2023-09-01,0.06019306088538988
2024-07-03,Europe,Office Supplies,Paper,Home Office,4,114.6,-20.24,0.3,2024-07-01,-0.17661431064572425
2024-08-11,Europe,Technology,Machines,Consumer,2,719.03,241.79,0.0,2024-08-01,0.33627247819979694
2024-08-08,Middle East & Africa,Office Supplies,Art,Home Office,1,29.91,1.28,0.2,2024-08-01,0.042795051822133064
2024-05-06,North America,Furniture,Chairs,Corporate,1,169.06,-10.16,0.2,2024-05-01,-0.060097006979770495
2023-10-28,Europe,Office Supplies,Storage,Consumer,3,99.76,36.78,0.0,2023-10-01,0.3686848436246993
2023-05-25,Latin America,Technology,Accessories,Consumer,1,232.58,54.07,0.0,2023-05-01,0.23247914696018573
2024-10-17,Latin America,Furniture,Furnishings,Corporate,2,730.22,140.46,0.0,2024-10-01,0.19235298951001067
2024-05-13,Latin America,Office Supplies,Paper,Consumer,5,102.98,13.83,0.1,2024-05-01,0.13429792192658768
2023-11-02,North America,Office Supplies,Paper,Corporate,2,127.8,50.73,0.0,2023-11-01,0.3969483568075117
2023-07-23,Europe,Technology,Copiers,Home Office,1,375.63,123.01,0.0,2023-07-01,0.3274765061363576
2023-09-15,Europe,Technology,Machines,Consumer,2,357.77,-181.31,0.5,2023-09-01,-0.5067780976605082
2023-08-06,Europe,Office Supplies,Binders,Corporate,3,140.15,40.89,0.0,2023-08-01,0.2917588298251873
2024-06-09,North America,Technology,Phones,Consumer,1,486.72,150.58,0.0,2024-06-01,0.30937705456936226
2024-09-06,North America,Technology,Copiers,Corporate,3,1611.94,12.5,0.15,2024-09-01,0.0077546310656724194
2024-10-22,Europe,Furniture,Furnishings,Corporate,3,837.0,-528.99,0.5,2024-10-01,-0.6320071684587814
2024-02-09,North America,Office Supplies,Binders,Consumer,4,152.1,29.93,0.15,2024-02-01,0.1967784352399737
2023-04-15,North America,Office Supplies,Paper,Consumer,2,70.38,25.71,0.0,2023-04-01,0.36530264279624897
2024-08-16,North America,Technology,Machines,Consumer,4,2032.43,536.23,0.0,2024-08-01,0.26383688491116547
2024-10-26,Europe,Technology,Copiers,Home Office,4,1249.4,-79.01,0.15,2024-10-01,-0.06323835441011685
2024-09-03,Middle East & Africa,Office Supplies,Paper,Home Office,4,206.54,86.38,0.0,2024-09-01,0.41822407281882445
2024-03-12,Asia Pacific,Furniture,Chairs,Consumer,1,195.5,30.85,0.0,2024-03-01,0.1578005115089514
2024-11-27,Middle East & Africa,Technology,Copiers,Corporate,1,789.51,123.64,0.1,2024-11-01,0.15660346290737293
2024-11-16,North America,Office Supplies,Binders,Home Office,3,300.96,108.38,0.0,2024-11-01,0.3601143009037746
2023-11-10,Europe,Office Supplies,Art,Home Office,2,62.65,-19.86,0.4,2023-11-01,-0.31699920191540304
2023-08-29,Latin America,Office Supplies,Art,Consumer,4,120.39,39.69,0.0,2023-08-01,0.3296785447296287
2024-09-12,Middle East & Africa,Technology,Copiers,Consumer,3,851.86,56.63,0.1,2024-09-01,0.06647805977508041
2024-06-12,Latin America,Office Supplies,Art,Consumer,4,101.08,41.3,0.0,2024-06-01,0.4085872576177285
2023-10-27,Asia Pacific,Technology,Machines,Consumer,5,2382.91,-926.72,0.4,2023-10-01,-0.38890264424590104
2023-04-18,Europe,Office Supplies,Storage,Consumer,3,54.2,5.9,0.15,2023-04-01,0.1088560885608856
2023-05-28,Asia Pacific,Furniture,Chairs,Consumer,5,1682.88,485.11,0.0,2023-05-01,0.2882617893135577
2024-12-25,North America,Furniture,Bookcases,Home Office,1,357.44,29.91,0.15,2024-12-01,0.08367837958818264
2024-01-15,North America,Technology,Machines,Consumer,1,165.6,43.72,0.0,2024-01-01,0.2640096618357488
2024-12-25,Asia Pacific,Office Supplies,Storage,Consumer,2,34.95,13.39,0.0,2024-12-01,0.38311874105865523
2023-09-18,Europe,Office Supplies,Paper,Corporate,2,47.56,8.62,0.1,2023-09-01,0.18124474348191755
2024-02-13,Asia Pacific,Office Supplies,Binders,Home Office,1,19.81,-2.12,0.3,2024-02-01,-0.10701665825340738
2023-02-19,Europe,Office Supplies,Storage,Corporate,3,115.35,43.95,0.0,2023-02-01,0.3810143042912874
2024-11-05,Asia Pacific,Technology,Accessories,Corporate,1,397.72,29.27,0.1,2024-11-01,0.07359448858493411
2024-02-10,Asia Pacific,Technology,Copiers,Corporate,3,996.31,34.31,0.15,2024-02-01,0.034437072798626935
2023-08-10,North America,Office Supplies,Binders,Consumer,1,42.83,17.94,0.0,2023-08-01,0.4188652813448518
2024-10-23,Latin America,Furniture,Bookcases,Consumer,3,767.97,155.62,0.0,2024-10-01,0.2026381238850476
2023-09-12,Latin America,Office Supplies,Binders,Consumer,4,157.03,51.62,0.0,2023-09-01,0.32872699484174994
2024-08-07,Europe,Technology,Accessories,Consumer,3,1923.08,248.01,0.1,2024-08-01,0.12896499365601016
2023-06-28,Europe,Office Supplies,Art,Consumer,2,98.82,36.06,0.0,2023-06-01,0.36490588949605346
2024-05-04,Middle East & Africa,Furniture,Bookcases,Consumer,3,708.9,85.49,0.0,2024-05-01,0.12059528847510227
2024-12-23,North America,Office Supplies,Storage,Consumer,1,64.85,23.89,0.0,2024-12-01,0.3683885890516577
2023-01-15,North America,Office Supplies,Art,Consumer,2,106.74,30.4,0.1,2023-01-01,0.2848041971144838
2023-12-29,Europe,Technology,Machines,Consumer,1,772.54,-320.22,0.4,2023-12-01,-0.41450280891604324
2023-01-23,Latin America,Office Supplies,Storage,Corporate,2,75.8,10.95,0.2,2023-01-01,0.14445910290237465
2024-10-27,North America,Office Supplies,Binders,Consumer,2,121.91,45.94,0.0,2024-10-01,0.37683537035518005
2024-04-01,North America,Technology,Phones,Consumer,3,1384.45,458.94,0.0,2024-04-01,0.33149626205352306
2024-08-20,North America,Office Supplies,Art,Consumer,1,26.46,0.98,0.2,2024-08-01,0.037037037037037035
2023-08-12,Latin America,Technology,Copiers,Corporate,1,333.01,100.08,0.0,2023-08-01,0.300531515570103
2024-10-03,Asia Pacific,Office Supplies,Paper,Home Office,4,84.9,37.06,0.0,2024-10-01,0.4365135453474676
2023-12-11,North America,Office Supplies,Paper,Corporate,4,254.41,111.91,0.0,2023-12-01,0.4398805078416729
2024-07-13,Asia Pacific,Office Supplies,Binders,Consumer,5,239.29,95.5,0.0,2024-07-01,0.3990973296000669
2023-06-12,Europe,Furniture,Furnishings,Corporate,4,1448.06,-148.64,0.2,2023-06-01,-0.10264768034473709
2023-07-29,Europe,Technology,Phones,Corporate,1,299.55,-127.95,0.4,2023-07-01,-0.4271407110665999
2024-12-29,Latin America,Office Supplies,Paper,Corporate,3,84.86,31.0,0.0,2024-12-01,0.36530756540183834
2023-03-06,Latin America,Technology,Accessories,Consumer,4,1659.31,421.26,0.0,2023-03-01,0.2538766113625543
2024-10-01,North America,Office Supplies,Paper,Consumer,1,30.68,3.77,0.2,2024-10-01,0.1228813559322034
2023-05-27,Asia Pacific,Office Supplies,Paper,Consumer,1,5.0,1.78,0.0,2023-05-01,0.356
2024-06-10,Europe,Furniture,Bookcases,Home Office,6,1679.18,-41.39,0.15,2024-06-01,-0.02464893579008802
2024-10-23,Middle East & Africa,Technology,Phones,Corporate,1,342.41,99.6,0.0,2024-10-01,0.29087935515901986
2023-03-03,North America,Furniture,Chairs,Consumer,3,320.01,67.9,0.0,2023-03-01,0.2121808693478329
2024-03-28,Asia Pacific,Technology,Copiers,Corporate,5,1953.9,482.92,0.0,2024-03-01,0.24715696811505194
2024-04-24,Asia Pacific,Office Supplies,Storage,Corporate,3,43.03,9.89,0.1,2024-04-01,0.22983964675807578
2023-04-09,North America,Furniture,Furnishings,Corporate,4,670.02,138.58,0.0,2023-04-01,0.20682964687621266
2023-05-11,Europe,Office Supplies,Storage,Consumer,4,188.74,83.77,0.0,2023-05-01,0.4438380841369079
2023-07-29,Middle East & Africa,Technology,Accessories,Corporate,2,810.28,8.46,0.1,2023-07-01,0.010440835266821347
2024-02-08,North America,Technology,Accessories,Corporate,4,746.28,133.69,0.1,2024-02-01,0.17914187704346896
2023-09-02,North America,Furniture,Furnishings,Consumer,2,706.15,-30.88,0.15,2023-09-01,-0.04373008567584791
2023-07-01,North America,Furniture,Furnishings,Home Office,2,716.33,182.69,0.0,2023-07-01,0.2550360867198079
2023-07-26,Europe,Office Supplies,Art,Corporate,2,81.5,34.09,0.0,2023-07-01,0.4182822085889571
2024-09-21,North America,Office Supplies,Paper,Corporate,6,197.02,76.78,0.0,2024-09-01,0.3897066287686529
2024-05-21,Asia Pacific,Furniture,Bookcases,Corporate,1,130.34,27.06,0.0,2024-05-01,0.20761086389442993
2023-06-21,North America,Office Supplies,Binders,Consumer,3,96.98,18.65,0.1,2023-06-01,0.1923076923076923
2023-01-14,Middle East & Africa,Technology,Machines,Consumer,4,2260.84,695.41,0.0,2023-01-01,0.3075892146281913
2023-02-05,Europe,Office Supplies,Storage,Home Office,2,22.02,7.27,0.0,2023-02-01,0.3301544050862852
2023-05-25,North America,Office Supplies,Binders,Consumer,1,28.08,4.08,0.2,2023-05-01,0.1452991452991453
2024-01-27,Latin America,Furniture,Tables,Corporate,1,344.74,70.2,0.0,2024-01-01,0.20363172245750422
2024-02-18,Asia Pacific,Furniture,Bookcases,Consumer,1,146.57,-75.08,0.5,2024-02-01,-0.5122467080575834
2023-05-18,Europe,Technology,Accessories,Home Office,1,197.87,46.18,0.0,2023-05-01,0.23338555617324505
2024-11-07,North America,Office Supplies,Art,Consumer,3,265.43,83.98,0.1,2024-11-01,0.31639226914817464
2023-04-01,North America,Technology,Phones,Consumer,1,239.37,-7.25,0.2,2023-04-01,-0.030287838910473326
2024-11-21,Asia Pacific,Technology,Copiers,Corporate,3,1312.13,265.54,0.1,2024-11-01,0.2023732404563572
2023-07-28,Europe,Technology,Machines,Corporate,2,686.91,230.77,0.0,2023-07-01,0.3359537639574326
2024-05-07,North America,Office Supplies,Art,Consumer,3,130.65,29.74,0.0,2024-05-01,0.2276310753922694
2024-03-27,North America,Technology,Copiers,Corporate,4,1710.36,483.44,0.0,2024-03-01,0.2826539441988821
2024-01-05,North America,Furniture,Bookcases,Consumer,3,943.65,107.95,0.1,2024-01-01,0.11439622741482541
2023-02-25,North America,Office Supplies,Storage,Consumer,2,49.94,21.93,0.0,2023-02-01,0.4391269523428114
2023-08-09,Asia Pacific,Technology,Accessories,Corporate,3,1158.42,363.02,0.0,2023-08-01,0.31337511437993126
2024-02-09,Asia Pacific,Technology,Copiers,Consumer,4,365.2,0.33,0.1,2024-02-01,0.0009036144578313253
2023-07-24,North America,Furniture,Chairs,Consumer,4,941.95,-315.52,0.3,2023-07-01,-0.3349647008864589
2024-02-08,Middle East & Africa,Furniture,Furnishings,Consumer,4,436.8,-34.49,0.15,2024-02-01,-0.07896062271062271
2023-04-06,North America,Technology,Machines,Corporate,6,3874.85,1235.16,0.0,2023-04-01,0.31876330696672134
2024-11-11,Europe,Technology,Accessories,Consumer,4,2876.76,-607.1,0.3,2024-11-01,-0.2110360266410823
2024-01-26,Europe,Office Supplies,Storage,Consumer,4,176.46,23.86,0.15,2024-01-01,0.13521477955343986
2023-07-01,Europe,Technology,Phones,Consumer,1,406.7,98.98,0.0,2023-07-01,0.24337349397590363
2024-02-03,North America,Furniture,Tables,Corporate,2,192.58,-58.02,0.3,2024-02-01,-0.3012773912140409
2023-08-01,Europe,Office Supplies,Paper,Home Office,1,41.24,14.49,0.0,2023-08-01,0.3513579049466537
2023-08-11,Asia Pacific,Technology,Machines,Consumer,4,1333.42,388.97,0.0,2023-08-01,0.29170853894496857
2023-09-26,Asia Pacific,Furniture,Furnishings,Home Office,1,186.02,-39.08,0.3,2023-09-01,-0.21008493710353723
2023-03-17,Europe,Furniture,Furnishings,Corporate,3,400.75,135.86,0.0,2023-03-01,0.33901434809731756
2023-07-18,Asia Pacific,Office Supplies,Storage,Corporate,1,58.49,25.93,0.0,2023-07-01,0.4433236450675329
2023-04-06,Latin America,Office Supplies,Storage,Consumer,3,134.7,44.72,0.0,2023-04-01,0.33199703043801043
2023-08-15,Middle East & Africa,Office Supplies,Art,Corporate,1,35.57,14.22,0.0,2023-08-01,0.3997750913691313
2024-11-21,North America,Office Supplies,Storage,Home Office,1,20.64,-9.41,0.5,2024-11-01,-0.45591085271317827
2024-12-02,North America,Furniture,Tables,Consumer,3,1214.06,348.94,0.0,2024-12-01,0.2874157784623495
2024-01-22,Europe,Office Supplies,Storage,Home Office,1,37.84,4.19,0.15,2024-01-01,0.1107293868921776
2023-12-04,Middle East & Africa,Furniture,Furnishings,Corporate,3,670.56,112.43,0.0,2023-12-01,0.1676658315437843
2024-08-16,Europe,Furniture,Chairs,Consumer,1,337.12,-9.65,0.1,2024-08-01,-0.02862482202183199
2023-01-12,North America,Office Supplies,Art,Consumer,2,63.73,23.94,0.0,2023-01-01,0.37564726188608194
2024-06-17,Asia Pacific,Office Supplies,Paper,Home Office,1,48.07,12.04,0.0,2024-06-01,0.25046806740170585
2023-07-13,North America,Furniture,Bookcases,Consumer,2,707.71,186.12,0.0,2023-07-01,0.26298907744697686
2024-02-08,Europe,Office Supplies,Binders,Corporate,1,22.97,2.57,0.15,2024-02-01,0.11188506747932085
2024-03-19,Europe,Furniture,Bookcases,Home Office,2,513.16,110.33,0.0,2024-03-01,0.21500116922597243
2023-04-15,Asia Pacific,Furniture,Bookcases,Home Office,2,298.96,-143.9,0.4,2023-04-01,-0.4813352956917314
2023-01-08,Latin America,Furniture,Bookcases,Consumer,3,700.34,-22.9,0.15,2023-01-01,-0.03269840363252134
2024-12-13,Latin America,Office Supplies,Paper,Consumer,2,123.79,61.0,0.0,2024-12-01,0.4927700137329348
2023-03-18,Latin America,Technology,Copiers,Corporate,2,428.8,136.35,0.0,2023-03-01,0.31798041044776115
2024-10-09,Europe,Technology,Copiers,Home Office,1,434.78,81.77,0.0,2024-10-01,0.1880721284327706
2024-07-16,North America,Office Supplies,Storage,Corporate,2,78.91,28.59,0.0,2024-07-01,0.36231149410721075
2023-01-01,North America,Office Supplies,Paper,Corporate,2,67.58,9.03,0.1,2023-01-01,0.13361941402781888
2024-09-07,Asia Pacific,Technology,Copiers,Consumer,3,1272.72,267.91,0.0,2024-09-01,0.21050191715381233
2023-01-13,Latin America,Furniture,Bookcases,Home Office,4,1459.71,-350.06,0.3,2023-01-01,-0.23981475772584965
2023-02-02,Middle East & Africa,Technology,Copiers,Corporate,6,1086.92,272.1,0.0,2023-02-01,0.2503404114378243
2024-05-10,Middle East & Africa,Furniture,Chairs,Consumer,4,677.89,103.3,0.0,2024-05-01,0.15238460517193056
2024-12-03,Latin America,Office Supplies,Paper,Corporate,6,331.37,145.14,0.0,2024-12-01,0.43799981893351836
2023-06-13,North America,Technology,Accessories,Consumer,1,234.33,2.33,0.15,2023-06-01,0.009943242435881022
2024-06-29,North America,Furniture,Bookcases,Consumer,4,825.82,-39.56,0.15,2024-06-01,-0.04790390157661476
2024-06-28,North America,Technology,Phones,Corporate,3,1567.68,219.64,0.1,2024-06-01,0.14010512349459073
2023-01-02,Europe,Furniture,Bookcases,Consumer,1,266.89,13.36,0.15,2023-01-01,0.05005807636104762
2023-05-27,Europe,Furniture,Bookcases,Corporate,2,818.97,159.1,0.0,2023-05-01,0.19426841032028033
2024-08-06,Asia Pacific,Furniture,Tables,Consumer,1,125.51,-53.62,0.4,2024-08-01,-0.42721695482431676
2023-04-17,Europe,Furniture,Furnishings,Consumer,2,645.29,156.28,0.0,2023-04-01,0.24218568395605078
2023-08-24,Asia Pacific,Office Supplies,Paper,Home Office,2,140.07,48.46,0.0,2023-08-01,0.3459698722067538
2023-03-31,North America,Technology,Accessories,Corporate,3,1157.37,-40.58,0.2,2023-03-01,-0.03506225321202382
2023-01-12,North America,Office Supplies,Paper,Corporate,1,32.64,9.35,0.0,2023-01-01,0.2864583333333333
2024-07-05,Europe,Office Supplies,Paper,Corporate,3,70.32,31.48,0.0,2024-07-01,0.4476678043230945
2023-01-18,Asia Pacific,Office Supplies,Paper,Consumer,3,152.0,21.53,0.15,2023-01-01,0.14164473684210527
2024-10-17,North America,Furniture,Tables,Consumer,2,393.35,19.81,0.1,2024-10-01,0.050362272785051475
2023-07-11,Latin America,Office Supplies,Art,Corporate,1,55.28,20.99,0.0,2023-07-01,0.37970332850940663
2024-07-02,Asia Pacific,Technology,Copiers,Consumer,2,1557.35,-301.14,0.2,2024-07-01,-0.19336693742575528
2023-09-11,Middle East & Africa,Technology,Phones,Home Office,1,238.37,61.4,0.0,2023-09-01,0.25758274950706883
2024-09-28,Europe,Technology,Phones,Corporate,5,2180.0,285.49,0.1,2024-09-01,0.13095871559633027
2024-11-07,Europe,Office Supplies,Storage,Corporate,1,50.11,11.65,0.1,2024-11-01,0.2324885252444622
2024-01-24,Latin America,Office Supplies,Paper,Consumer,5,255.65,65.17,0.0,2024-01-01,0.25491883434382945
2023-02-13,Asia Pacific,Office Supplies,Storage,Consumer,3,99.81,-11.51,0.3,2023-02-01,-0.11531910630197374
2023-03-26,Middle East & Africa,Technology,Machines,Consumer,4,1059.42,8.64,0.15,2023-03-01,0.00815540578807272
2024-02-28,North America,Office Supplies,Paper,Corporate,2,66.77,8.84,0.1,2024-02-01,0.13239478807847838
2024-09-24,Europe,Office Supplies,Binders,Consumer,2,69.48,21.32,0.0,2024-09-01,0.3068508923431203
2024-07-08,Asia Pacific,Furniture,Chairs,Consumer,2,467.87,-90.17,0.3,2024-07-01,-0.19272447474725884
2024-09-15,Latin America,Furniture,Furnishings,Home Office,1,270.93,-15.58,0.15,2024-09-01,-0.05750562876019636
2024-02-24,Europe,Technology,Phones,Home Office,3,884.75,261.32,0.0,2024-02-01,0.29536027126306863
2023-02-21,Middle East & Africa,Furniture,Chairs,Consumer,5,499.07,113.62,0.0,2023-02-01,0.22766345402448557
2024-08-09,North America,Office Supplies,Storage,Consumer,4,170.21,-80.68,0.5,2024-08-01,-0.47400270254391635
2023-01-14,Europe,Office Supplies,Paper,Consumer,3,69.9,-27.35,0.5,2023-01-01,-0.39127324749642345
2024-08-28,Middle East & Africa,Technology,Phones,Consumer,2,1086.14,67.94,0.1,2024-08-01,0.06255178890382454
2024-09-17,Asia Pacific,Technology,Machines,Corporate,1,424.73,-54.68,0.2,2024-09-01,-0.12874061168271608
2023-11-23,Europe,Furniture,Chairs,Corporate,6,2102.44,635.92,0.0,2023-11-01,0.3024676090637545
2023-04-07,North America,Furniture,Chairs,Corporate,3,541.76,-5.68,0.15,2023-04-01,-0.010484347312463083
2024-07-02,Asia Pacific,Technology,Machines,Home Office,2,442.05,109.54,0.0,2024-07-01,0.24780002262187537
2024-02-11,Asia Pacific,Office Supplies,Art,Consumer,1,32.6,10.37,0.0,2024-02-01,0.3180981595092024
2023-04-27,Latin America,Furniture,Tables,Consumer,2,263.75,-99.55,0.4,2023-04-01,-0.37744075829383883
2024-10-21,Europe,Office Supplies,Paper,Corporate,6,407.05,150.15,0.0,2024-10-01,0.3688736027515047
2024-03-14,Asia Pacific,Technology,Machines,Consumer,5,2864.86,-287.5,0.15,2024-03-01,-0.10035394399726338
2023-05-04,Asia Pacific,Technology,Phones,Consumer,2,1119.71,354.81,0.0,2023-05-01,0.3168766912861366
2024-08-24,Asia Pacific,Office Supplies,Storage,Consumer,4,162.04,72.94,0.0,2024-08-01,0.45013576894593926
2023-06-24,North America,Office Supplies,Paper,Consumer,1,54.01,9.87,0.15,2023-06-01,0.18274393630809108
2024-05-02,North America,Furniture,Tables,Corporate,3,977.12,240.51,0.0,2024-05-01,0.24614172261339445
2024-08-31,Middle East & Africa,Office Supplies,Art,Consumer,4,153.07,58.99,0.0,2024-08-01,0.38537923825700665
2023-07-02,Asia Pacific,Technology,Machines,Consumer,3,1869.41,440.02,0.0,2023-07-01,0.23537907682102907
2023-09-03,Middle East & Africa,Technology,Phones,Consumer,4,2215.44,-596.38,0.3,2023-09-01,-0.269192575741162
2023-10-12,North America,Office Supplies,Art,Consumer,3,94.58,27.54,0.0,2023-10-01,0.2911820680905054
2023-02-19,Europe,Technology,Machines,Consumer,3,547.5,-53.05,0.2,2023-02-01,-0.09689497716894976
2024-01-25,Middle East & Africa,Office Supplies,Storage,Corporate,3,114.86,25.18,0.1,2024-01-01,0.2192234024029253
2023-03-02,Asia Pacific,Technology,Copiers,Corporate,3,1650.37,316.83,0.0,2023-03-01,0.1919751328489975
2023-11-18,Asia Pacific,Technology,Copiers,Home Office,2,973.58,96.69,0.1,2023-11-01,0.09931387251176071
2023-02-12,Middle East & Africa,Technology,Machines,Corporate,2,177.5,-23.44,0.2,2023-02-01,-0.13205633802816902
2023-01-21,Asia Pacific,Technology,Copiers,Consumer,3,295.28,-15.09,0.2,2023-01-01,-0.0511040368463831
2024-09-14,Europe,Furniture,Furnishings,Corporate,4,836.26,28.12,0.15,2024-09-01,0.0336259058187645
2024-03-31,Latin America,Technology,Phones,Corporate,3,1102.29,244.5,0.0,2024-03-01,0.22181095718912447
2023-08-15,North America,Furniture,Chairs,Corporate,3,922.6,206.56,0.0,2023-08-01,0.22388900932148276
2024-12-23,North America,Technology,Machines,Corporate,1,505.53,14.66,0.15,2024-12-01,0.02899926809487073
2023-11-01,Europe,Technology,Machines,Consumer,5,1610.82,366.2,0.0,2023-11-01,0.22733762928198062
2024-11-08,Europe,Office Supplies,Storage,Corporate,2,184.41,27.11,0.15,2024-11-01,0.14700938126999621
2023-06-21,Europe,Furniture,Bookcases,Consumer,1,146.92,37.82,0.0,2023-06-01,0.25741900353934116
2023-07-06,Middle East & Africa,Furniture,Bookcases,Home Office,3,903.64,213.58,0.0,2023-07-01,0.23635518569341776
2024-07-02,Latin America,Furniture,Chairs,Consumer,2,813.15,211.83,0.0,2024-07-01,0.26050544180040586
2023-06-06,Latin America,Technology,Accessories,Corporate,2,930.18,222.31,0.0,2023-06-01,0.2389967533165624
2024-07-13,Europe,Office Supplies,Paper,Corporate,4,255.12,19.72,0.2,2024-07-01,0.07729695829413609
2023-01-09,Middle East & Africa,Technology,Machines,Consumer,1,165.37,9.73,0.15,2023-01-01,0.05883775775533652
2024-12-14,Latin America,Office Supplies,Paper,Consumer,6,666.39,237.91,0.0,2024-12-01,0.35701316046159154
2023-10-30,Middle East & Africa,Office Supplies,Storage,Consumer,2,86.36,27.1,0.0,2023-10-01,0.3138026864289023
2024-07-11,Europe,Furniture,Tables,Consumer,2,344.37,87.45,0.0,2024-07-01,0.25394198100879867
2023-03-09,Latin America,Technology,Accessories,Home Office,2,448.31,-0.58,0.15,2023-03-01,-0.0012937476299881778
2024-03-20,Asia Pacific,Furniture,Bookcases,Consumer,2,484.04,-57.02,0.2,2024-03-01,-0.11780018180315677
2024-09-01,North America,Office Supplies,Binders,Consumer,2,67.63,4.13,0.2,2024-09-01,0.06106757356202869
2024-06-18,Europe,Furniture,Tables,Consumer,4,986.95,-8.01,0.15,2024-06-01,-0.008115912660215815
2024-11-20,Asia Pacific,Furniture,Chairs,Corporate,4,1971.24,-29.1,0.15,2024-11-01,-0.014762281609545262
2024-12-05,Europe,Office Supplies,Binders,Consumer,4,143.8,42.27,0.0,2024-12-01,0.2939499304589708
2023-10-03,Latin America,Technology,Copiers,Home Office,1,241.61,-4.28,0.15,2023-10-01,-0.01771449857207897
2024-12-08,Latin America,Office Supplies,Art,Home Office,3,110.05,45.43,0.0,2024-12-01,0.4128123580190822
2024-04-30,North America,Office Supplies,Binders,Corporate,3,160.24,21.08,0.15,2024-04-01,0.13155267099350973
2023-10-20,North America,Technology,Accessories,Home Office,7,2171.35,-71.23,0.2,2023-10-01,-0.03280447647776729
2024-04-09,Middle East & Africa,Technology,Copiers,Consumer,1,322.01,68.21,0.0,2024-04-01,0.211825719698146
2024-04-23,Latin America,Furniture,Tables,Corporate,4,1158.18,431.47,0.0,2024-04-01,0.37254140116389506
2023-01-13,Asia Pacific,Furniture,Furnishings,Corporate,1,216.11,28.05,0.15,2023-01-01,0.12979501179954653
2024-11-10,Latin America,Furniture,Chairs,Home Office,1,468.26,-12.21,0.15,2024-11-01,-0.02607525733566822
2024-10-23,North America,Technology,Phones,Home Office,2,941.96,-492.68,0.5,2024-10-01,-0.5230370716378615
2024-12-27,Europe,Office Supplies,Binders,Consumer,3,76.16,14.34,0.15,2024-12-01,0.18828781512605042
2024-08-24,Europe,Technology,Accessories,Consumer,2,846.12,31.41,0.15,2024-08-01,0.037122393986668556
2024-06-15,Europe,Technology,Machines,Corporate,3,596.45,-2.29,0.15,2024-06-01,-0.003839383016179059
2024-02-17,Europe,Technology,Copiers,Home Office,3,877.61,201.84,0.0,2024-02-01,0.2299882635794943
2024-04-19,Latin America,Furniture,Tables,Consumer,3,504.1,119.29,0.0,2024-04-01,0.2366395556437215
2024-11-24,Latin America,Office Supplies,Storage,Corporate,2,153.65,18.16,0.1,2024-11-01,0.11819069313374553
2024-02-15,North America,Office Supplies,Art,Corporate,1,38.99,-17.72,0.5,2024-02-01,-0.45447550654013846
2024-06-17,North America,Furniture,Bookcases,Consumer,4,1252.69,258.99,0.0,2024-06-01,0.2067470802832305
2024-11-17,North America,Office Supplies,Art,Consumer,1,69.71,27.76,0.0,2024-11-01,0.3982212021230814
2023-03-20,Latin America,Furniture,Tables,Consumer,3,840.75,189.41,0.0,2023-03-01,0.22528694617900683
2024-01-07,Europe,Furniture,Chairs,Consumer,4,1187.94,358.92,0.0,2024-01-01,0.3021364715389666
2024-04-15,Middle East & Africa,Furniture,Tables,Consumer,1,222.79,62.06,0.0,2024-04-01,0.2785582835854392
2023-04-23,North America,Office Supplies,Storage,Consumer,3,116.89,32.99,0.1,2023-04-01,0.28223115749850286
2024-09-23,North America,Office Supplies,Art,Corporate,2,97.76,16.99,0.15,2024-09-01,0.17379296235679212
2023-02-10,Europe,Office Supplies,Binders,Corporate,5,187.22,60.06,0.0,2023-02-01,0.3207990599294947
2024-10-07,Latin America,Office Supplies,Paper,Consumer,2,96.62,13.63,0.2,2024-10-01,0.14106810184226867
2023-06-29,Asia Pacific,Office Supplies,Art,Consumer,4,189.52,76.94,0.0,2023-06-01,0.40597298438159557
2024-04-02,Asia Pacific,Technology,Copiers,Corporate,1,382.14,122.38,0.0,2024-04-01,0.32024912335793165
2024-09-16,Middle East & Africa,Office Supplies,Art,Home Office,3,129.14,52.3,0.0,2024-09-01,0.40498683599194674
2024-03-25,North America,Furniture,Tables,Home Office,2,315.55,37.26,0.1,2024-03-01,0.11807954365393755
2024-05-31,Europe,Office Supplies,Paper,Consumer,4,169.12,-51.73,0.4,2024-05-01,-0.3058774834437086
2024-08-15,Europe,Furniture,Chairs,Home Office,1,135.7,10.55,0.1,2024-08-01,0.07774502579218866
2024-01-21,Europe,Office Supplies,Binders,Corporate,4,165.52,27.7,0.1,2024-01-01,0.16735137747704204
2024-11-19,Europe,Office Supplies,Paper,Consumer,2,73.85,27.99,0.0,2024-11-01,0.37901150981719706
2024-10-05,Middle East & Africa,Furniture,Tables,Consumer,1,279.09,-130.07,0.4,2024-10-01,-0.46605037801426064
2023-04-28,Asia Pacific,Office Supplies,Paper,Corporate,2,74.43,14.67,0.15,2023-04-01,0.19709794437726721
2023-06-29,North America,Technology,Accessories,Corporate,3,915.23,42.39,0.15,2023-06-01,0.046316226522294945
2023-10-09,Latin America,Office Supplies,Paper,Consumer,2,112.76,30.57,0.0,2023-10-01,0.27110677545228806
2023-05-21,North America,Furniture,Chairs,Consumer,2,626.81,-156.54,0.3,2023-05-01,-0.24974075078572455
2024-03-09,North America,Furniture,Bookcases,Home Office,3,984.26,162.54,0.0,2024-03-01,0.1651392924633735
2024-07-08,North America,Technology,Accessories,Consumer,4,1607.35,113.15,0.1,2024-07-01,0.07039537126325941
2024-08-02,Middle East & Africa,Office Supplies,Paper,Home Office,1,41.25,2.09,0.15,2024-08-01,0.050666666666666665
2024-06-16,Latin America,Technology,Machines,Corporate,4,1359.21,418.09,0.0,2024-06-01,0.3075977957784301
2023-02-12,Asia Pacific,Technology,Accessories,Corporate,1,394.75,96.07,0.0,2023-02-01,0.24336922102596578
2024-07-16,Asia Pacific,Technology,Accessories,Consumer,3,738.07,152.6,0.0,2024-07-01,0.20675545679949053
2023-07-10,Europe,Office Supplies,Art,Consumer,1,47.12,20.65,0.0,2023-07-01,0.4382427843803056
2024-01-31,Asia Pacific,Technology,Phones,Home Office,3,1456.49,397.28,0.0,2024-01-01,0.2727653468269607
2024-02-05,North America,Furniture,Bookcases,Home Office,4,878.99,30.61,0.1,2024-02-01,0.034824059431847916
2023-08-27,Latin America,Furniture,Chairs,Corporate,1,359.55,33.31,0.15,2023-08-01,0.09264358225559728
2024-06-06,Asia Pacific,Office Supplies,Paper,Corporate,6,264.63,30.9,0.15,2024-06-01,0.11676680648452556
2023-02-02,North America,Technology,Accessories,Consumer,3,741.67,209.21,0.0,2023-02-01,0.2820796311027816
2023-12-08,North America,Office Supplies,Art,Consumer,4,272.06,66.93,0.1,2023-12-01,0.24601190913769025
2023-12-11,North America,Office Supplies,Paper,Consumer,4,185.24,34.59,0.1,2023-12-01,0.18673072770459945
2024-11-12,Latin America,Technology,Machines,Corporate,2,757.5,-121.07,0.3,2024-11-01,-0.15982838283828382
2024-12-21,Asia Pacific,Office Supplies,Art,Corporate,1,48.42,23.0,0.0,2024-12-01,0.4750103263114415
2024-04-05,North America,Technology,Machines,Home Office,3,1636.35,484.65,0.0,2024-04-01,0.2961774681455679
2024-05-26,Europe,Office Supplies,Binders,Consumer,3,105.21,22.62,0.1,2024-05-01,0.21499857428001143
2024-11-18,Middle East & Africa,Technology,Accessories,Home Office,4,3786.47,926.29,0.0,2024-11-01,0.2446315433636078
2024-01-25,North America,Office Supplies,Paper,Consumer,4,199.26,65.78,0.0,2024-01-01,0.3301214493626418
2023-03-11,Latin America,Furniture,Furnishings,Home Office,3,1097.32,259.43,0.0,2023-03-01,0.23642146320125398
2023-09-25,Asia Pacific,Technology,Machines,Corporate,5,2204.37,-916.54,0.4,2023-09-01,-0.4157831942913395
2024-04-07,Asia Pacific,Office Supplies,Art,Consumer,2,49.94,5.95,0.15,2024-04-01,0.11914297156587907
2023-01-24,Europe,Office Supplies,Art,Corporate,4,184.44,87.14,0.0,2023-01-01,0.4724571676425938
2023-10-22,Latin America,Office Supplies,Storage,Corporate,2,75.62,26.24,0.0,2023-10-01,0.34699814863792644
2023-01-19,Europe,Office Supplies,Art,Consumer,1,43.56,19.56,0.0,2023-01-01,0.44903581267217624
2024-05-19,Europe,Office Supplies,Paper,Corporate,1,23.81,-2.69,0.3,2024-05-01,-0.1129777404451911
2023-06-05,Europe,Office Supplies,Art,Corporate,4,282.78,71.93,0.1,2023-06-01,0.25436735271235594
2024-05-03,Asia Pacific,Furniture,Tables,Consumer,3,1256.74,419.62,0.0,2024-05-01,0.33389563473749545
2023-11-08,Europe,Office Supplies,Storage,Home Office,4,356.3,142.72,0.0,2023-11-01,0.4005613247263542
2024-10-01,Europe,Technology,Phones,Consumer,3,932.91,140.75,0.1,2024-10-01,0.1508720026583486
2023-01-24,Europe,Office Supplies,Storage,Consumer,5,257.04,55.72,0.1,2023-01-01,0.21677559912854028
2024-07-15,Middle East & Africa,Furniture,Bookcases,Consumer,3,630.13,39.19,0.1,2024-07-01,0.06219351562376017
2024-07-25,Europe,Furniture,Bookcases,Home Office,1,255.45,-96.49,0.4,2024-07-01,-0.377725582305735
2024-09-09,Europe,Furniture,Chairs,Corporate,3,1004.26,-622.95,0.5,2024-09-01,-0.6203074900922072
2024-02-11,North America,Technology,Machines,Consumer,2,606.2,210.15,0.0,2024-02-01,0.3466677664137248
2023-11-19,Latin America,Furniture,Bookcases,Home Office,3,461.12,1.58,0.15,2023-11-01,0.003426439972241499
2023-07-01,Asia Pacific,Furniture,Tables,Consumer,5,1558.46,128.98,0.1,2023-07-01,0.08276118732594996
2023-02-10,Europe,Office Supplies,Paper,Consumer,4,73.69,26.39,0.0,2023-02-01,0.35812186185371153
2024-03-12,North America,Office Supplies,Binders,Consumer,4,207.98,-69.68,0.4,2024-03-01,-0.33503221463602273
2023-02-01,Latin America,Technology,Phones,Consumer,1,498.13,88.93,0.0,2023-02-01,0.17852769357396664
2023-02-10,Middle East & Africa,Office Supplies,Binders,Corporate,3,27.74,2.03,0.2,2023-02-01,0.07317952415284787
2023-09-26,North America,Office Supplies,Storage,Corporate,1,39.79,16.78,0.0,2023-09-01,0.42171399849208346
2024-06-11,North America,Technology,Accessories,Consumer,2,631.57,123.49,0.0,2024-06-01,0.19552860332188038
2024-09-14,Latin America,Furniture,Chairs,Consumer,1,100.87,22.82,0.0,2024-09-01,0.22623178348369188
2024-07-27,Latin America,Technology,Copiers,Consumer,2,670.04,183.05,0.0,2024-07-01,0.2731926452152111
2024-09-23,Asia Pacific,Office Supplies,Binders,Consumer,1,21.43,9.1,0.0,2024-09-01,0.4246383574428371
2023-03-22,Europe,Technology,Machines,Home Office,4,2239.2,633.13,0.0,2023-03-01,0.2827483029653448
2023-05-25,North America,Technology,Accessories,Consumer,3,1701.88,524.74,0.0,2023-05-01,0.30832961195854
2024-01-05,Asia Pacific,Office Supplies,Paper,Consumer,2,46.11,13.19,0.1,2024-01-01,0.2860550856647148
2023-03-31,North America,Office Supplies,Binders,Consumer,5,307.67,116.74,0.0,2023-03-01,0.3794325088568921
2023-11-02,Europe,Technology,Accessories,Corporate,1,482.22,-179.73,0.4,2023-11-01,-0.3727136991414707
2024-07-02,Europe,Office Supplies,Storage,Corporate,3,188.43,49.58,0.1,2024-07-01,0.26312158361195137
2024-12-03,Asia Pacific,Furniture,Chairs,Corporate,3,765.57,-301.68,0.4,2024-12-01,-0.3940593283435871
2024-08-27,Middle East & Africa,Office Supplies,Binders,Corporate,4,227.39,83.41,0.0,2024-08-01,0.3668147236026211
2024-01-28,Europe,Technology,Accessories,Consumer,2,784.47,158.8,0.0,2024-01-01,0.2024296658890716
2023-07-31,Europe,Technology,Machines,Home Office,1,579.86,150.81,0.0,2023-07-01,0.26008001931500707
2024-09-21,Asia Pacific,Office Supplies,Art,Consumer,4,121.5,44.25,0.0,2024-09-01,0.36419753086419754
2023-12-11,Europe,Office Supplies,Storage,Home Office,4,257.13,-3.03,0.2,2023-12-01,-0.011783922529459806
2023-01-30,Latin America,Office Supplies,Art,Corporate,1,45.75,4.71,0.15,2023-01-01,0.10295081967213114
2024-11-03,North America,Technology,Accessories,Consumer,4,3004.95,127.99,0.15,2024-11-01,0.04259305479292501
2024-06-07,North America,Technology,Phones,Corporate,3,781.89,162.1,0.0,2024-06-01,0.20731816495926536
2024-05-23,Middle East & Africa,Technology,Phones,Consumer,1,137.11,3.75,0.15,2024-05-01,0.027350302676682953
2024-12-22,Asia Pacific,Furniture,Furnishings,Consumer,1,604.4,138.88,0.0,2024-12-01,0.2297816015883521
2023-01-19,Europe,Office Supplies,Binders,Corporate,2,141.75,60.55,0.0,2023-01-01,0.4271604938271605
2024-02-03,Asia Pacific,Technology,Accessories,Corporate,1,349.68,101.16,0.0,2024-02-01,0.289293067947838
2024-08-24,Europe,Furniture,Furnishings,Home Office,1,235.15,-10.76,0.15,2024-08-01,-0.04575802679140974
2023-12-10,Europe,Technology,Phones,Home Office,2,1970.24,287.05,0.0,2023-12-01,0.14569291050836447
2023-10-23,North America,Furniture,Bookcases,Consumer,4,835.25,-404.39,0.4,2023-10-01,-0.48415444477701286
2023-01-15,Europe,Office Supplies,Storage,Consumer,3,119.17,17.77,0.15,2023-01-01,0.14911471007803978
2024-04-27,Europe,Office Supplies,Storage,Consumer,3,141.5,61.78,0.0,2024-04-01,0.4366077738515901
2023-11-09,Asia Pacific,Office Supplies,Art,Corporate,1,49.66,13.23,0.0,2023-11-01,0.2664115988723319
2024-11-11,North America,Office Supplies,Art,Corporate,4,236.37,105.0,0.0,2024-11-01,0.44421880949359055
2023-08-11,North America,Furniture,Tables,Consumer,1,266.6,10.39,0.1,2023-08-01,0.03897224306076519
2024-04-30,Latin America,Office Supplies,Paper,Corporate,4,159.81,-14.46,0.3,2024-04-01,-0.09048244790688943
2024-08-13,North America,Office Supplies,Paper,Corporate,5,78.53,25.09,0.0,2024-08-01,0.31949573411435117
2024-11-19,Europe,Technology,Copiers,Corporate,1,238.22,63.64,0.0,2024-11-01,0.26714801444043323
2024-03-02,Asia Pacific,Office Supplies,Paper,Consumer,4,178.66,65.85,0.0,2024-03-01,0.3685771857158849
2024-06-04,Europe,Office Supplies,Storage,Corporate,2,36.83,4.67,0.2,2024-06-01,0.1267988053217486
2024-06-12,North America,Furniture,Bookcases,Consumer,4,1089.07,250.75,0.0,2024-06-01,0.23024231683913798
2023-06-20,North America,Office Supplies,Art,Consumer,2,15.14,6.55,0.0,2023-06-01,0.43262879788639363
2024-02-11,North America,Office Supplies,Paper,Home Office,5,183.7,29.65,0.15,2024-02-01,0.16140446379967338
2023-11-27,Asia Pacific,Technology,Accessories,Consumer,1,409.72,-23.84,0.15,2023-11-01,-0.058186078297373815
2024-08-29,Asia Pacific,Office Supplies,Binders,Home Office,5,133.34,32.39,0.15,2024-08-01,0.24291285435728213
2024-06-05,Asia Pacific,Office Supplies,Storage,Consumer,3,114.24,15.36,0.15,2024-06-01,0.13445378151260504
2024-10-31,North America,Technology,Copiers,Corporate,1,257.35,-85.04,0.4,2024-10-01,-0.3304449193705071
2024-05-25,Europe,Furniture,Tables,Consumer,1,202.34,14.12,0.1,2024-05-01,0.06978353266778689
2023-02-23,Asia Pacific,Furniture,Furnishings,Corporate,4,699.74,172.44,0.0,2023-02-01,0.2464343899162546
2023-05-19,Latin America,Office Supplies,Binders,Consumer,5,278.01,22.18,0.2,2023-05-01,0.07978130283083343
2023-04-29,Latin America,Office Supplies,Art,Consumer,4,106.95,47.14,0.0,2023-04-01,0.4407667134174848
2023-08-30,Europe,Office Supplies,Binders,Consumer,1,35.52,17.16,0.0,2023-08-01,0.48310810810810806
2023-12-16,Latin America,Furniture,Bookcases,Corporate,4,2127.23,-353.05,0.2,2023-12-01,-0.16596700873906442
2023-07-09,North America,Furniture,Chairs,Consumer,2,663.19,80.24,0.1,2023-07-01,0.1209909678975859
2024-09-06,North America,Office Supplies,Binders,Consumer,1,48.27,10.79,0.1,2024-09-01,0.2235342863061943
2024-05-05,North America,Office Supplies,Storage,Consumer,3,119.8,38.85,0.0,2024-05-01,0.32429048414023376
2023-10-26,Latin America,Technology,Machines,Consumer,3,1095.6,4.47,0.15,2023-10-01,0.0040799561883899235
2023-04-26,Latin America,Office Supplies,Storage,Home Office,3,104.34,7.04,0.2,2023-04-01,0.06747172704619513
2024-08-31,Europe,Technology,Phones,Consumer,3,1153.35,-469.8,0.4,2024-08-01,-0.40733515411627
2024-06-03,North America,Office Supplies,Paper,Consumer,2,49.09,18.39,0.0,2024-06-01,0.3746180484823793
2024-08-13,Asia Pacific,Technology,Accessories,Corporate,1,438.35,46.57,0.1,2024-08-01,0.10623930649024751
2024-12-11,Middle East & Africa,Furniture,Chairs,Consumer,3,1022.61,24.53,0.1,2024-12-01,0.023987639471548295
2024-11-03,Asia Pacific,Furniture,Furnishings,Consumer,3,487.82,-72.15,0.2,2024-11-01,-0.1479029150096347
2023-08-02,Europe,Office Supplies,Storage,Consumer,2,47.39,20.75,0.0,2023-08-01,0.4378560877822325
2024-01-28,Asia Pacific,Office Supplies,Paper,Corporate,1,49.33,18.57,0.0,2024-01-01,0.3764443543482668
2024-08-15,Asia Pacific,Technology,Phones,Consumer,1,399.59,13.42,0.1,2024-08-01,0.033584424034635504
2024-10-24,Asia Pacific,Furniture,Bookcases,Corporate,5,791.72,121.97,0.0,2024-10-01,0.15405698984489466
2024-07-24,Latin America,Office Supplies,Binders,Consumer,1,44.09,19.35,0.0,2024-07-01,0.43887502835110004
2024-12-19,Asia Pacific,Office Supplies,Paper,Corporate,3,58.01,26.63,0.0,2024-12-01,0.4590587829684537
2024-07-22,Middle East & Africa,Furniture,Furnishings,Consumer,1,251.27,61.27,0.0,2024-07-01,0.2438412862657699
2023-07-27,Europe,Technology,Machines,Corporate,3,1663.44,455.9,0.0,2023-07-01,0.2740706006829221
2023-10-06,Latin America,Furniture,Furnishings,Corporate,3,1314.72,9.77,0.15,2023-10-01,0.007431240111963003
2024-03-22,Asia Pacific,Technology,Machines,Consumer,3,1122.77,267.59,0.0,2024-03-01,0.23833020119882076
2024-08-31,North America,Office Supplies,Binders,Home Office,1,30.64,10.08,0.0,2024-08-01,0.3289817232375979
2024-02-24,Asia Pacific,Office Supplies,Paper,Corporate,4,189.63,38.2,0.15,2024-02-01,0.2014449190528925
2023-03-22,North America,Furniture,Furnishings,Corporate,5,813.01,175.41,0.0,2023-03-01,0.21575380376625133
2024-03-07,Europe,Furniture,Chairs,Corporate,5,755.43,-269.23,0.4,2024-03-01,-0.3563930476682155
2023-03-30,North America,Office Supplies,Binders,Corporate,3,86.0,-23.97,0.4,2023-03-01,-0.2787209302325581
2023-09-22,Asia Pacific,Furniture,Furnishings,Corporate,1,248.87,13.46,0.15,2023-09-01,0.05408446176718769
2023-10-14,Asia Pacific,Office Supplies,Paper,Home Office,3,87.25,15.03,0.15,2023-10-01,0.17226361031518625
2023-03-27,North America,Office Supplies,Binders,Consumer,3,146.69,-20.37,0.3,2023-03-01,-0.13886427159315565
2023-04-25,Middle East & Africa,Technology,Copiers,Corporate,1,244.3,2.03,0.2,2023-04-01,0.008309455587392548
2024-10-12,Asia Pacific,Office Supplies,Paper,Consumer,2,104.41,43.78,0.0,2024-10-01,0.4193084953548511
2024-10-11,Latin America,Furniture,Chairs,Consumer,5,725.18,179.47,0.0,2024-10-01,0.24748338343583665
2023-08-10,North America,Office Supplies,Storage,Consumer,3,106.19,39.17,0.0,2023-08-01,0.368867124964686
2023-11-13,Asia Pacific,Technology,Machines,Consumer,1,853.67,42.51,0.15,2023-11-01,0.049796759872081715
2023-03-24,Europe,Office Supplies,Binders,Corporate,5,185.55,-41.71,0.4,2023-03-01,-0.22479116141201833
2023-12-27,North America,Office Supplies,Binders,Consumer,2,102.24,41.47,0.0,2023-12-01,0.40561424100156496
2023-01-04,North America,Furniture,Bookcases,Corporate,3,980.81,-147.41,0.2,2023-01-01,-0.15029414463555632
2023-02-08,Asia Pacific,Technology,Accessories,Consumer,2,587.13,-221.51,0.4,2023-02-01,-0.3772759014187658
2023-09-04,North America,Office Supplies,Paper,Home Office,2,102.97,35.79,0.0,2023-09-01,0.3475769641643197
2024-07-20,North America,Technology,Copiers,Consumer,1,507.22,96.81,0.0,2024-07-01,0.19086392492409604
2023-01-15,Europe,Technology,Copiers,Consumer,2,321.34,96.9,0.0,2023-01-01,0.3015497603784154
2024-07-14,North America,Office Supplies,Binders,Consumer,7,444.33,175.32,0.0,2024-07-01,0.3945716021875633
2024-02-16,North America,Furniture,Tables,Consumer,1,299.8,44.71,0.0,2024-02-01,0.1491327551701134
2023-03-20,Europe,Technology,Machines,Consumer,4,1505.11,81.31,0.1,2023-03-01,0.054022629575247
2023-04-28,Latin America,Office Supplies,Paper,Corporate,3,111.37,48.48,0.0,2023-04-01,0.43530573763131897
2024-07-10,Middle East & Africa,Office Supplies,Storage,Consumer,1,51.39,5.82,0.15,2024-07-01,0.11325160537069469
2023-05-29,Middle East & Africa,Furniture,Tables,Corporate,4,228.83,8.19,0.1,2023-05-01,0.035790761700825936
2024-07-05,Middle East & Africa,Technology,Copiers,Consumer,1,416.93,40.5,0.1,2024-07-01,0.09713860839949152
2023-10-16,North America,Furniture,Chairs,Consumer,2,455.55,51.08,0.0,2023-10-01,0.11212819668532542
2024-11-17,Asia Pacific,Technology,Machines,Consumer,4,1815.43,72.91,0.15,2024-11-01,0.04016128410349063
2024-07-04,North America,Furniture,Furnishings,Consumer,3,872.32,161.84,0.0,2024-07-01,0.18552824651504035
2024-01-12,Europe,Technology,Phones,Consumer,3,1095.86,200.16,0.1,2024-01-01,0.18265106856715274
2023-03-02,Europe,Office Supplies,Storage,Corporate,2,52.96,21.22,0.0,2023-03-01,0.40067975830815705
2023-04-04,Asia Pacific,Furniture,Bookcases,Consumer,2,601.82,74.21,0.0,2023-04-01,0.12330929513808113
2023-02-07,Latin America,Technology,Copiers,Consumer,2,988.77,286.05,0.0,2023-02-01,0.28929882581389
2023-01-31,Latin America,Furniture,Furnishings,Consumer,4,450.24,-215.96,0.4,2023-01-01,-0.47965529495380244
2023-04-03,Latin America,Furniture,Chairs,Corporate,3,616.45,40.48,0.1,2023-04-01,0.06566631519182414
2024-11-27,Latin America,Technology,Phones,Corporate,5,3716.89,-190.75,0.15,2024-11-01,-0.05131978616531563
2023-11-27,Middle East & Africa,Office Supplies,Art,Consumer,5,222.4,-106.39,0.5,2023-11-01,-0.47837230215827337
2023-08-10,North America,Office Supplies,Art,Home Office,1,21.76,-3.79,0.4,2023-08-01,-0.17417279411764705
2024-10-31,Latin America,Office Supplies,Art,Consumer,3,155.89,69.22,0.0,2024-10-01,0.44403104753351724
2023-06-13,Asia Pacific,Furniture,Tables,Consumer,1,338.28,-5.52,0.15,2023-06-01,-0.016317843206810925
2023-11-27,Asia Pacific,Technology,Accessories,Corporate,2,686.5,74.08,0.1,2023-11-01,0.10790968681718864
2023-11-28,North America,Technology,Copiers,Corporate,2,1014.89,280.62,0.0,2023-11-01,0.2765028722324587
2024-12-09,North America,Technology,Phones,Consumer,4,1172.14,82.39,0.1,2024-12-01,0.07029023836743051
2023-04-30,Latin America,Furniture,Chairs,Home Office,4,879.83,-36.19,0.15,2023-04-01,-0.04113294613732198
2023-05-01,Europe,Office Supplies,Storage,Home Office,5,206.95,32.45,0.15,2023-05-01,0.15680115970041075
2024-12-26,North America,Office Supplies,Binders,Corporate,3,97.79,10.42,0.15,2024-12-01,0.10655486246037427
2024-05-07,Asia Pacific,Office Supplies,Binders,Consumer,2,91.61,18.38,0.1,2024-05-01,0.20063311865516864
2023-02-28,Middle East & Africa,Technology,Copiers,Consumer,3,1035.45,-408.89,0.4,2023-02-01,-0.3948911101453474
2023-08-13,Asia Pacific,Office Supplies,Binders,Home Office,1,46.33,-14.22,0.4,2023-08-01,-0.3069285560112239
2024-04-02,Asia Pacific,Technology,Machines,Consumer,3,1560.8,411.73,0.0,2024-04-01,0.2637942080984111
2023-02-28,Asia Pacific,Office Supplies,Paper,Consumer,4,111.6,49.72,0.0,2023-02-01,0.44551971326164874
2023-12-11,Latin America,Office Supplies,Binders,Corporate,2,107.78,24.84,0.1,2023-12-01,0.23046947485618852
2023-05-25,North America,Office Supplies,Storage,Home Office,3,122.18,-13.34,0.3,2023-05-01,-0.10918317236863644
2024-02-27,Asia Pacific,Furniture,Furnishings,Consumer,3,952.36,-417.85,0.4,2024-02-01,-0.43875215254735606
2023-03-09,Asia Pacific,Office Supplies,Paper,Consumer,2,107.61,32.64,0.0,2023-03-01,0.3033175355450237
2023-04-06,Asia Pacific,Office Supplies,Storage,Corporate,5,225.03,89.13,0.0,2023-04-01,0.39608052259698706
2024-09-25,Asia Pacific,Office Supplies,Art,Consumer,4,132.46,35.68,0.0,2024-09-01,0.26936433640344254
2024-10-06,North America,Office Supplies,Storage,Consumer,3,154.07,65.24,0.0,2024-10-01,0.4234438891412994
2024-11-21,North America,Technology,Copiers,Consumer,3,1703.57,-230.08,0.2,2024-11-01,-0.1350575556038202
2023-08-29,North America,Technology,Accessories,Consumer,2,771.42,118.39,0.1,2023-08-01,0.15347022374322677
2023-05-27,Asia Pacific,Office Supplies,Storage,Consumer,2,147.14,13.78,0.15,2023-05-01,0.09365230392823162
2024-03-19,North America,Office Supplies,Storage,Home Office,4,176.64,35.36,0.15,2024-03-01,0.20018115942028986
2024-05-30,Asia Pacific,Office Supplies,Paper,Home Office,2,74.4,-15.51,0.4,2024-05-01,-0.20846774193548384
2024-09-05,Asia Pacific,Office Supplies,Binders,Consumer,5,365.31,125.95,0.0,2024-09-01,0.344775669978922
2023-11-10,Latin America,Office Supplies,Art,Consumer,3,99.45,18.83,0.1,2023-11-01,0.18934137757667166
2023-06-24,Middle East & Africa,Technology,Machines,Consumer,2,1016.01,-226.77,0.3,2023-06-01,-0.22319662208049135
2023-10-05,Europe,Office Supplies,Paper,Home Office,4,142.83,4.36,0.2,2023-10-01,0.030525799901981374
2024-08-16,North America,Technology,Machines,Corporate,3,1342.41,-153.99,0.2,2024-08-01,-0.11471160077770577
2024-11-11,Europe,Furniture,Tables,Consumer,3,1079.14,-179.07,0.2,2024-11-01,-0.16593769112441387
2023-08-30,Europe,Furniture,Chairs,Corporate,1,320.83,0.0,0.15,2023-08-01,0.0
2024-08-02,Latin America,Technology,Accessories,Corporate,3,983.64,-186.52,0.3,2024-08-01,-0.1896222195112033
2023-05-13,Europe,Office Supplies,Storage,Corporate,3,180.23,87.99,0.0,2023-05-01,0.48820951007046554
2024-04-30,Asia Pacific,Furniture,Tables,Corporate,3,482.26,11.47,0.1,2024-04-01,0.02378385103471157
2023-10-07,Europe,Office Supplies,Paper,Consumer,3,100.92,18.88,0.15,2023-10-01,0.18707887435592546
2024-11-18,North America,Office Supplies,Storage,Consumer,1,46.81,12.99,0.1,2024-11-01,0.27750480666524246
2024-11-17,North America,Office Supplies,Binders,Corporate,3,152.94,57.43,0.0,2024-11-01,0.37550673466718976
2024-09-09,Asia Pacific,Technology,Accessories,Consumer,1,134.01,-54.97,0.4,2024-09-01,-0.410193269159018
2023-10-28,Europe,Technology,Accessories,Consumer,2,245.22,29.17,0.15,2023-10-01,0.11895440828643668
2023-08-05,Asia Pacific,Office Supplies,Storage,Consumer,1,26.15,9.86,0.0,2023-08-01,0.37705544933078394
2024-02-17,Europe,Technology,Machines,Corporate,1,243.78,-51.54,0.3,2024-02-01,-0.21142013290671915
2024-12-05,North America,Technology,Copiers,Home Office,4,2039.34,481.76,0.0,2024-12-01,0.2362332911628272
2023-11-22,Europe,Furniture,Furnishings,Consumer,1,455.94,138.56,0.0,2023-11-01,0.30389963591700664
2024-05-30,North America,Office Supplies,Binders,Corporate,2,88.71,9.68,0.2,2024-05-01,0.10911960320144291
2023-08-03,Asia Pacific,Office Supplies,Paper,Corporate,3,137.92,49.09,0.0,2023-08-01,0.3559309744779583
2023-02-14,North America,Technology,Copiers,Consumer,1,251.5,91.35,0.0,2023-02-01,0.363220675944334
2024-03-02,Latin America,Furniture,Tables,Consumer,1,5.0,0.83,0.0,2024-03-01,0.16599999999999998
2024-06-14,North America,Office Supplies,Storage,Consumer,1,62.95,16.97,0.1,2024-06-01,0.26957903097696584
2023-05-21,Asia Pacific,Office Supplies,Art,Home Office,2,86.14,17.62,0.15,2023-05-01,0.20455073136754123
2024-11-02,Asia Pacific,Technology,Copiers,Home Office,1,518.27,138.8,0.0,2024-11-01,0.2678140737453451
2023-12-08,Asia Pacific,Technology,Phones,Consumer,2,431.95,-242.94,0.5,2023-12-01,-0.5624262067368908
2024-10-31,Asia Pacific,Technology,Machines,Home Office,3,2527.15,818.33,0.0,2024-10-01,0.3238153651346378
2023-04-06,Middle East & Africa,Technology,Phones,Home Office,3,1033.17,276.06,0.0,2023-04-01,0.2671970730857458
2023-08-23,Asia Pacific,Furniture,Furnishings,Corporate,2,375.86,-227.21,0.5,2023-08-01,-0.6045069972862236
2024-09-23,Europe,Technology,Phones,Consumer,4,1141.22,119.66,0.1,2024-09-01,0.10485270149489143
2023-07-30,Latin America,Office Supplies,Art,Consumer,2,58.98,22.81,0.0,2023-07-01,0.38674126822651744
2023-04-19,North America,Furniture,Chairs,Consumer,3,776.71,-2.96,0.15,2023-04-01,-0.003810946170385343
2024-12-02,Middle East & Africa,Office Supplies,Paper,Home Office,1,79.39,30.48,0.0,2024-12-01,0.38392744678171054
2024-06-03,Europe,Office Supplies,Art,Consumer,3,40.68,-16.04,0.5,2024-06-01,-0.3942969518190757
2023-10-21,Asia Pacific,Office Supplies,Paper,Home Office,2,10.0,4.05,0.0,2023-10-01,0.40499999999999997
2024-08-11,Europe,Office Supplies,Art,Consumer,1,30.05,-2.47,0.3,2024-08-01,-0.0821963394342762
2023-05-29,Asia Pacific,Office Supplies,Paper,Consumer,3,99.91,12.71,0.2,2023-05-01,0.12721449304373939
2023-09-11,Asia Pacific,Technology,Copiers,Home Office,1,235.44,-8.52,0.15,2023-09-01,-0.03618756371049949
2024-12-05,Asia Pacific,Technology,Phones,Consumer,1,527.04,119.94,0.0,2024-12-01,0.2275728597449909
2023-07-05,Asia Pacific,Furniture,Chairs,Corporate,2,612.07,130.65,0.0,2023-07-01,0.21345597725750323
2024-09-21,Europe,Office Supplies,Binders,Consumer,5,186.17,-11.22,0.3,2024-09-01,-0.06026749744856852
2023-03-05,Middle East & Africa,Furniture,Chairs,Home Office,2,511.45,-73.49,0.2,2023-03-01,-0.1436895102160524
2024-07-07,North America,Technology,Accessories,Consumer,3,1042.51,46.09,0.1,2024-07-01,0.04421060709249792
2023-03-21,Asia Pacific,Technology,Copiers,Home Office,3,838.23,13.01,0.15,2023-03-01,0.015520799780489841
2023-11-09,Europe,Office Supplies,Art,Home Office,1,29.23,-10.07,0.4,2023-11-01,-0.34450906602805337
2023-04-11,North America,Office Supplies,Storage,Home Office,2,69.36,29.45,0.0,2023-04-01,0.42459630911188007
2023-05-20,North America,Furniture,Bookcases,Home Office,1,291.37,63.06,0.0,2023-05-01,0.21642585029344133
2024-10-18,North America,Office Supplies,Binders,Consumer,5,104.81,28.43,0.1,2024-10-01,0.27125274305886843
2024-06-03,Europe,Furniture,Chairs,Corporate,2,987.44,216.13,0.0,2024-06-01,0.21887912176942395
2023-05-13,North America,Office Supplies,Binders,Consumer,5,105.66,18.89,0.1,2023-05-01,0.17878099564641303
2024-05-20,North America,Technology,Copiers,Corporate,1,342.84,91.91,0.0,2024-05-01,0.2680842375452106
2024-02-04,Asia Pacific,Technology,Machines,Consumer,5,2045.31,437.48,0.0,2024-02-01,0.2138942263031032
2023-06-07,North America,Office Supplies,Binders,Consumer,2,43.66,9.69,0.15,2023-06-01,0.22194228126431517
2023-04-04,Europe,Office Supplies,Binders,Consumer,1,53.55,19.26,0.0,2023-04-01,0.35966386554621854
2023-02-19,Europe,Furniture,Tables,Consumer,2,335.71,-111.06,0.3,2023-02-01,-0.3308212445265259
2024-08-08,North America,Technology,Phones,Consumer,5,2463.37,241.97,0.1,2024-08-01,0.09822722530517138
2024-05-19,North America,Furniture,Chairs,Consumer,6,1357.68,239.67,0.0,2024-05-01,0.17652907901714687
2024-05-24,North America,Office Supplies,Art,Corporate,4,234.66,102.95,0.0,2024-05-01,0.43871984999573854
2024-06-29,Europe,Technology,Accessories,Corporate,3,1662.82,408.14,0.0,2024-06-01,0.24545049975343092
2023-07-23,North America,Furniture,Furnishings,Consumer,4,697.83,167.1,0.0,2023-07-01,0.2394566011779373
2024-03-22,Latin America,Office Supplies,Storage,Consumer,4,33.25,7.48,0.1,2024-03-01,0.2249624060150376
2024-01-17,Latin America,Technology,Copiers,Consumer,3,1301.5,377.45,0.0,2024-01-01,0.29001152516327316
2023-03-18,Asia Pacific,Furniture,Furnishings,Consumer,1,445.99,107.5,0.0,2023-03-01,0.24103679454696292
2024-11-08,North America,Office Supplies,Storage,Home Office,2,169.56,29.77,0.1,2024-11-01,0.1755720688841708
2023-03-14,Europe,Technology,Machines,Corporate,4,18.8,-7.95,0.4,2023-03-01,-0.4228723404255319
2024-04-12,North America,Office Supplies,Paper,Consumer,4,214.77,98.34,0.0,2024-04-01,0.45788517949434276
2024-09-24,North America,Furniture,Furnishings,Consumer,2,322.86,58.86,0.0,2024-09-01,0.18230812116706932
2023-12-03,Middle East & Africa,Technology,Machines,Consumer,3,2097.2,275.01,0.15,2023-12-01,0.13113198550448218
2023-11-16,Asia Pacific,Office Supplies,Art,Consumer,1,33.98,10.23,0.0,2023-11-01,0.3010594467333726
2024-04-11,North America,Technology,Machines,Corporate,1,484.53,-1.13,0.15,2024-04-01,-0.0023321569355870637
2023-07-06,Asia Pacific,Technology,Machines,Consumer,1,473.77,144.22,0.0,2023-07-01,0.30440931253561854
2024-12-28,Asia Pacific,Technology,Phones,Consumer,2,1910.88,9.3,0.1,2024-12-01,0.004866867621200703
2024-06-28,Europe,Technology,Copiers,Home Office,3,872.17,312.52,0.0,2024-06-01,0.3583246385452377
2023-11-02,Europe,Office Supplies,Art,Home Office,2,25.44,9.57,0.0,2023-11-01,0.3761792452830189
2024-05-10,North America,Technology,Phones,Corporate,5,1978.33,35.93,0.15,2024-05-01,0.018161782917915616
2023-04-27,Latin America,Office Supplies,Storage,Home Office,2,60.94,-16.11,0.4,2023-04-01,-0.26435838529701344
2023-01-23,North America,Technology,Phones,Corporate,1,554.26,79.35,0.1,2023-01-01,0.14316385811712914
2024-07-13,North America,Technology,Phones,Consumer,5,2008.12,-594.17,0.4,2024-07-01,-0.29588371212875725
2023-07-01,Europe,Furniture,Furnishings,Consumer,1,238.94,60.48,0.0,2023-07-01,0.2531179375575458
2023-06-02,Asia Pacific,Technology,Machines,Consumer,3,1630.88,449.94,0.0,2023-06-01,0.2758878642205435
2023-10-19,Europe,Technology,Machines,Consumer,2,830.16,254.85,0.0,2023-10-01,0.30698901416594393
2024-03-28,North America,Furniture,Furnishings,Corporate,1,188.52,-80.66,0.4,2024-03-01,-0.42785911309144914
2023-09-03,North America,Office Supplies,Art,Consumer,1,49.42,15.87,0.0,2023-09-01,0.32112505058680696
2024-04-01,North America,Furniture,Furnishings,Consumer,2,557.5,-9.77,0.15,2024-04-01,-0.017524663677130042
2023-03-24,Latin America,Furniture,Bookcases,Home Office,2,381.99,103.39,0.0,2023-03-01,0.2706615356422943
2024-11-02,Middle East & Africa,Office Supplies,Paper,Corporate,4,287.4,62.06,0.1,2024-11-01,0.21593597773138484
2023-09-08,Europe,Technology,Machines,Consumer,1,272.15,23.18,0.2,2023-09-01,0.08517361749035458
2024-07-20,North America,Office Supplies,Binders,Corporate,1,38.32,5.72,0.1,2024-07-01,0.14926931106471816
2023-07-05,Asia Pacific,Technology,Phones,Corporate,2,578.42,1.53,0.15,2023-07-01,0.0026451367518412227
2023-10-03,Asia Pacific,Office Supplies,Binders,Consumer,5,216.53,76.51,0.0,2023-10-01,0.3533459566803676
2024-05-30,North America,Office Supplies,Binders,Consumer,3,117.37,-11.07,0.3,2024-05-01,-0.09431711681008775
2024-06-08,North America,Office Supplies,Binders,Consumer,1,59.2,18.48,0.1,2024-06-01,0.31216216216216214
2024-05-14,Europe,Office Supplies,Art,Consumer,5,215.83,82.35,0.0,2024-05-01,0.381550294213038
2024-09-27,Europe,Technology,Phones,Consumer,4,833.38,-291.64,0.4,2024-09-01,-0.3499484028894382
2024-04-18,North America,Furniture,Tables,Consumer,4,891.61,-2.26,0.15,2024-04-01,-0.0025347405255661103
2023-12-07,North America,Technology,Phones,Corporate,5,2512.49,859.72,0.0,2023-12-01,0.34217847633224413
2023-07-01,Asia Pacific,Office Supplies,Storage,Corporate,1,23.26,3.26,0.15,2023-07-01,0.1401547721410146
2024-04-12,Europe,Office Supplies,Binders,Consumer,2,59.07,15.72,0.1,2024-04-01,0.266124936515998
2024-02-05,North America,Furniture,Bookcases,Consumer,2,818.01,202.1,0.0,2024-02-01,0.2470629943399225
2024-12-28,Middle East & Africa,Technology,Accessories,Consumer,2,1144.03,39.96,0.2,2024-12-01,0.03492915395575291
2023-08-13,Europe,Technology,Machines,Consumer,4,1109.15,387.0,0.0,2023-08-01,0.34891583645133656
2024-09-09,Latin America,Office Supplies,Storage,Consumer,1,21.8,2.05,0.15,2024-09-01,0.09403669724770641
2023-04-06,North America,Technology,Copiers,Consumer,4,2118.14,583.2,0.0,2023-04-01,0.2753359079192122
2024-04-18,North America,Technology,Accessories,Consumer,4,1965.24,486.43,0.0,2024-04-01,0.2475168427265881
2024-07-06,Asia Pacific,Technology,Phones,Corporate,5,1279.73,27.23,0.1,2024-07-01,0.02127792581247607
2023-05-07,Europe,Office Supplies,Binders,Consumer,5,196.56,75.95,0.0,2023-05-01,0.38639601139601143
2024-10-07,North America,Technology,Machines,Corporate,4,818.73,247.23,0.0,2024-10-01,0.3019676816532923
2024-05-01,Europe,Office Supplies,Binders,Corporate,2,43.75,8.45,0.15,2024-05-01,0.19314285714285712
2024-11-02,Middle East & Africa,Office Supplies,Art,Consumer,3,191.03,-12.64,0.3,2024-11-01,-0.06616761765167775
2023-02-19,North America,Technology,Copiers,Consumer,4,1653.62,-107.92,0.15,2023-02-01,-0.06526287780747693
2024-03-15,North America,Office Supplies,Binders,Consumer,1,27.21,1.23,0.15,2024-03-01,0.04520396912899669
2024-08-24,Europe,Office Supplies,Binders,Home Office,1,30.54,-1.98,0.3,2024-08-01,-0.06483300589390963
2023-09-25,Europe,Furniture,Chairs,Consumer,3,648.56,-14.19,0.2,2023-09-01,-0.021879240162822253
2023-01-28,Latin America,Office Supplies,Paper,Corporate,2,37.2,4.69,0.1,2023-01-01,0.1260752688172043
2023-05-21,North America,Office Supplies,Binders,Consumer,5,218.19,22.51,0.15,2023-05-01,0.10316696457216189
2023-06-13,North America,Office Supplies,Art,Consumer,3,150.74,51.11,0.0,2023-06-01,0.33906063420459065
2024-09-04,Asia Pacific,Office Supplies,Storage,Home Office,4,242.08,73.63,0.0,2024-09-01,0.3041556510244547
2024-10-11,North America,Technology,Copiers,Corporate,4,1170.67,62.04,0.1,2024-10-01,0.05299529329358401
2024-05-25,Asia Pacific,Technology,Phones,Corporate,5,1437.92,256.93,0.0,2024-05-01,0.1786817069099811
2023-12-03,Asia Pacific,Furniture,Furnishings,Consumer,4,1254.4,216.22,0.0,2023-12-01,0.1723692602040816
2024-04-06,Middle East & Africa,Office Supplies,Storage,Home Office,3,108.9,44.25,0.0,2024-04-01,0.40633608815426997
2023-05-20,Europe,Furniture,Chairs,Home Office,1,302.67,-0.0,0.1,2023-05-01,-0.0
2024-10-23,Latin America,Technology,Copiers,Consumer,2,971.13,-259.56,0.3,2024-10-01,-0.2672762657934571
2023-05-02,North America,Technology,Accessories,Consumer,4,1767.45,463.93,0.0,2023-05-01,0.26248550171150525
2024-04-28,Europe,Office Supplies,Paper,Corporate,1,63.94,8.27,0.15,2024-04-01,0.12934000625586486
2023-01-20,North America,Office Supplies,Binders,Home Office,2,94.59,-1.94,0.3,2023-01-01,-0.020509567607569508
2024-11-27,Latin America,Office Supplies,Storage,Consumer,3,176.15,25.08,0.15,2024-11-01,0.1423786545557763
2024-12-18,Asia Pacific,Office Supplies,Art,Home Office,3,286.17,121.17,0.0,2024-12-01,0.42341964566516405
2024-01-30,Latin America,Furniture,Furnishings,Corporate,1,382.98,61.31,0.1,2024-01-01,0.1600866885999269
2024-06-25,Asia Pacific,Technology,Copiers,Consumer,5,3519.51,59.51,0.2,2024-06-01,0.016908603754499915
2023-04-19,Europe,Furniture,Chairs,Corporate,1,133.84,8.1,0.1,2023-04-01,0.060520023909145244
2023-08-02,Asia Pacific,Office Supplies,Paper,Corporate,6,128.22,44.94,0.0,2023-08-01,0.3504913430042115
2023-08-13,Middle East & Africa,Furniture,Bookcases,Home Office,1,297.22,13.19,0.1,2023-08-01,0.044377901890855255
2023-08-08,North America,Office Supplies,Binders,Corporate,1,13.57,5.77,0.0,2023-08-01,0.4252026529108327
2024-01-22,North America,Technology,Copiers,Corporate,2,664.73,186.99,0.0,2024-01-01,0.28130218284115355
2024-06-10,Latin America,Technology,Accessories,Corporate,4,848.22,-29.08,0.15,2024-06-01,-0.034283558510763715
2024-09-24,North America,Technology,Accessories,Consumer,5,2175.18,466.01,0.0,2024-09-01,0.21423974107889923
2024-03-01,North America,Furniture,Chairs,Consumer,5,1380.72,257.21,0.0,2024-03-01,0.1862868648241497
2024-06-12,Europe,Office Supplies,Storage,Corporate,3,145.94,-64.5,0.5,2024-06-01,-0.44196245032205017
2024-05-15,North America,Technology,Phones,Consumer,1,508.63,108.77,0.0,2024-05-01,0.21384896683247154
2023-06-03,Europe,Furniture,Chairs,Home Office,5,1998.07,268.59,0.0,2023-06-01,0.13442471985465973
2024-07-17,Europe,Furniture,Bookcases,Corporate,2,763.86,167.82,0.0,2024-07-01,0.2196999450161024
2023-09-29,North America,Furniture,Tables,Corporate,3,601.84,84.95,0.1,2023-09-01,0.1411504718862156
2024-08-04,Middle East & Africa,Technology,Machines,Consumer,2,809.26,164.81,0.0,2024-08-01,0.2036551911622964
2023-01-29,Middle East & Africa,Technology,Copiers,Corporate,2,501.74,105.78,0.0,2023-01-01,0.2108263243911189
2023-11-23,North America,Office Supplies,Binders,Consumer,2,86.82,13.63,0.15,2023-11-01,0.15699147661829074
2024-07-07,Asia Pacific,Furniture,Bookcases,Consumer,3,873.26,255.97,0.0,2024-07-01,0.29312003297986855
2024-10-06,Asia Pacific,Technology,Accessories,Corporate,1,373.46,66.98,0.1,2024-10-01,0.1793498634391903
2023-07-26,North America,Office Supplies,Storage,Corporate,2,76.47,13.09,0.15,2023-07-01,0.1711782398326141
2024-07-04,North America,Office Supplies,Storage,Consumer,5,277.58,112.66,0.0,2024-07-01,0.40586497586281434
2024-01-17,Europe,Technology,Machines,Corporate,3,1499.29,10.04,0.15,2024-01-01,0.006696503011425408
2024-05-25,Latin America,Furniture,Chairs,Consumer,3,664.69,82.27,0.0,2024-05-01,0.12377198393235943
2024-11-22,Latin America,Office Supplies,Paper,Corporate,3,249.51,71.3,0.1,2024-11-01,0.2857600897759609
2023-03-17,Europe,Office Supplies,Binders,Corporate,3,104.27,44.33,0.0,2023-03-01,0.4251462549151242
2023-03-06,Latin America,Technology,Copiers,Corporate,2,822.77,278.61,0.0,2023-03-01,0.3386244029315605
2024-02-04,Latin America,Technology,Copiers,Consumer,4,680.49,191.01,0.0,2024-02-01,0.2806947934576555
2024-10-01,Europe,Office Supplies,Storage,Corporate,3,123.18,21.8,0.15,2024-10-01,0.17697678194512095
2024-02-19,North America,Office Supplies,Art,Corporate,5,144.7,52.22,0.0,2024-02-01,0.360884588804423
2024-11-16,North America,Office Supplies,Binders,Consumer,4,293.68,62.73,0.1,2024-11-01,0.21359983655679649
2024-04-22,North America,Technology,Machines,Consumer,2,608.21,190.2,0.0,2024-04-01,0.31272093520330146
2023-07-09,Asia Pacific,Furniture,Bookcases,Consumer,3,1034.98,-264.25,0.3,2023-07-01,-0.25531894336122435
2024-01-08,North America,Office Supplies,Paper,Consumer,1,23.27,3.61,0.1,2024-01-01,0.15513536742587022
2023-04-13,Asia Pacific,Furniture,Tables,Home Office,5,767.29,47.16,0.15,2023-04-01,0.06146307132896297
2024-09-13,Asia Pacific,Furniture,Chairs,Consumer,1,277.84,63.85,0.0,2024-09-01,0.22980852289087247
2024-06-10,Latin America,Office Supplies,Binders,Corporate,2,106.2,-9.94,0.3,2024-06-01,-0.0935969868173258
2023-06-14,North America,Furniture,Furnishings,Consumer,3,969.85,-5.57,0.1,2023-06-01,-0.005743156158168789
2023-03-06,Europe,Office Supplies,Storage,Corporate,3,189.43,79.47,0.0,2023-03-01,0.4195217230639286
2023-12-17,Asia Pacific,Furniture,Chairs,Home Office,3,967.72,214.87,0.0,2023-12-01,0.2220373661803001
2023-12-08,Middle East & Africa,Office Supplies,Art,Consumer,5,441.24,46.73,0.15,2023-12-01,0.10590608285740186
2024-05-02,North America,Office Supplies,Storage,Home Office,3,89.07,34.42,0.0,2024-05-01,0.38643763332210623
2023-10-10,North America,Office Supplies,Art,Home Office,2,37.54,14.34,0.0,2023-10-01,0.38199254128929144
2023-01-06,North America,Office Supplies,Storage,Home Office,1,56.57,21.01,0.0,2023-01-01,0.3713982676330211
2023-01-29,Europe,Furniture,Tables,Consumer,3,871.33,229.3,0.0,2023-01-01,0.26316091492316346
2023-02-01,Europe,Office Supplies,Storage,Consumer,4,228.21,55.57,0.1,2023-02-01,0.2435037903685202
2024-02-22,Asia Pacific,Furniture,Bookcases,Consumer,1,359.08,58.85,0.0,2024-02-01,0.1638910549181241
2023-12-04,Latin America,Office Supplies,Storage,Corporate,2,111.3,29.15,0.15,2023-12-01,0.2619047619047619
2024-09-20,Middle East & Africa,Furniture,Tables,Home Office,5,1216.35,11.37,0.1,2024-09-01,0.009347638426439759
2023-11-02,Europe,Technology,Machines,Consumer,5,1424.21,429.34,0.0,2023-11-01,0.3014583523497237
2024-01-01,North America,Office Supplies,Paper,Consumer,3,119.21,50.01,0.0,2024-01-01,0.4195117859239997
2024-04-23,Europe,Furniture,Tables,Home Office,3,792.46,255.69,0.0,2024-04-01,0.3226535093253918
2023-11-07,Europe,Office Supplies,Art,Consumer,1,47.78,4.77,0.15,2023-11-01,0.09983256592716616
2024-03-22,Europe,Technology,Copiers,Consumer,1,516.65,152.16,0.0,2024-03-01,0.2945127262169748
2024-01-08,North America,Technology,Phones,Consumer,1,429.69,114.79,0.0,2024-01-01,0.26714608205915896
2023-07-01,Europe,Office Supplies,Paper,Consumer,3,154.83,87.63,0.0,2023-07-01,0.5659755861267195
2024-04-22,Middle East & Africa,Furniture,Chairs,Home Office,2,577.33,96.99,0.0,2024-04-01,0.1679975057592711
2023-08-07,Asia Pacific,Furniture,Tables,Corporate,5,687.33,37.41,0.1,2023-08-01,0.05442800401553838
2023-10-11,North America,Office Supplies,Storage,Corporate,2,76.69,26.38,0.0,2023-10-01,0.34398226626678835
2024-06-19,Europe,Technology,Accessories,Corporate,6,1745.49,344.82,0.0,2024-06-01,0.19754911228365674
2024-05-21,Europe,Furniture,Tables,Consumer,3,171.83,14.44,0.1,2024-05-01,0.08403654775068381
2024-08-31,Latin America,Office Supplies,Binders,Home Office,2,47.22,3.96,0.2,2024-08-01,0.08386277001270648
2023-06-30,Europe,Technology,Accessories,Consumer,3,876.43,-16.3,0.15,2023-06-01,-0.01859817669408852
2024-02-12,North America,Office Supplies,Art,Corporate,1,38.17,6.38,0.15,2024-02-01,0.16714697406340057
2024-06-23,North America,Technology,Machines,Corporate,3,813.63,204.83,0.0,2024-06-01,0.25174833769649596
2024-10-14,Europe,Furniture,Furnishings,Corporate,2,654.73,98.66,0.0,2024-10-01,0.1506880698914056
2023-10-15,North America,Furniture,Furnishings,Consumer,1,25.19,4.12,0.0,2023-10-01,0.16355696705041683
2023-08-04,North America,Furniture,Bookcases,Home Office,3,822.69,217.55,0.0,2023-08-01,0.2644373944012933
2023-11-11,North America,Furniture,Chairs,Home Office,5,2129.0,399.5,0.0,2023-11-01,0.18764678252700798
2024-11-21,Europe,Office Supplies,Art,Corporate,6,414.82,157.6,0.0,2024-11-01,0.37992382238079164
2023-09-19,Middle East & Africa,Technology,Copiers,Corporate,1,442.84,-38.39,0.2,2023-09-01,-0.08669045253364648
2024-11-22,Europe,Furniture,Chairs,Consumer,3,768.53,6.5,0.15,2024-11-01,0.008457704969226966
2023-08-16,Asia Pacific,Technology,Accessories,Consumer,4,1736.14,124.47,0.15,2023-08-01,0.07169352701971039
2023-09-22,Middle East & Africa,Office Supplies,Paper,Consumer,1,24.66,8.13,0.0,2023-09-01,0.329683698296837
2023-12-26,Latin America,Office Supplies,Paper,Consumer,4,316.85,138.01,0.0,2023-12-01,0.43556888117405707
2024-09-17,Europe,Office Supplies,Art,Consumer,1,24.78,3.94,0.1,2024-09-01,0.15899919289749798
2024-11-19,North America,Furniture,Chairs,Consumer,3,1156.12,223.17,0.0,2024-11-01,0.19303359512853338
2024-08-06,North America,Furniture,Furnishings,Corporate,2,621.59,175.5,0.0,2024-08-01,0.2823404494924307
2023-04-29,Latin America,Technology,Accessories,Corporate,2,1016.07,137.96,0.1,2023-04-01,0.135778046788115
2023-10-15,North America,Technology,Machines,Corporate,2,689.87,131.3,0.1,2023-10-01,0.19032571354023223
2023-08-07,North America,Office Supplies,Binders,Corporate,5,264.17,30.52,0.15,2023-08-01,0.11553166521558086
2024-02-11,Europe,Office Supplies,Binders,Corporate,1,60.65,0.66,0.2,2024-02-01,0.010882110469909317
2024-07-04,North America,Office Supplies,Storage,Corporate,1,31.64,5.67,0.15,2024-07-01,0.17920353982300885
2024-08-25,Latin America,Office Supplies,Art,Consumer,1,21.8,8.44,0.0,2024-08-01,0.38715596330275226
2024-10-08,North America,Technology,Copiers,Corporate,2,896.62,171.61,0.0,2024-10-01,0.19139657826057863
2023-03-14,North America,Office Supplies,Paper,Consumer,5,185.4,71.3,0.0,2023-03-01,0.3845738942826321
2023-08-16,North America,Technology,Phones,Corporate,3,986.06,-92.28,0.2,2023-08-01,-0.09358456889033122
2024-08-09,North America,Technology,Machines,Home Office,3,829.81,235.13,0.0,2024-08-01,0.28335402079994215
2024-10-02,North America,Office Supplies,Storage,Corporate,2,118.23,42.19,0.0,2024-10-01,0.3568468239871437
2023-07-12,Asia Pacific,Technology,Accessories,Consumer,3,1194.31,135.75,0.1,2023-07-01,0.1136639565941841
2024-04-16,North America,Office Supplies,Paper,Corporate,3,46.69,13.41,0.1,2024-04-01,0.28721353608909833
2024-06-19,North America,Furniture,Chairs,Corporate,4,1078.4,133.13,0.0,2024-06-01,0.12345140949554895
2024-11-02,Europe,Office Supplies,Storage,Consumer,1,23.78,4.77,0.1,2024-11-01,0.20058873002523125
2024-10-26,Europe,Furniture,Furnishings,Home Office,2,508.67,124.2,0.0,2024-10-01,0.24416615880629877
2024-09-23,North America,Technology,Copiers,Corporate,2,665.96,-177.75,0.3,2024-09-01,-0.2669079223977416
2023-01-02,Asia Pacific,Office Supplies,Paper,Consumer,2,129.78,53.9,0.0,2023-01-01,0.4153182308522114
2023-01-10,Asia Pacific,Furniture,Furnishings,Consumer,2,287.42,37.85,0.0,2023-01-01,0.13168881775798483
2023-12-22,Latin America,Technology,Copiers,Home Office,4,2621.16,479.87,0.1,2023-12-01,0.18307543225136963
2023-11-04,Europe,Furniture,Chairs,Home Office,2,820.59,-501.56,0.5,2023-11-01,-0.6112187572356474
2023-04-11,Asia Pacific,Furniture,Furnishings,Consumer,3,726.3,154.14,0.0,2023-04-01,0.21222635274679882
2024-04-15,Europe,Office Supplies,Binders,Consumer,3,157.95,31.22,0.1,2024-04-01,0.19765748654637544
2023-06-22,North America,Office Supplies,Paper,Consumer,3,113.5,1.82,0.2,2023-06-01,0.0160352422907489
2023-12-10,Asia Pacific,Furniture,Bookcases,Consumer,2,648.71,-120.31,0.3,2023-12-01,-0.18546037520617842
2024-12-23,North America,Office Supplies,Storage,Corporate,2,55.31,23.27,0.0,2024-12-01,0.4207195805460133
2024-10-22,North America,Furniture,Furnishings,Consumer,1,166.63,41.42,0.0,2024-10-01,0.24857468643101485
2023-01-31,Latin America,Office Supplies,Binders,Corporate,3,89.99,-33.5,0.5,2023-01-01,-0.37226358484276034
2023-07-02,North America,Furniture,Tables,Corporate,3,1219.97,276.28,0.0,2023-07-01,0.22646458519471788
2023-09-24,Latin America,Technology,Machines,Consumer,5,2526.99,601.88,0.0,2023-09-01,0.23818060221844964
2024-06-25,North America,Technology,Copiers,Consumer,3,1043.44,56.52,0.15,2024-06-01,0.0541669861228245
2024-07-25,North America,Technology,Copiers,Home Office,4,1780.36,492.24,0.0,2024-07-01,0.27648340785009773
2023-12-01,Middle East & Africa,Office Supplies,Paper,Consumer,1,55.67,21.03,0.0,2023-12-01,0.3777618106700198
2023-07-16,North America,Office Supplies,Art,Consumer,3,221.92,18.26,0.2,2023-07-01,0.08228190338860852
2024-09-12,North America,Office Supplies,Storage,Consumer,1,49.04,2.25,0.2,2024-09-01,0.04588091353996737
2024-09-20,North America,Technology,Accessories,Home Office,3,1103.33,92.62,0.1,2024-09-01,0.08394587294825664
2023-02-23,North America,Office Supplies,Paper,Home Office,2,35.38,13.04,0.0,2023-02-01,0.3685698134539287
2023-05-17,Asia Pacific,Technology,Accessories,Consumer,2,532.07,116.36,0.1,2023-05-01,0.2186930291127107
2024-03-19,Latin America,Furniture,Furnishings,Home Office,1,286.19,58.73,0.0,2024-03-01,0.20521331982249555
2023-10-01,North America,Office Supplies,Paper,Corporate,2,53.73,-16.2,0.4,2023-10-01,-0.30150753768844224
2024-04-23,North America,Office Supplies,Art,Home Office,4,184.67,64.92,0.0,2024-04-01,0.35154600097471167
2023-02-02,Europe,Office Supplies,Storage,Home Office,3,112.02,42.04,0.0,2023-02-01,0.37529012676307805
2024-06-16,North America,Office Supplies,Binders,Consumer,1,43.28,16.14,0.0,2024-06-01,0.37292051756007394
2024-11-13,Europe,Office Supplies,Storage,Home Office,1,74.52,22.93,0.1,2024-11-01,0.3077026301663983
2024-12-21,Europe,Office Supplies,Storage,Corporate,4,249.43,12.61,0.2,2024-12-01,0.050555266006494806
2023-05-14,Latin America,Office Supplies,Paper,Consumer,4,203.47,76.62,0.0,2023-05-01,0.37656657001032096
2023-05-28,North America,Office Supplies,Storage,Consumer,3,91.28,-31.34,0.5,2023-05-01,-0.343339176161262
2024-11-05,Europe,Office Supplies,Storage,Consumer,2,116.02,-58.72,0.5,2024-11-01,-0.506119634545768
2023-09-02,Europe,Furniture,Bookcases,Corporate,3,178.35,-14.62,0.2,2023-09-01,-0.08197364732268012
2023-02-03,Asia Pacific,Office Supplies,Storage,Consumer,4,101.34,19.95,0.15,2023-02-01,0.19686204854943753
2024-09-23,North America,Office Supplies,Storage,Corporate,4,183.71,30.45,0.1,2024-09-01,0.16575036742692287
2023-03-17,Asia Pacific,Technology,Phones,Corporate,4,1306.9,145.94,0.1,2023-03-01,0.11166883464687427
2023-09-04,Asia Pacific,Office Supplies,Binders,Consumer,3,156.28,56.62,0.0,2023-09-01,0.36229843869976963
2024-01-26,Europe,Furniture,Chairs,Corporate,2,292.15,92.55,0.0,2024-01-01,0.3167893205545097
2023-01-17,Asia Pacific,Furniture,Tables,Consumer,1,382.72,74.26,0.0,2023-01-01,0.19403219063545152
2024-04-22,Europe,Office Supplies,Art,Consumer,3,174.27,75.77,0.0,2024-04-01,0.43478510357491246
2023-06-03,Europe,Technology,Accessories,Corporate,3,1579.54,466.86,0.0,2023-06-01,0.2955670638287096
2023-03-17,Europe,Office Supplies,Binders,Consumer,4,205.05,62.12,0.0,2023-03-01,0.3029504998780785
2023-08-01,North America,Furniture,Tables,Home Office,3,1091.42,265.63,0.0,2023-08-01,0.24338018361400743
2024-11-07,Latin America,Office Supplies,Art,Consumer,3,137.28,32.64,0.1,2024-11-01,0.23776223776223776
2024-06-15,North America,Office Supplies,Storage,Corporate,2,73.55,10.13,0.15,2024-06-01,0.13772943575798777
2023-09-13,North America,Technology,Accessories,Corporate,1,389.54,-138.22,0.4,2023-09-01,-0.35482877239821325
2023-07-14,Asia Pacific,Office Supplies,Binders,Consumer,2,43.82,12.41,0.1,2023-07-01,0.28320401643085347
2023-09-16,Europe,Office Supplies,Paper,Consumer,1,39.37,16.04,0.0,2023-09-01,0.4074168148336297
2024-02-22,Latin America,Office Supplies,Storage,Consumer,1,10.8,3.6,0.0,2024-02-01,0.3333333333333333
2023-07-13,Europe,Furniture,Chairs,Consumer,2,727.81,200.27,0.0,2023-07-01,0.2751679696624119
2023-11-14,Europe,Technology,Machines,Consumer,5,2514.72,844.77,0.0,2023-11-01,0.33593004390150794
2023-10-25,Latin America,Furniture,Tables,Corporate,3,818.11,-466.88,0.5,2023-10-01,-0.5706812042390388
2024-11-27,Europe,Office Supplies,Paper,Consumer,5,190.98,-35.25,0.4,2024-11-01,-0.184574300973924
2023-05-04,North America,Furniture,Bookcases,Corporate,3,525.35,95.18,0.0,2023-05-01,0.18117445512515468
2024-02-19,Europe,Office Supplies,Binders,Consumer,2,41.94,13.04,0.0,2024-02-01,0.31092036242250837
2024-03-26,North America,Technology,Copiers,Consumer,1,585.4,122.68,0.0,2024-03-01,0.20956610864366249
2024-05-07,Middle East & Africa,Office Supplies,Art,Corporate,1,38.14,12.25,0.0,2024-05-01,0.32118510749868906
2024-06-19,Asia Pacific,Office Supplies,Paper,Corporate,1,71.12,-12.0,0.3,2024-06-01,-0.1687289088863892
2024-05-17,North America,Office Supplies,Storage,Home Office,2,106.57,47.08,0.0,2024-05-01,0.44177535891902037
2023-12-23,Asia Pacific,Technology,Machines,Consumer,3,1991.51,492.89,0.0,2023-12-01,0.24749561890224
2023-11-21,Asia Pacific,Office Supplies,Paper,Home Office,4,154.55,17.03,0.15,2023-11-01,0.11019087673891945
2023-04-11,North America,Furniture,Chairs,Corporate,5,1276.87,18.31,0.1,2023-04-01,0.014339752676466673
2023-02-13,Latin America,Technology,Copiers,Consumer,3,1642.22,494.01,0.0,2023-02-01,0.3008184043550803
2024-08-18,Middle East & Africa,Office Supplies,Art,Consumer,3,133.2,28.32,0.1,2024-08-01,0.21261261261261263
2023-11-19,North America,Office Supplies,Art,Corporate,3,168.61,84.31,0.0,2023-11-01,0.5000296542316588
2024-08-29,North America,Office Supplies,Art,Home Office,6,94.0,-21.53,0.3,2024-08-01,-0.22904255319148936
2023-01-16,North America,Furniture,Chairs,Consumer,2,526.87,-26.91,0.15,2023-01-01,-0.05107521779566117
2023-11-28,North America,Technology,Machines,Consumer,2,426.97,17.38,0.15,2023-11-01,0.0407054359791086
2024-03-23,Europe,Office Supplies,Storage,Consumer,1,59.06,13.08,0.1,2024-03-01,0.221469691838808
2023-01-05,Asia Pacific,Office Supplies,Storage,Consumer,2,94.07,9.83,0.15,2023-01-01,0.10449665142978634
2024-04-27,Europe,Furniture,Bookcases,Corporate,1,211.74,3.62,0.15,2024-04-01,0.017096439028997826
2024-03-20,Asia Pacific,Office Supplies,Binders,Corporate,4,216.8,27.75,0.1,2024-03-01,0.12799815498154982
2023-03-14,Asia Pacific,Technology,Machines,Consumer,4,1591.55,429.15,0.0,2023-03-01,0.26964280104300836
2023-06-19,Asia Pacific,Technology,Accessories,Corporate,5,2596.23,492.64,0.0,2023-06-01,0.18975206356909827
2023-02-21,Middle East & Africa,Furniture,Chairs,Consumer,2,699.6,173.41,0.0,2023-02-01,0.24787021154945682
2023-09-02,North America,Office Supplies,Art,Corporate,4,257.39,93.37,0.0,2023-09-01,0.36275690586269865
2023-09-05,Latin America,Furniture,Tables,Corporate,2,541.34,-5.49,0.1,2023-09-01,-0.010141500720434477
2024-08-27,Asia Pacific,Technology,Machines,Consumer,1,477.39,94.25,0.0,2024-08-01,0.19742767967489894
2023-05-28,Asia Pacific,Office Supplies,Binders,Consumer,5,246.69,97.13,0.0,2023-05-01,0.3937330252543678
2023-07-27,North America,Office Supplies,Paper,Home Office,3,40.03,6.67,0.1,2023-07-01,0.16662503122658007
2023-06-23,Europe,Technology,Accessories,Corporate,3,1248.84,211.32,0.0,2023-06-01,0.16921302969155377
2023-12-17,Latin America,Technology,Copiers,Corporate,4,3425.63,1062.88,0.0,2023-12-01,0.3102728549201169
2024-02-28,Middle East & Africa,Technology,Machines,Consumer,4,1048.43,102.43,0.1,2024-02-01,0.09769846341672787
2023-06-18,North America,Office Supplies,Paper,Corporate,3,170.39,54.32,0.1,2023-06-01,0.3187980515288456
2023-08-04,Asia Pacific,Technology,Phones,Corporate,3,1869.06,-87.36,0.2,2023-08-01,-0.046740072549837884
2024-05-14,North America,Furniture,Chairs,Consumer,1,252.7,-11.29,0.15,2024-05-01,-0.044677483181638306
2024-05-17,North America,Office Supplies,Storage,Consumer,3,172.81,65.4,0.0,2024-05-01,0.3784503211619698
2023-05-11,Asia Pacific,Technology,Accessories,Consumer,4,1403.99,477.99,0.0,2023-05-01,0.3404511428144075
2024-06-24,Asia Pacific,Office Supplies,Art,Home Office,2,81.59,32.88,0.0,2024-06-01,0.4029905625689423
2024-08-04,Latin America,Technology,Machines,Corporate,2,656.21,183.4,0.0,2024-08-01,0.2794837018637326
2023-01-03,Europe,Furniture,Bookcases,Home Office,1,45.25,8.75,0.0,2023-01-01,0.19337016574585636
2024-03-10,North America,Furniture,Bookcases,Corporate,2,380.16,93.86,0.0,2024-03-01,0.24689604377104377
2024-09-25,Latin America,Furniture,Tables,Consumer,2,611.17,166.96,0.0,2024-09-01,0.2731809480177365
2023-07-08,North America,Furniture,Bookcases,Home Office,1,309.8,18.97,0.1,2023-07-01,0.06123305358295674
2023-08-02,North America,Office Supplies,Binders,Corporate,2,48.26,7.55,0.1,2023-08-01,0.15644426025694158
2024-12-07,North America,Furniture,Bookcases,Home Office,2,920.21,-46.71,0.15,2024-12-01,-0.050760152573869004
2024-04-30,Europe,Technology,Copiers,Consumer,4,1253.91,-187.3,0.3,2024-04-01,-0.14937276200046254
2023-12-07,Asia Pacific,Furniture,Furnishings,Consumer,3,1478.62,317.77,0.0,2023-12-01,0.21490984837213079
2023-02-01,Latin America,Office Supplies,Binders,Corporate,1,47.24,13.45,0.1,2023-02-01,0.2847163420829805
2023-01-30,Europe,Technology,Accessories,Consumer,3,711.2,-130.86,0.3,2023-01-01,-0.18399887514060742
2024-07-01,Europe,Office Supplies,Binders,Consumer,1,35.1,14.19,0.0,2024-07-01,0.4042735042735042
2023-06-19,Europe,Technology,Copiers,Corporate,2,514.49,93.54,0.0,2023-06-01,0.18181111391863788
2023-05-10,Asia Pacific,Technology,Phones,Consumer,3,1276.24,21.64,0.15,2023-05-01,0.01695605842161349
2023-11-20,Europe,Office Supplies,Paper,Consumer,4,296.3,107.75,0.0,2023-11-01,0.36365170435369554
2023-01-05,North America,Furniture,Furnishings,Corporate,4,999.34,86.42,0.1,2023-01-01,0.0864770748694138
2023-12-23,Europe,Technology,Phones,Consumer,1,460.76,100.45,0.0,2023-12-01,0.21800937581387275
2024-07-26,North America,Office Supplies,Storage,Home Office,2,162.74,57.04,0.0,2024-07-01,0.350497726434804
2023-01-04,Latin America,Technology,Phones,Home Office,1,290.9,51.94,0.0,2023-01-01,0.1785493296665521
2024-11-20,North America,Technology,Phones,Corporate,3,2609.17,-127.59,0.2,2024-11-01,-0.0489006082394018
2024-03-04,Europe,Office Supplies,Binders,Consumer,3,150.41,-7.11,0.3,2024-03-01,-0.04727079316534805
2024-03-11,Middle East & Africa,Office Supplies,Storage,Home Office,1,35.77,4.79,0.15,2024-03-01,0.13391109868604975
2024-02-16,Europe,Furniture,Chairs,Consumer,1,109.69,7.39,0.15,2024-02-01,0.06737168383626584
2024-06-22,North America,Office Supplies,Paper,Corporate,2,117.82,40.7,0.0,2024-06-01,0.34544219996604997
2024-06-07,Europe,Office Supplies,Paper,Consumer,1,43.93,8.35,0.1,2024-06-01,0.19007511950830866
2023-08-30,Asia Pacific,Technology,Copiers,Consumer,3,715.32,79.46,0.1,2023-08-01,0.11108315159648827
2023-08-03,Latin America,Office Supplies,Paper,Corporate,1,49.54,20.29,0.0,2023-08-01,0.4095680258377069
2023-04-29,Latin America,Office Supplies,Paper,Consumer,4,178.82,38.39,0.1,2023-04-01,0.2146851582597025
2023-09-03,Asia Pacific,Furniture,Chairs,Consumer,1,321.15,82.99,0.0,2023-09-01,0.25841507083917176
2023-01-29,North America,Office Supplies,Storage,Consumer,2,88.16,34.57,0.0,2023-01-01,0.3921279491833031
2023-12-10,Middle East & Africa,Technology,Phones,Consumer,3,1589.13,394.72,0.0,2023-12-01,0.24838748245895553
2024-01-22,North America,Office Supplies,Art,Corporate,1,30.42,0.57,0.3,2024-01-01,0.01873767258382643
2023-01-03,North America,Technology,Phones,Corporate,2,598.2,-204.89,0.4,2023-01-01,-0.3425108659311267
2024-02-22,Europe,Furniture,Furnishings,Consumer,2,374.12,51.0,0.0,2024-02-01,0.1363198973591361
2023-11-23,North America,Technology,Phones,Home Office,1,700.69,212.16,0.0,2023-11-01,0.30278725256532846
2024-11-18,North America,Technology,Phones,Home Office,4,1993.49,554.28,0.0,2024-11-01,0.27804503659411384
2023-07-14,Latin America,Technology,Phones,Home Office,2,846.36,93.53,0.1,2023-07-01,0.11050853064889644
2024-12-19,Latin America,Office Supplies,Binders,Corporate,2,94.87,27.09,0.1,2024-12-01,0.28554864551491516
2024-05-25,Asia Pacific,Office Supplies,Storage,Corporate,2,73.45,37.93,0.0,2024-05-01,0.5164057181756296
2024-07-26,Middle East & Africa,Office Supplies,Art,Home Office,3,162.06,-15.17,0.3,2024-07-01,-0.09360730593607305
2024-03-13,Europe,Office Supplies,Art,Corporate,1,5.0,2.08,0.0,2024-03-01,0.41600000000000004
2023-03-12,Latin America,Technology,Accessories,Home Office,4,1173.44,213.95,0.0,2023-03-01,0.1823271748022907
2024-10-07,North America,Furniture,Chairs,Consumer,1,196.01,-37.16,0.3,2024-10-01,-0.18958216417529716
2023-03-31,Europe,Technology,Accessories,Consumer,1,233.87,-1.78,0.2,2023-03-01,-0.0076110659768247315
2024-10-21,Europe,Furniture,Tables,Consumer,2,511.78,-237.95,0.4,2024-10-01,-0.4649458751807417
2024-07-14,Europe,Furniture,Furnishings,Corporate,4,546.86,-113.72,0.3,2024-07-01,-0.20795084665179386
2024-08-03,North America,Technology,Machines,Consumer,3,553.93,-36.49,0.2,2024-08-01,-0.06587474951708701
2023-06-24,Latin America,Furniture,Chairs,Consumer,5,1529.38,-1000.94,0.5,2023-06-01,-0.6544743621598295
2023-07-20,North America,Technology,Copiers,Corporate,5,1713.43,-66.34,0.2,2023-07-01,-0.038717659898566036
2024-07-08,North America,Technology,Copiers,Home Office,1,317.81,102.98,0.0,2024-07-01,0.3240300808659262
2023-12-02,Middle East & Africa,Technology,Phones,Home Office,3,1334.98,267.61,0.0,2023-12-01,0.20045993198399978
2024-01-14,Latin America,Technology,Copiers,Consumer,3,1524.25,21.69,0.15,2024-01-01,0.01422994915532229
2024-08-19,North America,Technology,Phones,Consumer,3,1168.39,-28.17,0.15,2024-08-01,-0.024110100223384313
2024-12-03,Asia Pacific,Office Supplies,Binders,Corporate,3,144.41,61.26,0.0,2024-12-01,0.4242088498026452
2023-04-14,North America,Technology,Accessories,Consumer,1,424.1,8.89,0.15,2023-04-01,0.020962037255364302
2023-11-18,North America,Furniture,Chairs,Consumer,1,392.06,96.8,0.0,2023-11-01,0.24690098454318216
2024-11-20,Latin America,Office Supplies,Binders,Corporate,2,109.99,37.4,0.0,2024-11-01,0.3400309119010819
2024-08-24,Europe,Technology,Phones,Corporate,1,420.48,109.88,0.0,2024-08-01,0.2613203957382039
2023-12-13,North America,Technology,Copiers,Consumer,2,437.23,-13.67,0.2,2023-12-01,-0.03126500926285936
2024-09-30,North America,Furniture,Tables,Consumer,3,564.07,73.24,0.0,2024-09-01,0.12984204088145088
2024-12-03,Europe,Office Supplies,Binders,Home Office,2,135.26,3.88,0.15,2024-12-01,0.02868549460298684
2023-05-27,Asia Pacific,Furniture,Furnishings,Home Office,1,89.18,-7.24,0.15,2023-05-01,-0.08118412200044853
2024-12-05,Europe,Technology,Phones,Corporate,2,1113.41,143.92,0.1,2024-12-01,0.12926055990156365
2024-03-12,Europe,Office Supplies,Binders,Corporate,5,89.56,22.31,0.1,2024-03-01,0.24910674408217953
2024-05-08,Middle East & Africa,Technology,Copiers,Home Office,3,799.65,59.74,0.1,2024-05-01,0.07470768461201777
2024-08-08,Latin America,Office Supplies,Paper,Consumer,3,104.7,46.77,0.0,2024-08-01,0.4467048710601719
2023-10-03,Europe,Office Supplies,Binders,Corporate,2,38.11,13.27,0.0,2023-10-01,0.3482025715035424
2024-04-14,Latin America,Office Supplies,Art,Consumer,1,59.28,4.43,0.2,2024-04-01,0.07473009446693657
2023-09-17,Middle East & Africa,Technology,Copiers,Home Office,1,259.05,-1.57,0.15,2023-09-01,-0.006060606060606061
2023-03-16,North America,Office Supplies,Paper,Consumer,2,89.6,40.2,0.0,2023-03-01,0.44866071428571436
2023-08-04,Europe,Technology,Phones,Consumer,1,263.56,88.84,0.0,2023-08-01,0.3370769464258613
2024-11-27,North America,Furniture,Tables,Home Office,2,636.7,-27.0,0.15,2024-11-01,-0.04240615674572012
2024-07-20,Middle East & Africa,Technology,Machines,Corporate,2,498.54,74.08,0.1,2024-07-01,0.14859389417097926
2024-08-15,North America,Technology,Machines,Corporate,2,414.4,-52.52,0.3,2024-08-01,-0.12673745173745174
2023-01-15,Latin America,Technology,Copiers,Consumer,2,112.97,-42.18,0.4,2023-01-01,-0.3733734619810569
2023-06-21,Europe,Technology,Accessories,Consumer,5,3187.75,587.12,0.0,2023-06-01,0.18418006430868167
2024-05-17,Middle East & Africa,Office Supplies,Binders,Corporate,3,68.33,24.66,0.0,2024-05-01,0.3608956534465096
2024-01-28,Asia Pacific,Furniture,Bookcases,Home Office,4,1369.1,69.33,0.1,2024-01-01,0.050639105982031994
2023-09-27,Europe,Office Supplies,Binders,Home Office,4,142.07,-17.63,0.3,2023-09-01,-0.12409375659885971
2024-12-15,North America,Office Supplies,Binders,Consumer,2,141.39,-29.53,0.3,2024-12-01,-0.20885494023622608
2023-05-30,North America,Office Supplies,Storage,Home Office,2,92.45,18.92,0.15,2023-05-01,0.2046511627906977
2023-11-21,North America,Technology,Machines,Corporate,3,1259.67,399.82,0.0,2023-11-01,0.3174005890431621
2023-02-04,Latin America,Office Supplies,Art,Consumer,4,115.94,30.34,0.1,2023-02-01,0.2616870795238917
2024-06-28,Europe,Technology,Accessories,Home Office,1,337.03,-187.11,0.5,2024-06-01,-0.5551731299884284
2024-12-25,North America,Office Supplies,Binders,Consumer,2,121.09,45.69,0.0,2024-12-01,0.3773226525724667
2023-11-09,Asia Pacific,Technology,Phones,Consumer,5,2817.26,93.83,0.15,2023-11-01,0.03330541022127883
2023-04-15,Asia Pacific,Office Supplies,Art,Home Office,2,83.33,8.32,0.15,2023-04-01,0.0998439937597504
2023-07-18,North America,Technology,Accessories,Corporate,2,828.46,58.9,0.1,2023-07-01,0.07109576805156555
2024-01-05,North America,Office Supplies,Binders,Consumer,4,149.64,27.7,0.15,2024-01-01,0.1851109329056402
2024-01-17,Europe,Technology,Copiers,Corporate,1,222.84,15.41,0.15,2024-01-01,0.06915275534015437
2023-05-18,North America,Technology,Phones,Consumer,1,308.31,92.79,0.0,2023-05-01,0.3009633161428433
2024-05-19,Latin America,Technology,Copiers,Corporate,2,1005.06,292.89,0.0,2024-05-01,0.2914154378843054
2024-11-07,North America,Technology,Phones,Corporate,2,2189.7,305.76,0.1,2024-11-01,0.1396355665159611
2024-09-21,Europe,Furniture,Tables,Consumer,2,420.06,63.24,0.0,2024-09-01,0.15054992143979432
2023-09-21,North America,Office Supplies,Binders,Consumer,4,62.72,25.26,0.0,2023-09-01,0.40274234693877553
2023-06-09,Europe,Furniture,Chairs,Consumer,2,494.33,46.59,0.1,2023-06-01,0.09424878117856493
2024-04-23,Asia Pacific,Office Supplies,Storage,Consumer,1,43.96,9.46,0.1,2024-04-01,0.21519563239308465
2023-07-07,Europe,Office Supplies,Paper,Corporate,1,17.08,5.85,0.0,2023-07-01,0.34250585480093676
2024-01-01,Europe,Office Supplies,Paper,Consumer,3,116.63,49.32,0.0,2024-01-01,0.42287576095344254
2023-01-06,Asia Pacific,Furniture,Bookcases,Home Office,2,350.32,3.31,0.15,2023-01-01,0.009448504224708838
2023-07-23,North America,Technology,Copiers,Home Office,1,414.52,93.77,0.0,2023-07-01,0.22621345170317475
2024-03-29,Europe,Office Supplies,Paper,Corporate,5,206.47,92.45,0.0,2024-03-01,0.4477648084467477
2023-12-03,Europe,Technology,Phones,Home Office,2,1732.77,46.61,0.1,2023-12-01,0.026899126831604888
2023-09-18,Middle East & Africa,Office Supplies,Binders,Consumer,3,113.0,2.07,0.2,2023-09-01,0.018318584070796458
2023-02-24,Latin America,Technology,Accessories,Consumer,4,1484.89,419.83,0.0,2023-02-01,0.2827347480284735
2024-11-30,Asia Pacific,Furniture,Bookcases,Consumer,3,1345.44,265.06,0.0,2024-11-01,0.19700618385063623
2023-01-25,Europe,Technology,Phones,Consumer,3,1108.89,30.57,0.1,2023-01-01,0.027568108649189727
2023-11-04,Asia Pacific,Office Supplies,Art,Consumer,4,239.55,88.51,0.0,2023-11-01,0.3694844500104362
2024-12-30,Europe,Technology,Accessories,Consumer,3,1154.01,106.11,0.15,2024-12-01,0.09194894325005849
2024-05-04,Asia Pacific,Furniture,Furnishings,Consumer,3,158.42,-7.03,0.2,2024-05-01,-0.044375710137608895
2024-12-27,Latin America,Office Supplies,Paper,Consumer,1,45.4,18.01,0.0,2024-12-01,0.3966960352422908
2023-07-07,Asia Pacific,Office Supplies,Storage,Consumer,7,340.67,117.89,0.0,2023-07-01,0.34605336542695275
2023-06-10,Europe,Technology,Phones,Corporate,2,343.0,76.12,0.0,2023-06-01,0.22192419825072887
2024-10-07,Asia Pacific,Office Supplies,Art,Consumer,1,30.87,12.82,0.0,2024-10-01,0.4152899254940071
2024-02-29,North America,Technology,Phones,Corporate,1,295.62,-158.51,0.5,2024-02-01,-0.5361951153507881
2023-01-25,Middle East & Africa,Furniture,Bookcases,Home Office,1,201.11,38.02,0.0,2023-01-01,0.1890507682362886
2023-01-15,Latin America,Furniture,Furnishings,Home Office,3,659.39,-16.59,0.15,2023-01-01,-0.02515961722197789
2024-10-07,Europe,Technology,Machines,Consumer,3,1296.86,74.08,0.15,2024-10-01,0.057122588405841807
2023-03-14,Latin America,Office Supplies,Paper,Consumer,1,48.51,8.57,0.15,2023-03-01,0.17666460523603383
2023-05-09,Middle East & Africa,Technology,Machines,Consumer,3,1655.45,289.31,0.0,2023-05-01,0.17476214926455041
2024-01-11,Latin America,Furniture,Tables,Corporate,1,304.02,-52.82,0.2,2024-01-01,-0.1737385698309322
2023-02-06,North America,Office Supplies,Art,Corporate,1,20.6,4.17,0.1,2023-02-01,0.2024271844660194
2023-01-09,Europe,Office Supplies,Storage,Consumer,5,165.67,67.97,0.0,2023-01-01,0.4102734351421501
2024-01-14,Europe,Furniture,Furnishings,Home Office,3,723.8,-17.34,0.1,2024-01-01,-0.02395689416966013
2023-08-17,Europe,Office Supplies,Binders,Consumer,2,42.04,8.49,0.15,2023-08-01,0.20195052331113225
2024-10-01,Europe,Office Supplies,Art,Home Office,3,118.4,19.77,0.2,2024-10-01,0.16697635135135133
2023-04-22,North America,Furniture,Tables,Corporate,3,649.32,-342.71,0.5,2023-04-01,-0.5277983120803301
2024-11-04,Asia Pacific,Office Supplies,Binders,Corporate,3,242.82,97.86,0.0,2024-11-01,0.4030145787002718
2023-11-10,North America,Technology,Machines,Home Office,2,812.79,165.06,0.0,2023-11-01,0.2030782859041081
2023-11-06,Asia Pacific,Office Supplies,Art,Corporate,3,203.94,31.76,0.15,2023-11-01,0.15573207806217515
2023-03-12,Europe,Office Supplies,Binders,Consumer,1,28.89,2.38,0.15,2023-03-01,0.08238144686742817
2023-11-06,Middle East & Africa,Office Supplies,Paper,Consumer,1,49.85,22.58,0.0,2023-11-01,0.4529588766298896
2024-12-01,North America,Office Supplies,Storage,Corporate,2,179.93,77.69,0.0,2024-12-01,0.4317790251764575
2023-10-13,North America,Office Supplies,Art,Corporate,1,33.13,5.21,0.15,2023-10-01,0.15725928161786898
2024-12-19,Latin America,Office Supplies,Art,Consumer,2,81.61,6.54,0.2,2024-12-01,0.0801372380835682
2024-02-24,North America,Office Supplies,Art,Corporate,2,75.39,19.42,0.0,2024-02-01,0.25759384533757795
2023-06-01,Europe,Furniture,Furnishings,Home Office,2,448.44,-77.41,0.2,2023-06-01,-0.17262064044242262
2024-08-14,North America,Technology,Accessories,Corporate,3,1516.76,386.58,0.0,2024-08-01,0.25487222764313405
2023-12-04,Latin America,Technology,Copiers,Corporate,5,4163.52,-37.33,0.15,2023-12-01,-0.008965971101375758
2024-03-29,North America,Office Supplies,Paper,Corporate,5,141.0,-30.42,0.4,2024-03-01,-0.21574468085106385
2024-04-09,Latin America,Office Supplies,Art,Corporate,2,113.11,18.71,0.1,2024-04-01,0.1654141985677659
2024-01-07,Asia Pacific,Furniture,Furnishings,Corporate,7,1582.03,-796.47,0.4,2024-01-01,-0.503448101489858
2024-03-21,Europe,Furniture,Furnishings,Consumer,2,269.99,7.51,0.1,2024-03-01,0.027815845031297453
2023-05-26,Middle East & Africa,Furniture,Tables,Consumer,2,190.42,44.18,0.0,2023-05-01,0.23201344396596998
2024-01-01,North America,Furniture,Bookcases,Consumer,3,398.23,-13.12,0.15,2024-01-01,-0.03294578509906335
2024-02-24,Europe,Furniture,Tables,Corporate,4,1114.91,106.09,0.1,2024-02-01,0.09515566278892466
2024-08-03,Europe,Office Supplies,Art,Consumer,5,250.94,30.04,0.15,2024-08-01,0.11970989081055232
2023-11-20,North America,Technology,Copiers,Consumer,4,2069.17,588.34,0.0,2023-11-01,0.2843362314357931
2023-09-08,Latin America,Furniture,Chairs,Consumer,2,503.06,-16.65,0.1,2023-09-01,-0.03309744364489325
2023-11-27,North America,Furniture,Chairs,Consumer,2,731.29,193.63,0.0,2023-11-01,0.26477867877312694
2023-06-10,Europe,Office Supplies,Storage,Consumer,3,90.84,6.44,0.2,2023-06-01,0.07089387934830471
2023-10-12,Europe,Office Supplies,Storage,Consumer,2,78.01,3.09,0.2,2023-10-01,0.03961030637097807
2024-04-02,Middle East & Africa,Office Supplies,Art,Consumer,4,205.91,77.63,0.0,2024-04-01,0.3770093730270506
2023-08-28,North America,Technology,Accessories,Consumer,2,641.54,-140.25,0.3,2023-08-01,-0.21861458365807276
2023-10-27,Asia Pacific,Furniture,Chairs,Consumer,1,214.77,35.03,0.0,2023-10-01,0.16310471667365087
2023-05-28,Latin America,Technology,Phones,Consumer,2,845.5,-255.66,0.4,2023-05-01,-0.3023772915434654
2024-05-31,Europe,Office Supplies,Binders,Consumer,2,88.72,1.83,0.2,2024-05-01,0.02062669071235347
2023-02-03,Europe,Office Supplies,Storage,Consumer,3,48.35,-21.96,0.5,2023-02-01,-0.45418821096173734
2023-09-13,Europe,Technology,Machines,Consumer,2,656.35,188.17,0.0,2023-09-01,0.2866915517635408
2024-02-19,Europe,Office Supplies,Storage,Consumer,2,89.5,30.85,0.0,2024-02-01,0.3446927374301676
2023-03-15,Asia Pacific,Office Supplies,Storage,Home Office,1,49.74,20.9,0.0,2023-03-01,0.42018496180136705
2024-08-04,Asia Pacific,Furniture,Bookcases,Corporate,4,1034.62,186.26,0.0,2024-08-01,0.18002744969167425
2024-08-23,Europe,Technology,Machines,Home Office,2,843.58,288.75,0.0,2024-08-01,0.3422911875577894
2023-01-29,Asia Pacific,Office Supplies,Art,Home Office,2,90.82,43.5,0.0,2023-01-01,0.4789693900022022
2023-08-16,Asia Pacific,Furniture,Chairs,Home Office,1,100.84,4.74,0.15,2023-08-01,0.04700515668385561
2023-10-03,Europe,Office Supplies,Binders,Consumer,4,138.17,-3.0,0.2,2023-10-01,-0.021712383295939785
2023-06-21,North America,Office Supplies,Art,Consumer,1,72.95,30.15,0.0,2023-06-01,0.41329677861549
2023-11-12,Europe,Office Supplies,Paper,Consumer,4,369.94,47.63,0.1,2023-11-01,0.12875060820673623
2024-09-16,North America,Office Supplies,Art,Consumer,1,28.39,13.78,0.0,2024-09-01,0.4853821768228249
2023-04-07,Middle East & Africa,Office Supplies,Paper,Consumer,1,46.08,9.56,0.15,2023-04-01,0.2074652777777778
2024-10-30,North America,Technology,Phones,Home Office,5,1410.57,331.75,0.0,2024-10-01,0.23518861169598107
2024-11-12,Latin America,Technology,Copiers,Consumer,2,1563.77,-746.47,0.5,2024-11-01,-0.4773528076379519
2024-04-21,Middle East & Africa,Office Supplies,Binders,Consumer,4,93.22,12.87,0.2,2024-04-01,0.13806050203818923
2024-03-18,Asia Pacific,Technology,Copiers,Consumer,1,325.85,13.23,0.15,2024-03-01,0.04060150375939849
2024-09-05,Middle East & Africa,Office Supplies,Art,Corporate,1,37.59,3.53,0.15,2024-09-01,0.09390795424314977
2024-04-06,North America,Technology,Phones,Corporate,2,986.15,324.52,0.0,2024-04-01,0.32907772651219386
2023-07-02,Europe,Office Supplies,Art,Corporate,4,222.08,69.11,0.0,2023-07-01,0.31119416426512964
2024-05-03,Latin America,Office Supplies,Storage,Consumer,7,305.13,25.92,0.15,2024-05-01,0.08494739946907875
2024-04-28,Asia Pacific,Office Supplies,Storage,Home Office,1,45.23,21.11,0.0,2024-04-01,0.46672562458545214
2023-03-12,Europe,Technology,Accessories,Corporate,3,1057.19,-155.69,0.3,2023-03-01,-0.147267756978405
2024-01-30,Europe,Technology,Machines,Consumer,4,2345.74,647.95,0.0,2024-01-01,0.2762241339619907
2024-10-25,Europe,Office Supplies,Paper,Consumer,2,119.6,-27.57,0.4,2024-10-01,-0.23051839464882945
2024-09-10,Asia Pacific,Furniture,Furnishings,Consumer,1,285.29,-122.12,0.4,2024-09-01,-0.42805566265904865
2024-02-28,North America,Technology,Phones,Corporate,4,1608.21,-580.62,0.4,2024-02-01,-0.36103493946686066
2024-04-20,Asia Pacific,Technology,Phones,Corporate,3,1021.87,323.94,0.0,2024-04-01,0.3170070556920156
2024-12-31,North America,Office Supplies,Art,Consumer,4,114.23,38.26,0.0,2024-12-01,0.33493828241267615
2024-07-08,North America,Furniture,Bookcases,Home Office,5,856.19,210.11,0.0,2024-07-01,0.24540113759796306
2024-06-21,North America,Furniture,Chairs,Corporate,1,290.56,37.61,0.1,2024-06-01,0.1294397026431718
2024-09-26,Europe,Furniture,Bookcases,Consumer,1,289.21,71.12,0.0,2024-09-01,0.24591127554372258
2023-04-10,North America,Technology,Phones,Corporate,1,366.64,-0.34,0.2,2023-04-01,-0.000927340170194196
2024-06-14,Europe,Office Supplies,Storage,Corporate,1,57.53,25.15,0.0,2024-06-01,0.4371632191899878
2024-05-30,Asia Pacific,Office Supplies,Art,Consumer,1,31.46,13.05,0.0,2024-05-01,0.41481246026700574
2024-03-26,Latin America,Technology,Machines,Home Office,3,1196.29,52.26,0.2,2024-03-01,0.04368505964272877
2024-12-06,Asia Pacific,Technology,Copiers,Consumer,3,1835.84,365.19,0.0,2024-12-01,0.19892256405786998
2023-10-12,Latin America,Furniture,Bookcases,Corporate,3,624.07,-353.53,0.5,2023-10-01,-0.5664909385165124
2024-12-24,Latin America,Furniture,Tables,Consumer,2,920.8,-316.87,0.3,2024-12-01,-0.344124674196351
2024-06-14,Europe,Office Supplies,Paper,Corporate,3,124.96,-11.19,0.3,2024-06-01,-0.08954865556978234
2024-06-08,Middle East & Africa,Office Supplies,Binders,Corporate,1,33.07,10.88,0.0,2024-06-01,0.32899909283338374
2024-04-08,North America,Furniture,Bookcases,Home Office,3,624.36,-42.94,0.15,2024-04-01,-0.06877442501121148
2024-10-12,Asia Pacific,Furniture,Bookcases,Consumer,3,510.94,126.3,0.0,2024-10-01,0.24719145105100404
2024-08-03,Asia Pacific,Office Supplies,Storage,Consumer,2,69.32,11.83,0.15,2024-08-01,0.1706578188113099
2023-06-15,North America,Office Supplies,Art,Corporate,2,117.38,22.04,0.1,2023-06-01,0.18776622934060316
2023-08-19,Asia Pacific,Technology,Phones,Consumer,3,1080.45,338.27,0.0,2023-08-01,0.31308251191633113
2024-09-05,Europe,Furniture,Tables,Consumer,4,917.03,-396.56,0.4,2024-09-01,-0.4324395057958846
2023-06-03,Latin America,Technology,Phones,Home Office,2,850.01,30.37,0.15,2023-06-01,0.03572899142363031
2024-04-24,Europe,Office Supplies,Binders,Corporate,2,81.46,22.7,0.1,2024-04-01,0.27866437515344955
2024-02-21,Asia Pacific,Furniture,Furnishings,Home Office,1,245.32,58.55,0.0,2024-02-01,0.2386678623838252
2023-09-20,North America,Furniture,Chairs,Corporate,1,273.87,74.6,0.0,2023-09-01,0.2723920108080476
2024-03-31,Europe,Office Supplies,Paper,Corporate,2,96.35,1.14,0.2,2024-03-01,0.011831862999481059
2024-04-13,Europe,Office Supplies,Art,Consumer,1,32.35,-3.15,0.3,2024-04-01,-0.09737248840803708
2024-03-10,Latin America,Technology,Machines,Home Office,2,476.94,-220.78,0.4,2024-03-01,-0.4629093806348807
2024-01-23,Europe,Furniture,Tables,Consumer,2,371.5,13.92,0.1,2024-01-01,0.03746971736204576
2023-02-06,North America,Office Supplies,Binders,Consumer,3,125.08,45.69,0.0,2023-02-01,0.3652862168212344
2023-09-02,North America,Technology,Accessories,Consumer,2,846.61,131.03,0.1,2023-09-01,0.15477020115519544
2024-05-02,Europe,Furniture,Furnishings,Corporate,1,406.35,77.92,0.0,2024-05-01,0.1917558754768057
2023-08-09,Europe,Technology,Accessories,Corporate,6,1033.41,179.6,0.0,2023-08-01,0.17379355725220386
2024-03-11,North America,Technology,Machines,Consumer,3,1280.14,-122.17,0.2,2024-03-01,-0.09543487431062227
2024-06-05,Latin America,Technology,Copiers,Corporate,2,779.81,50.1,0.15,2024-06-01,0.06424641899949989
2023-12-07,Middle East & Africa,Office Supplies,Binders,Consumer,5,409.58,18.58,0.2,2023-12-01,0.04536354314175497
2023-08-29,North America,Furniture,Chairs,Corporate,3,994.71,6.23,0.1,2023-08-01,0.006263131968111309
2024-06-03,Europe,Technology,Machines,Corporate,5,1810.41,-413.12,0.3,2024-06-01,-0.22819140415706937
2023-05-21,North America,Furniture,Chairs,Consumer,2,566.86,5.15,0.15,2023-05-01,0.00908513565959849
2024-12-04,Middle East & Africa,Furniture,Bookcases,Home Office,3,1433.8,80.82,0.1,2024-12-01,0.05636769423908495
2024-12-10,Europe,Technology,Phones,Home Office,3,1741.85,101.77,0.1,2024-12-01,0.05842638573930017
2023-07-15,Europe,Technology,Machines,Consumer,4,1666.45,166.66,0.1,2023-07-01,0.10000900117015211
2024-03-15,Latin America,Office Supplies,Storage,Consumer,2,53.08,9.57,0.1,2024-03-01,0.18029389600602866
2023-11-22,Middle East & Africa,Technology,Copiers,Consumer,4,2946.69,336.33,0.1,2023-11-01,0.11413823646192846
2024-04-13,Asia Pacific,Technology,Copiers,Corporate,3,1974.88,399.61,0.1,2024-04-01,0.2023464716843555
2023-02-12,North America,Technology,Copiers,Consumer,3,767.85,-320.59,0.4,2023-02-01,-0.41751644201341404
2023-09-21,Europe,Technology,Accessories,Consumer,2,1089.42,291.68,0.0,2023-09-01,0.26773879679095297
2024-11-11,North America,Furniture,Tables,Consumer,4,1354.3,38.97,0.1,2024-11-01,0.02877501292180462
2023-09-01,Asia Pacific,Technology,Copiers,Corporate,1,624.26,183.29,0.0,2023-09-01,0.29361163617723385
2023-01-08,Europe,Technology,Accessories,Consumer,3,1288.06,-191.76,0.2,2023-01-01,-0.1488750524043911
2023-02-02,Asia Pacific,Furniture,Bookcases,Corporate,1,310.45,86.36,0.0,2023-02-01,0.2781768400708649
2024-06-06,Middle East & Africa,Furniture,Bookcases,Home Office,3,1080.02,-34.5,0.15,2024-06-01,-0.03194385289161312
2024-08-13,Asia Pacific,Furniture,Chairs,Consumer,4,545.06,123.66,0.0,2024-08-01,0.22687410560305288
2024-08-08,North America,Technology,Phones,Consumer,1,442.55,-230.85,0.5,2024-08-01,-0.5216359733363461
2023-08-10,Asia Pacific,Technology,Copiers,Consumer,3,1525.12,117.58,0.15,2023-08-01,0.07709557280738566
2023-03-04,Europe,Furniture,Tables,Home Office,3,821.02,9.09,0.15,2023-03-01,0.011071593871038465
2023-03-07,Europe,Office Supplies,Binders,Home Office,1,46.61,9.75,0.15,2023-03-01,0.20918257884574126
2023-08-10,Latin America,Technology,Copiers,Consumer,2,135.67,33.38,0.0,2023-08-01,0.2460381808800767
2023-02-27,Europe,Office Supplies,Paper,Consumer,1,38.61,11.43,0.0,2023-02-01,0.29603729603729606
2024-09-30,Asia Pacific,Technology,Accessories,Home Office,2,528.19,-19.81,0.2,2024-09-01,-0.037505443117060146
2023-06-28,Middle East & Africa,Technology,Phones,Home Office,1,414.43,138.1,0.0,2023-06-01,0.33322877204835555
2024-08-30,North America,Technology,Phones,Corporate,4,1502.58,-240.46,0.3,2024-08-01,-0.16003141263693116
2023-02-01,Europe,Furniture,Bookcases,Corporate,4,865.46,198.68,0.0,2023-02-01,0.22956578004760475
2024-10-28,Asia Pacific,Office Supplies,Paper,Home Office,5,164.22,37.38,0.1,2024-10-01,0.22762148337595908
2023-09-03,Latin America,Office Supplies,Art,Consumer,5,174.69,77.06,0.0,2023-09-01,0.44112427729120157
2023-01-27,Asia Pacific,Office Supplies,Binders,Consumer,4,111.74,28.96,0.0,2023-01-01,0.25917308036513337
2024-03-28,North America,Furniture,Bookcases,Consumer,1,157.98,39.25,0.0,2024-03-01,0.24844917078111156
2024-12-25,Latin America,Furniture,Bookcases,Corporate,1,357.74,77.65,0.0,2024-12-01,0.21705708056130152
2024-08-29,North America,Furniture,Tables,Consumer,2,980.05,153.53,0.0,2024-08-01,0.15665527269016888
2024-12-11,North America,Office Supplies,Paper,Consumer,2,191.37,68.36,0.0,2024-12-01,0.35721377436379786
2024-03-09,Asia Pacific,Furniture,Furnishings,Corporate,1,299.48,-113.2,0.4,2024-03-01,-0.377988513423267
2023-11-17,North America,Technology,Copiers,Home Office,1,692.73,-4.74,0.2,2023-11-01,-0.006842492746091551
2024-04-25,Latin America,Technology,Accessories,Corporate,2,740.12,165.04,0.0,2024-04-01,0.22299086634599793
2024-02-14,Latin America,Furniture,Bookcases,Corporate,2,462.64,32.23,0.15,2024-02-01,0.06966539858205083
2023-07-18,Europe,Office Supplies,Storage,Home Office,2,89.02,12.15,0.15,2023-07-01,0.13648618288025163
2023-01-05,Middle East & Africa,Technology,Accessories,Consumer,3,378.82,-18.37,0.2,2023-01-01,-0.04849268782007286
2024-01-14,Asia Pacific,Office Supplies,Binders,Consumer,2,121.78,41.01,0.0,2024-01-01,0.3367548037444572
2024-05-28,North America,Office Supplies,Binders,Consumer,2,72.16,23.83,0.1,2024-05-01,0.3302383592017738
2023-03-09,Europe,Office Supplies,Art,Corporate,2,85.31,21.57,0.1,2023-03-01,0.2528425741413668
2024-04-24,Latin America,Office Supplies,Paper,Corporate,1,19.65,8.93,0.0,2024-04-01,0.4544529262086514
2023-10-28,Asia Pacific,Furniture,Chairs,Home Office,1,142.0,-1.91,0.2,2023-10-01,-0.013450704225352113
2023-08-13,Europe,Office Supplies,Storage,Corporate,2,57.64,19.26,0.0,2023-08-01,0.3341429562803609
2024-06-06,North America,Technology,Machines,Consumer,3,1286.61,81.15,0.15,2024-06-01,0.06307272600088606
2023-07-20,Latin America,Office Supplies,Paper,Consumer,2,80.68,12.06,0.1,2023-07-01,0.14947942488844818
2023-09-18,North America,Office Supplies,Storage,Consumer,2,126.75,46.09,0.0,2023-09-01,0.36362919132149907
2023-05-07,Europe,Office Supplies,Art,Corporate,4,96.87,9.83,0.15,2023-05-01,0.1014762052234954
2024-09-25,Asia Pacific,Furniture,Furnishings,Corporate,2,274.16,-3.35,0.15,2024-09-01,-0.012219142106798949
2024-07-11,Asia Pacific,Technology,Accessories,Consumer,2,649.77,-271.03,0.4,2024-07-01,-0.417116825953799
2024-06-07,North America,Technology,Phones,Corporate,2,899.6,316.46,0.0,2024-06-01,0.35177856825255666
2023-04-26,Europe,Office Supplies,Binders,Consumer,1,41.21,13.03,0.0,2023-04-01,0.31618539189517103
2023-11-14,North America,Furniture,Bookcases,Corporate,3,1782.4,24.47,0.1,2023-11-01,0.013728680430879712
2024-07-01,Europe,Technology,Copiers,Corporate,2,1085.96,284.99,0.0,2024-07-01,0.26243139710486574
2023-02-27,Europe,Furniture,Chairs,Corporate,3,503.46,-111.02,0.3,2023-02-01,-0.22051404282366027
2024-02-19,Asia Pacific,Office Supplies,Binders,Consumer,3,34.12,12.85,0.0,2024-02-01,0.3766119577960141
2024-06-20,North America,Technology,Machines,Corporate,2,402.79,85.28,0.0,2024-06-01,0.21172323046748925
2023-07-07,Asia Pacific,Office Supplies,Paper,Consumer,2,88.01,-11.36,0.3,2023-07-01,-0.1290762413362118
2024-05-29,Europe,Office Supplies,Storage,Corporate,1,37.85,16.5,0.0,2024-05-01,0.43593130779392336
2024-09-05,Latin America,Office Supplies,Paper,Corporate,1,42.26,11.91,0.1,2024-09-01,0.28182678655939425
2024-09-27,Europe,Furniture,Tables,Consumer,1,134.9,-58.21,0.4,2024-09-01,-0.43150481838398813
2023-10-18,Asia Pacific,Technology,Copiers,Corporate,3,826.2,219.77,0.0,2023-10-01,0.26600096828854997
2024-07-01,Latin America,Office Supplies,Binders,Consumer,2,62.4,12.11,0.1,2024-07-01,0.19407051282051282
2024-03-17,North America,Furniture,Chairs,Corporate,4,1169.24,269.07,0.0,2024-03-01,0.23012384112757003
2023-12-09,Europe,Office Supplies,Binders,Home Office,4,246.5,71.33,0.0,2023-12-01,0.2893711967545639
2023-03-06,Latin America,Office Supplies,Art,Consumer,1,24.49,7.59,0.1,2023-03-01,0.3099224173131891
2024-01-02,Europe,Office Supplies,Storage,Corporate,2,34.45,9.96,0.0,2024-01-01,0.2891146589259797
2024-09-07,Middle East & Africa,Office Supplies,Paper,Corporate,1,28.94,11.28,0.0,2024-09-01,0.38977194194885967
2023-01-29,North America,Office Supplies,Paper,Consumer,4,230.18,38.52,0.15,2023-01-01,0.1673472934225389
2024-07-23,North America,Office Supplies,Binders,Home Office,1,30.75,2.73,0.2,2024-07-01,0.08878048780487804
2023-10-17,Middle East & Africa,Furniture,Furnishings,Corporate,3,813.87,-232.01,0.3,2023-10-01,-0.2850700971899689
2024-08-10,Middle East & Africa,Technology,Copiers,Consumer,3,845.09,208.52,0.0,2024-08-01,0.24674295045498112
2023-10-01,Asia Pacific,Furniture,Chairs,Consumer,2,443.97,102.71,0.0,2023-10-01,0.2313444602112755
2024-01-10,North America,Furniture,Chairs,Consumer,3,625.11,-20.88,0.15,2024-01-01,-0.033402121226664104
2024-10-28,Middle East & Africa,Technology,Machines,Corporate,3,871.5,251.35,0.0,2024-10-01,0.28841078600114745
2024-08-13,Middle East & Africa,Furniture,Furnishings,Home Office,2,322.58,-64.34,0.3,2024-08-01,-0.19945439890879785
2023-03-28,Latin America,Furniture,Tables,Corporate,1,256.78,50.99,0.0,2023-03-01,0.19857465534698968
2024-10-04,Latin America,Office Supplies,Binders,Corporate,5,203.32,55.19,0.1,2024-10-01,0.2714440291166634
2024-10-05,Asia Pacific,Technology,Accessories,Consumer,1,512.62,133.01,0.0,2024-10-01,0.25947095314267876
2024-12-02,North America,Office Supplies,Storage,Consumer,1,67.87,23.37,0.0,2024-12-01,0.3443347576248711
2024-07-03,Asia Pacific,Office Supplies,Paper,Consumer,5,118.53,7.36,0.2,2024-07-01,0.06209398464523749
2023-07-05,Asia Pacific,Office Supplies,Storage,Consumer,2,104.11,-1.49,0.2,2023-07-01,-0.014311785611372587
2023-01-28,Europe,Furniture,Bookcases,Consumer,5,1196.36,-341.74,0.3,2023-01-01,-0.28564980440670035
2024-08-23,North America,Technology,Accessories,Home Office,2,273.52,-150.11,0.4,2024-08-01,-0.5488081310324657
2023-02-18,Asia Pacific,Office Supplies,Binders,Consumer,1,29.95,11.59,0.0,2023-02-01,0.38697829716193655
2024-05-01,Latin America,Technology,Machines,Home Office,1,310.33,24.02,0.1,2024-05-01,0.07740147584829053
2024-01-29,North America,Technology,Phones,Corporate,2,888.88,82.01,0.15,2024-01-01,0.09226217262172623
2024-08-03,Asia Pacific,Technology,Machines,Consumer,2,958.37,98.93,0.1,2024-08-01,0.10322735477946932
2024-12-14,Asia Pacific,Office Supplies,Storage,Corporate,1,78.66,9.09,0.15,2024-12-01,0.11556064073226545
2023-07-15,Asia Pacific,Office Supplies,Storage,Consumer,2,54.5,14.52,0.1,2023-07-01,0.26642201834862383
2023-01-11,Latin America,Technology,Copiers,Corporate,4,1495.83,-143.61,0.2,2023-01-01,-0.09600689917971963
2023-10-25,North America,Office Supplies,Storage,Consumer,1,20.92,5.87,0.0,2023-10-01,0.2805927342256214
2024-07-29,North America,Technology,Copiers,Corporate,5,2311.36,29.0,0.15,2024-07-01,0.012546725737228297
2024-03-30,North America,Technology,Accessories,Consumer,2,444.23,-140.59,0.4,2024-03-01,-0.31648020169731894
2023-07-24,North America,Technology,Phones,Consumer,2,343.91,-4.97,0.15,2023-07-01,-0.014451455322613473
2024-10-07,North America,Office Supplies,Art,Consumer,3,138.56,35.02,0.1,2024-10-01,0.25274249422632794
2023-08-26,North America,Technology,Copiers,Corporate,1,313.8,36.59,0.1,2023-08-01,0.11660293180369663
2024-04-17,Asia Pacific,Office Supplies,Paper,Consumer,3,129.79,57.86,0.0,2024-04-01,0.44579705678403575
2024-08-07,Asia Pacific,Technology,Accessories,Consumer,3,1169.91,123.72,0.1,2024-08-01,0.10575172449162755
2024-04-18,Europe,Office Supplies,Art,Home Office,4,215.17,50.88,0.1,2024-04-01,0.23646419110470793
2023-04-08,North America,Office Supplies,Storage,Home Office,3,174.78,61.53,0.0,2023-04-01,0.3520425677995194
2024-07-08,Europe,Technology,Phones,Consumer,1,539.1,42.85,0.15,2024-07-01,0.0794843257280653
2023-08-14,North America,Technology,Machines,Corporate,4,1991.32,-83.01,0.2,2023-08-01,-0.04168591687925598
2023-10-17,Asia Pacific,Office Supplies,Paper,Home Office,4,175.75,-14.16,0.3,2023-10-01,-0.08056899004267426
2023-07-15,Latin America,Office Supplies,Storage,Consumer,3,153.05,58.94,0.0,2023-07-01,0.38510290754655335
2024-07-12,North America,Technology,Machines,Corporate,3,856.73,-388.7,0.5,2024-07-01,-0.45370186639898213
2023-02-04,North America,Technology,Phones,Consumer,2,668.13,83.44,0.1,2023-02-01,0.12488587550327032
2023-03-16,Europe,Office Supplies,Storage,Consumer,1,28.49,14.23,0.0,2023-03-01,0.4994734994734995
2023-11-25,Europe,Technology,Phones,Consumer,3,2055.56,552.0,0.0,2023-11-01,0.2685399599136002
2024-07-05,Europe,Technology,Copiers,Consumer,2,700.22,209.28,0.0,2024-07-01,0.2988774956442261
2023-06-16,Middle East & Africa,Technology,Phones,Consumer,2,1295.21,23.47,0.2,2023-06-01,0.018120613645663638
2023-08-06,Middle East & Africa,Furniture,Chairs,Consumer,2,726.14,167.35,0.0,2023-08-01,0.23046519954829647
2024-01-08,Europe,Office Supplies,Paper,Consumer,5,212.11,-110.71,0.5,2024-01-01,-0.5219461600113148
2023-10-27,Europe,Office Supplies,Binders,Corporate,1,48.55,14.1,0.0,2023-10-01,0.29042224510813597
2024-12-10,North America,Furniture,Bookcases,Home Office,3,1858.68,327.22,0.0,2024-12-01,0.1760496696580369
2024-05-16,Latin America,Office Supplies,Art,Home Office,1,60.65,15.33,0.0,2024-05-01,0.25276174773289367
2023-11-23,Europe,Furniture,Furnishings,Consumer,2,1043.87,227.7,0.0,2023-11-01,0.21813061013344576
2024-02-29,Latin America,Furniture,Chairs,Consumer,2,576.49,102.89,0.0,2024-02-01,0.1784766431334455
2024-08-02,Europe,Technology,Phones,Corporate,2,1156.81,145.43,0.1,2024-08-01,0.12571640978207313
2024-01-19,North America,Furniture,Bookcases,Corporate,1,385.94,-57.82,0.2,2024-01-01,-0.14981603358034928
2024-04-16,Europe,Technology,Copiers,Corporate,3,1366.75,168.94,0.15,2024-04-01,0.12360709712822389
2023-11-19,Middle East & Africa,Furniture,Tables,Home Office,1,395.05,0.97,0.1,2023-11-01,0.0024553853942538917
2024-01-11,Europe,Technology,Phones,Consumer,1,408.47,-14.47,0.2,2024-01-01,-0.03542487820402967
2023-06-25,Asia Pacific,Office Supplies,Paper,Corporate,1,38.75,8.37,0.1,2023-06-01,0.21599999999999997
2024-08-25,North America,Technology,Accessories,Home Office,6,2207.89,-1209.98,0.5,2024-08-01,-0.548025490400337
2023-10-10,Europe,Technology,Accessories,Corporate,3,1139.68,276.52,0.0,2023-10-01,0.24262951003790534
2024-01-11,North America,Furniture,Furnishings,Home Office,4,170.5,34.92,0.0,2024-01-01,0.2048093841642229
2023-06-06,North America,Office Supplies,Binders,Consumer,1,24.41,1.94,0.2,2023-06-01,0.07947562474395739
2024-01-04,North America,Technology,Machines,Consumer,1,338.74,85.94,0.0,2024-01-01,0.2537049064179016
2023-04-17,Latin America,Office Supplies,Storage,Corporate,3,138.31,28.8,0.1,2023-04-01,0.20822789386161522
2024-07-13,Middle East & Africa,Technology,Machines,Consumer,1,450.27,-37.04,0.2,2024-07-01,-0.0822617540586759
2023-04-21,North America,Technology,Machines,Home Office,3,849.35,170.63,0.0,2023-04-01,0.2008948019073409
2023-09-20,Asia Pacific,Furniture,Furnishings,Consumer,2,667.68,-379.73,0.5,2023-09-01,-0.5687305295950157
2024-08-24,Latin America,Furniture,Tables,Consumer,2,773.4,203.57,0.0,2024-08-01,0.26321437807085596
2023-08-31,Latin America,Furniture,Furnishings,Corporate,3,437.77,146.53,0.0,2023-08-01,0.33471914475637893
2024-08-09,Latin America,Furniture,Tables,Consumer,3,632.16,137.12,0.0,2024-08-01,0.21690711212351305
2023-05-16,North America,Office Supplies,Art,Corporate,1,59.86,-12.0,0.4,2023-05-01,-0.20046775810223855
2024-07-14,Middle East & Africa,Office Supplies,Binders,Consumer,3,85.89,31.29,0.0,2024-07-01,0.3643031784841076
2023-11-23,Middle East & Africa,Office Supplies,Art,Consumer,1,59.61,26.55,0.0,2023-11-01,0.44539506794162054
2024-05-31,Latin America,Technology,Phones,Corporate,3,1084.98,273.75,0.0,2024-05-01,0.252308798318863
2024-10-12,Latin America,Technology,Accessories,Consumer,2,691.47,126.49,0.1,2024-10-01,0.18292912201541642
2024-08-14,Middle East & Africa,Office Supplies,Art,Home Office,1,23.37,6.63,0.1,2024-08-01,0.28369704749679076
2024-09-09,North America,Technology,Phones,Consumer,1,349.66,2.58,0.15,2024-09-01,0.007378596350740719
2023-09-01,North America,Technology,Accessories,Consumer,2,928.89,252.51,0.0,2023-09-01,0.2718405839227465
2024-01-27,Europe,Technology,Phones,Consumer,2,10.0,3.09,0.0,2024-01-01,0.309
2023-09-03,Latin America,Office Supplies,Binders,Corporate,5,181.56,19.75,0.15,2023-09-01,0.10877946684291694
2023-09-07,Latin America,Furniture,Bookcases,Consumer,5,1616.69,344.21,0.0,2023-09-01,0.21291032912927027
2024-02-08,Latin America,Furniture,Tables,Corporate,1,91.93,19.08,0.0,2024-02-01,0.2075492222343087
2023-11-25,North America,Office Supplies,Paper,Corporate,1,78.34,19.61,0.1,2023-11-01,0.25031912177687005
2024-06-25,Asia Pacific,Office Supplies,Paper,Consumer,3,119.13,43.43,0.0,2024-06-01,0.364559724670528
2023-12-01,Latin America,Office Supplies,Art,Corporate,1,62.93,25.73,0.0,2023-12-01,0.4088669950738916
2023-05-08,Asia Pacific,Furniture,Tables,Consumer,6,1509.3,368.16,0.0,2023-05-01,0.24392764857881138
2023-04-19,Europe,Office Supplies,Art,Consumer,3,118.62,44.63,0.0,2023-04-01,0.37624346653178214
2023-03-18,Europe,Office Supplies,Paper,Consumer,6,224.74,26.92,0.15,2023-03-01,0.11978286019400196
2023-01-19,North America,Office Supplies,Storage,Corporate,2,55.54,12.61,0.1,2023-01-01,0.22704357220021607
2024-08-03,Middle East & Africa,Office Supplies,Art,Consumer,1,38.69,5.3,0.15,2024-08-01,0.136986301369863
2024-01-13,North America,Technology,Copiers,Corporate,2,773.22,80.11,0.1,2024-01-01,0.10360570083546726
2023-11-04,Europe,Office Supplies,Storage,Corporate,1,43.6,5.9,0.1,2023-11-01,0.1353211009174312
2024-10-11,North America,Office Supplies,Art,Consumer,1,41.41,2.3,0.2,2024-10-01,0.05554213957981164
2023-12-02,Europe,Furniture,Bookcases,Consumer,2,676.7,2.19,0.15,2023-12-01,0.003236293778631594
2024-07-31,Europe,Furniture,Bookcases,Consumer,3,505.05,-43.17,0.2,2024-07-01,-0.08547668547668548
2023-04-13,Europe,Office Supplies,Paper,Corporate,4,173.32,36.95,0.1,2023-04-01,0.21318947611354722
2024-04-11,Asia Pacific,Office Supplies,Storage,Home Office,3,108.77,20.66,0.1,2024-04-01,0.18994207961754161
2024-09-03,Europe,Office Supplies,Paper,Corporate,4,189.16,46.63,0.1,2024-09-01,0.24651089025163883
2024-11-30,Asia Pacific,Furniture,Furnishings,Home Office,3,688.26,0.07,0.15,2024-11-01,0.00010170575073373435
2023-11-27,North America,Furniture,Furnishings,Corporate,1,346.01,19.68,0.1,2023-11-01,0.056876968873731976
2023-03-29,Latin America,Technology,Accessories,Consumer,4,2717.12,60.53,0.15,2023-03-01,0.02227726416205394
2023-08-10,North America,Technology,Machines,Corporate,1,643.33,176.73,0.0,2023-08-01,0.2747112679340307
2024-06-26,Asia Pacific,Office Supplies,Storage,Consumer,1,24.45,8.5,0.0,2024-06-01,0.34764826175869123
2024-12-20,Latin America,Office Supplies,Paper,Consumer,1,57.51,8.06,0.15,2024-12-01,0.14014953921057208
2023-10-23,Latin America,Office Supplies,Storage,Consumer,3,148.96,61.97,0.0,2023-10-01,0.4160177228786251
2024-09-09,North America,Office Supplies,Art,Home Office,3,168.05,52.21,0.0,2024-09-01,0.3106813448378459
2023-07-06,North America,Office Supplies,Storage,Consumer,4,113.23,49.08,0.0,2023-07-01,0.4334540316170626
2024-12-20,Latin America,Technology,Phones,Consumer,3,1812.33,-184.25,0.2,2024-12-01,-0.10166470786225468
2024-05-17,North America,Technology,Machines,Consumer,5,1518.24,81.87,0.15,2024-05-01,0.053924280746127096
2024-07-05,Europe,Furniture,Furnishings,Consumer,1,430.33,103.93,0.0,2024-07-01,0.24151232774847212
2024-08-15,Europe,Technology,Machines,Consumer,3,986.3,244.17,0.0,2024-08-01,0.247561593835547
2024-10-29,North America,Furniture,Furnishings,Consumer,3,747.23,175.05,0.0,2024-10-01,0.2342652195441832
2024-01-28,Latin America,Technology,Copiers,Consumer,1,606.89,-89.55,0.2,2024-01-01,-0.14755557020217833
2024-12-17,Europe,Office Supplies,Storage,Consumer,3,50.2,20.67,0.0,2024-12-01,0.4117529880478088
2024-07-03,Middle East & Africa,Technology,Phones,Corporate,4,2615.1,879.95,0.0,2024-07-01,0.3364880884096211
2024-10-28,Asia Pacific,Furniture,Chairs,Home Office,2,565.59,-80.25,0.2,2024-10-01,-0.1418872328011457
2024-03-27,North America,Office Supplies,Storage,Corporate,5,153.9,9.31,0.2,2024-03-01,0.06049382716049383
2024-10-11,North America,Technology,Copiers,Consumer,3,371.06,70.21,0.0,2024-10-01,0.18921468226162882
2024-08-27,Middle East & Africa,Technology,Copiers,Consumer,3,854.23,8.83,0.15,2024-08-01,0.010336794540112148
2024-03-22,Latin America,Technology,Phones,Corporate,2,639.6,152.05,0.0,2024-03-01,0.23772670419011882
2024-05-23,North America,Office Supplies,Art,Consumer,5,279.75,122.57,0.0,2024-05-01,0.4381411974977658
2024-11-10,Latin America,Office Supplies,Binders,Consumer,2,98.21,14.02,0.15,2024-11-01,0.1427553202321556
2023-03-16,Asia Pacific,Technology,Copiers,Consumer,3,823.31,-313.69,0.4,2023-03-01,-0.38101079787686293
2023-09-01,Europe,Office Supplies,Binders,Consumer,2,105.34,53.71,0.0,2023-09-01,0.5098727928612113
2024-07-13,North America,Office Supplies,Art,Home Office,4,155.39,35.73,0.1,2024-07-01,0.2299375764206191
2023-04-23,North America,Office Supplies,Storage,Consumer,1,20.64,2.25,0.15,2023-04-01,0.10901162790697674
2023-03-10,Latin America,Technology,Accessories,Consumer,5,1615.87,4.48,0.15,2023-03-01,0.0027725002630162084
2023-01-12,North America,Technology,Phones,Home Office,1,244.73,-3.87,0.2,2023-01-01,-0.01581334531933151
2023-04-24,Middle East & Africa,Office Supplies,Art,Consumer,3,96.35,36.71,0.0,2023-04-01,0.38100674623767516
2024-10-03,North America,Technology,Accessories,Consumer,5,2535.15,447.9,0.1,2024-10-01,0.17667593633512807
2023-06-21,Europe,Office Supplies,Binders,Corporate,5,255.37,84.94,0.0,2023-06-01,0.33261542076203154
2024-03-19,Middle East & Africa,Office Supplies,Art,Consumer,1,63.38,11.37,0.15,2024-03-01,0.1793941306405806
2023-10-01,North America,Office Supplies,Storage,Consumer,2,104.38,23.25,0.1,2023-10-01,0.22274382065529796
2023-06-14,Europe,Furniture,Chairs,Corporate,4,1737.96,-165.51,0.2,2023-06-01,-0.09523234136573913
2024-04-05,Europe,Furniture,Chairs,Consumer,2,447.56,71.68,0.0,2024-04-01,0.1601572973456073
2024-05-03,North America,Technology,Machines,Consumer,4,1088.25,-391.85,0.4,2024-05-01,-0.3600735125201011
2024-07-23,Middle East & Africa,Furniture,Tables,Home Office,2,742.4,51.08,0.1,2024-07-01,0.06880387931034483
2024-05-29,Asia Pacific,Office Supplies,Storage,Home Office,3,97.85,14.76,0.15,2024-05-01,0.15084312723556464
2024-06-27,Latin America,Technology,Copiers,Corporate,1,260.04,33.59,0.1,2024-06-01,0.12917243500999848
2024-11-26,Europe,Technology,Accessories,Corporate,1,733.13,272.51,0.0,2024-11-01,0.3717076098372731
2024-05-04,North America,Office Supplies,Paper,Consumer,3,156.13,65.01,0.0,2024-05-01,0.4163837827451483
2024-10-27,Europe,Furniture,Chairs,Consumer,4,993.63,-243.86,0.3,2024-10-01,-0.24542334671859747
2024-12-31,North America,Office Supplies,Binders,Corporate,1,72.22,-30.75,0.5,2024-12-01,-0.4257823317640543
2024-08-12,Middle East & Africa,Office Supplies,Art,Consumer,1,17.75,-2.31,0.3,2024-08-01,-0.13014084507042253
2024-02-04,North America,Technology,Phones,Corporate,2,496.1,123.93,0.0,2024-02-01,0.2498085063495263
2024-04-20,Europe,Furniture,Chairs,Consumer,4,725.84,-118.86,0.3,2024-04-01,-0.16375509754215806
2023-10-11,North America,Technology,Accessories,Consumer,3,1261.36,322.93,0.0,2023-10-01,0.2560173146445107
2023-04-03,North America,Furniture,Bookcases,Home Office,2,476.22,-39.55,0.2,2023-04-01,-0.08304985090924362
2023-10-28,Latin America,Furniture,Bookcases,Consumer,4,1023.7,186.75,0.0,2023-10-01,0.18242649213636808
2023-06-09,North America,Furniture,Chairs,Consumer,2,580.38,-227.6,0.3,2023-06-01,-0.39215686274509803
2024-03-13,Middle East & Africa,Furniture,Chairs,Corporate,1,305.54,77.88,0.0,2024-03-01,0.25489297636970604
2024-02-03,Middle East & Africa,Technology,Copiers,Corporate,2,393.01,-48.34,0.2,2024-02-01,-0.122999414773161
2023-01-06,Europe,Technology,Machines,Consumer,2,771.84,-52.75,0.15,2023-01-01,-0.06834317993366501
2024-10-10,Asia Pacific,Technology,Accessories,Home Office,2,1136.35,-38.47,0.15,2024-10-01,-0.033854006248074976
2024-08-13,Latin America,Furniture,Bookcases,Home Office,2,228.54,61.23,0.0,2024-08-01,0.26791808873720135
2023-01-25,Europe,Furniture,Chairs,Corporate,1,91.72,2.75,0.15,2023-01-01,0.029982555604012213
2024-08-03,Europe,Office Supplies,Art,Consumer,2,79.08,30.15,0.0,2024-08-01,0.3812594840667678
2024-04-25,North America,Technology,Accessories,Corporate,1,348.63,1.3,0.15,2024-04-01,0.003728881622350343
2024-12-11,Europe,Office Supplies,Art,Consumer,6,355.25,125.74,0.0,2024-12-01,0.35394792399718505
2024-12-30,North America,Technology,Machines,Corporate,1,510.96,19.96,0.15,2024-12-01,0.03906372318772507
2023-09-14,North America,Furniture,Bookcases,Consumer,2,339.64,-47.74,0.15,2023-09-01,-0.140560593569662
2023-10-31,Europe,Technology,Copiers,Consumer,4,2154.17,768.93,0.0,2023-10-01,0.3569495443720783
2024-07-22,North America,Technology,Accessories,Consumer,5,2873.66,-303.39,0.2,2024-07-01,-0.10557616419478992
2024-09-14,Middle East & Africa,Office Supplies,Storage,Consumer,5,157.3,59.09,0.0,2024-09-01,0.37565162110616657
2024-05-09,Latin America,Office Supplies,Art,Consumer,1,46.24,16.48,0.0,2024-05-01,0.356401384083045
2023-10-27,Asia Pacific,Office Supplies,Art,Home Office,1,50.27,17.68,0.0,2023-10-01,0.35170081559578276
2023-09-14,Europe,Office Supplies,Storage,Corporate,2,66.54,21.41,0.0,2023-09-01,0.32176134655846106
2023-05-18,Europe,Office Supplies,Storage,Consumer,1,52.83,13.22,0.1,2023-05-01,0.2502366079878857
2024-02-14,Europe,Office Supplies,Binders,Consumer,1,55.09,-3.69,0.3,2024-02-01,-0.066981303321837
2024-03-04,Asia Pacific,Technology,Copiers,Consumer,4,853.94,49.03,0.1,2024-03-01,0.05741621191184392
2023-11-18,North America,Furniture,Bookcases,Home Office,5,1308.18,242.1,0.0,2023-11-01,0.1850662752832179
2024-06-26,North America,Office Supplies,Art,Corporate,1,47.51,16.46,0.0,2024-06-01,0.34645337823616085
2023-01-24,North America,Office Supplies,Storage,Consumer,1,50.96,19.29,0.0,2023-01-01,0.37853218210361067
2023-01-05,Latin America,Technology,Machines,Consumer,1,254.16,-14.41,0.15,2023-01-01,-0.056696569090336796
2024-11-16,Asia Pacific,Office Supplies,Storage,Corporate,4,120.99,21.34,0.15,2024-11-01,0.17637821307546078
2024-06-21,Europe,Technology,Accessories,Corporate,2,1798.86,530.21,0.0,2024-06-01,0.29474778470809293
2024-09-14,North America,Office Supplies,Paper,Home Office,3,131.78,-20.79,0.3,2024-09-01,-0.15776293823038395
2023-09-09,North America,Office Supplies,Paper,Consumer,1,65.3,9.55,0.15,2023-09-01,0.14624808575803983
2023-03-17,Asia Pacific,Office Supplies,Art,Consumer,1,18.36,7.49,0.0,2023-03-01,0.4079520697167756
2024-03-25,North America,Technology,Accessories,Consumer,1,537.35,124.54,0.0,2024-03-01,0.23176700474551037
2023-01-24,North America,Furniture,Tables,Consumer,4,1179.94,184.7,0.0,2023-01-01,0.15653338305337558
2024-03-30,North America,Technology,Copiers,Home Office,2,93.51,27.03,0.0,2024-03-01,0.2890599935835739
2024-10-25,Middle East & Africa,Office Supplies,Art,Consumer,3,146.28,-8.92,0.3,2024-10-01,-0.060978944490019144
2023-07-18,Latin America,Office Supplies,Storage,Corporate,1,31.53,7.53,0.1,2023-07-01,0.23882017126546146
2023-02-17,North America,Technology,Accessories,Corporate,4,16.03,1.4,0.15,2023-02-01,0.0873362445414847
2023-11-30,Asia Pacific,Technology,Machines,Corporate,3,1794.22,501.91,0.0,2023-11-01,0.2797371559786425
2024-05-14,Europe,Office Supplies,Art,Consumer,2,106.9,44.73,0.0,2024-05-01,0.41842843779232924
2024-07-29,North America,Furniture,Bookcases,Consumer,4,560.34,-6.74,0.1,2024-07-01,-0.012028411321697541
2023-07-30,North America,Furniture,Furnishings,Consumer,2,258.1,54.34,0.0,2023-07-01,0.21053855094924448
2023-06-30,Asia Pacific,Office Supplies,Art,Corporate,1,51.19,23.42,0.0,2023-06-01,0.4575112326626295
2024-04-02,Europe,Office Supplies,Paper,Home Office,3,98.37,-28.76,0.4,2024-04-01,-0.29236555860526586
2024-11-16,Latin America,Furniture,Furnishings,Consumer,3,1715.34,0.24,0.15,2024-11-01,0.00013991395291895484
2023-03-21,Asia Pacific,Office Supplies,Art,Corporate,1,52.91,22.92,0.0,2023-03-01,0.43318843318843325
2024-10-08,North America,Technology,Machines,Consumer,5,923.62,108.73,0.1,2024-10-01,0.11772157380740998
2023-12-18,North America,Furniture,Tables,Home Office,4,1796.52,-67.8,0.15,2023-12-01,-0.03773962995123906
2023-01-11,North America,Office Supplies,Storage,Home Office,4,229.02,85.27,0.0,2023-01-01,0.372325561086368
2024-10-18,Europe,Office Supplies,Art,Consumer,1,56.14,21.47,0.0,2024-10-01,0.38243676522978265
2024-05-20,Europe,Technology,Accessories,Consumer,3,1468.35,176.45,0.1,2024-05-01,0.12016889706132734
2023-07-30,Latin America,Technology,Accessories,Home Office,3,1127.67,57.9,0.15,2023-07-01,0.05134480832158344
2023-06-18,North America,Office Supplies,Storage,Home Office,2,99.38,8.7,0.1,2023-06-01,0.08754276514389213
2023-09-13,North America,Office Supplies,Art,Corporate,1,42.8,1.07,0.2,2023-09-01,0.025
2023-12-16,North America,Technology,Machines,Consumer,4,1288.92,259.01,0.0,2023-12-01,0.20095118393693945
2024-05-05,Asia Pacific,Furniture,Furnishings,Consumer,1,273.35,53.39,0.1,2024-05-01,0.1953173586976404
2023-01-06,North America,Office Supplies,Paper,Consumer,2,130.03,44.94,0.0,2023-01-01,0.3456125509497808
2023-09-30,Latin America,Technology,Machines,Consumer,3,2056.73,-918.42,0.5,2023-09-01,-0.44654378552362245
2023-12-07,Latin America,Technology,Machines,Consumer,5,3187.05,-778.25,0.3,2023-12-01,-0.24419133681617797
2023-07-07,North America,Technology,Accessories,Consumer,5,1471.62,416.69,0.0,2023-07-01,0.28315054158002745
2023-09-17,North America,Office Supplies,Art,Consumer,2,70.22,26.38,0.0,2023-09-01,0.3756764454571347
2023-04-13,Asia Pacific,Office Supplies,Binders,Corporate,4,168.7,81.03,0.0,2023-04-01,0.48032009484291643
2024-10-03,Asia Pacific,Technology,Accessories,Home Office,3,2159.64,479.35,0.0,2024-10-01,0.22195828934452042
2024-08-27,Asia Pacific,Technology,Copiers,Corporate,4,2017.98,-166.89,0.2,2024-08-01,-0.08270151339458269
2023-05-06,Europe,Office Supplies,Storage,Consumer,3,127.86,57.97,0.0,2023-05-01,0.4533865165024245
2023-04-28,Asia Pacific,Office Supplies,Binders,Consumer,2,63.5,-0.05,0.2,2023-04-01,-0.0007874015748031497
2023-08-28,North America,Office Supplies,Storage,Consumer,3,45.01,9.7,0.15,2023-08-01,0.21550766496334148
2024-05-15,Latin America,Furniture,Furnishings,Corporate,3,479.4,30.13,0.15,2024-05-01,0.0628493950771798
2024-10-04,North America,Technology,Copiers,Home Office,1,372.03,76.67,0.0,2024-10-01,0.20608553073676855
2024-11-23,North America,Furniture,Chairs,Corporate,1,128.61,-15.17,0.2,2024-11-01,-0.11795350283803746
2023-06-25,Europe,Office Supplies,Paper,Consumer,4,253.64,101.62,0.0,2023-06-01,0.4006465857120328
2024-11-15,Middle East & Africa,Office Supplies,Binders,Consumer,3,203.37,92.47,0.0,2024-11-01,0.4546884987952992
2024-07-10,North America,Technology,Accessories,Home Office,3,1198.39,16.61,0.1,2024-07-01,0.013860262518879495
2024-04-18,Middle East & Africa,Furniture,Tables,Corporate,2,369.42,28.14,0.1,2024-04-01,0.07617346110118564
2024-10-02,Europe,Technology,Accessories,Consumer,1,350.96,86.35,0.0,2024-10-01,0.24603943469341236
2024-10-17,Asia Pacific,Office Supplies,Art,Home Office,4,87.45,35.17,0.0,2024-10-01,0.4021726700971984
2024-05-01,Europe,Technology,Copiers,Corporate,2,1431.88,325.97,0.0,2024-05-01,0.2276517585272509
2024-11-03,North America,Furniture,Tables,Consumer,3,814.68,238.13,0.0,2024-11-01,0.29229881671331076
2024-05-16,North America,Technology,Accessories,Consumer,3,1115.1,291.75,0.0,2024-05-01,0.26163572773742266
2023-02-24,Asia Pacific,Furniture,Chairs,Consumer,2,157.36,50.39,0.0,2023-02-01,0.32022114895780374
2024-10-22,Middle East & Africa,Technology,Machines,Home Office,2,799.5,-84.84,0.2,2024-10-01,-0.10611632270168855
2024-04-21,Asia Pacific,Office Supplies,Paper,Consumer,2,91.13,32.46,0.0,2024-04-01,0.35619444749259305
2024-08-12,North America,Furniture,Chairs,Home Office,2,565.78,-97.7,0.2,2024-08-01,-0.17268196118632687
2024-06-03,Latin America,Office Supplies,Art,Consumer,5,110.32,33.22,0.0,2024-06-01,0.30112400290065267
2023-02-16,Europe,Office Supplies,Storage,Consumer,3,79.38,29.8,0.0,2023-02-01,0.3754094230284707
2024-04-02,Europe,Furniture,Tables,Consumer,3,725.29,-71.22,0.2,2024-04-01,-0.09819520467675
2023-10-01,Asia Pacific,Office Supplies,Storage,Consumer,1,33.71,6.12,0.1,2023-10-01,0.1815485019282112
2023-09-10,North America,Technology,Copiers,Corporate,3,1167.46,348.88,0.0,2023-09-01,0.2988367909821321
2023-04-28,Europe,Furniture,Chairs,Consumer,2,787.91,203.85,0.0,2023-04-01,0.25872244291860746
2024-03-31,North America,Furniture,Bookcases,Consumer,1,297.43,-58.75,0.2,2024-03-01,-0.19752546817738628
2023-10-12,Europe,Office Supplies,Storage,Home Office,4,79.29,-26.06,0.4,2023-10-01,-0.3286669189052844
2024-01-14,Latin America,Office Supplies,Art,Corporate,3,22.4,2.67,0.2,2024-01-01,0.11919642857142858
2023-02-07,Asia Pacific,Furniture,Bookcases,Corporate,2,457.5,94.42,0.0,2023-02-01,0.2063825136612022
2023-09-25,Europe,Technology,Phones,Consumer,1,274.29,-38.31,0.2,2023-09-01,-0.13966969266105217
2023-11-25,North America,Technology,Accessories,Corporate,1,456.09,-32.81,0.2,2023-11-01,-0.07193755618408648
2024-11-01,Asia Pacific,Furniture,Chairs,Corporate,1,366.81,87.31,0.0,2024-11-01,0.23802513562879965
2023-05-18,Asia Pacific,Technology,Accessories,Corporate,4,1131.4,245.67,0.0,2023-05-01,0.21713805904189498
2024-03-16,Europe,Technology,Accessories,Home Office,1,287.59,-7.71,0.15,2024-03-01,-0.02680899892207657
2024-11-22,Latin America,Technology,Phones,Consumer,5,2871.82,716.12,0.0,2024-11-01,0.24936103237668097
2023-11-25,North America,Furniture,Furnishings,Corporate,2,753.72,21.34,0.15,2023-11-01,0.028312901342673672
2023-04-01,Asia Pacific,Furniture,Bookcases,Consumer,1,221.51,26.18,0.0,2023-04-01,0.11818879508825787
2023-05-21,Europe,Furniture,Chairs,Consumer,3,980.73,33.49,0.15,2023-05-01,0.03414803258797019
2023-07-31,Asia Pacific,Furniture,Bookcases,Consumer,1,394.51,110.2,0.0,2023-07-01,0.2793338571899318
2024-03-08,Europe,Office Supplies,Paper,Home Office,3,102.02,38.93,0.0,2024-03-01,0.38159184473632624
2024-10-02,Asia Pacific,Office Supplies,Storage,Corporate,1,38.83,12.6,0.0,2024-10-01,0.3244913726500129
2024-05-14,North America,Technology,Accessories,Home Office,3,1000.07,244.63,0.0,2024-05-01,0.24461287709860308
2023-12-06,North America,Office Supplies,Art,Home Office,2,149.28,56.61,0.0,2023-12-01,0.3792202572347267
2023-08-20,North America,Technology,Copiers,Consumer,6,4362.85,-624.98,0.2,2023-08-01,-0.14325039824885108
2023-02-25,Europe,Technology,Phones,Home Office,1,146.12,-24.72,0.3,2023-02-01,-0.1691760197098275
2024-12-03,Europe,Technology,Machines,Corporate,2,745.9,-27.81,0.2,2024-12-01,-0.03728381820619386
2023-08-20,Europe,Furniture,Bookcases,Consumer,3,761.8,14.52,0.15,2023-08-01,0.019060120766605407
2024-12-26,Latin America,Furniture,Tables,Home Office,3,768.53,57.2,0.15,2024-12-01,0.0744278037291973
2024-09-20,North America,Technology,Accessories,Consumer,4,1996.16,-125.86,0.2,2024-09-01,-0.06305105803142032
2023-02-27,North America,Technology,Copiers,Corporate,3,917.03,155.29,0.0,2023-02-01,0.1693401524486658
2024-08-21,North America,Office Supplies,Storage,Corporate,1,41.17,15.04,0.0,2024-08-01,0.365314549429196
2024-11-16,Europe,Office Supplies,Art,Home Office,4,231.53,18.33,0.2,2024-11-01,0.07916900617630544
2023-11-22,Asia Pacific,Technology,Copiers,Consumer,1,600.01,-228.46,0.4,2023-11-01,-0.3807603206613223
2023-05-07,Middle East & Africa,Office Supplies,Binders,Consumer,2,67.56,-32.62,0.5,2023-05-01,-0.48283007696862046
2023-08-07,Europe,Office Supplies,Art,Corporate,2,99.76,36.9,0.0,2023-08-01,0.36988773055332796
2023-09-22,Middle East & Africa,Office Supplies,Paper,Corporate,3,191.81,53.02,0.1,2023-09-01,0.27641937333819927
2023-06-26,Europe,Furniture,Tables,Consumer,4,1210.97,311.86,0.0,2023-06-01,0.25752908825156695
2024-09-27,Europe,Technology,Accessories,Corporate,4,1370.57,-441.81,0.3,2024-09-01,-0.3223549326192752
2024-10-10,Middle East & Africa,Furniture,Furnishings,Corporate,1,259.41,-17.39,0.1,2024-10-01,-0.06703673721136424
2023-04-10,North America,Office Supplies,Art,Consumer,2,34.29,6.09,0.15,2023-04-01,0.17760279965004375
2024-07-15,Middle East & Africa,Technology,Copiers,Consumer,2,1028.79,67.42,0.15,2024-07-01,0.06553329639673793
2023-09-24,Europe,Office Supplies,Binders,Consumer,5,212.27,88.13,0.0,2023-09-01,0.4151787817402364
2023-04-11,Europe,Technology,Phones,Consumer,4,1024.27,227.49,0.0,2023-04-01,0.2220996416960372
2023-03-02,North America,Technology,Copiers,Consumer,2,1176.71,308.88,0.0,2023-03-01,0.26249458235249123
2023-06-07,Asia Pacific,Technology,Copiers,Consumer,4,1775.46,496.41,0.0,2023-06-01,0.27959514717312695
2024-12-21,Europe,Furniture,Tables,Home Office,2,352.95,-104.52,0.3,2024-12-01,-0.29613259668508285
2023-11-05,North America,Technology,Copiers,Consumer,5,3037.24,762.78,0.0,2023-11-01,0.2511424846241983
2024-05-17,Europe,Office Supplies,Storage,Corporate,2,113.2,37.99,0.0,2024-05-01,0.33560070671378095
2024-01-23,North America,Office Supplies,Art,Consumer,2,77.98,16.77,0.15,2024-01-01,0.2150551423441908
2023-01-16,Asia Pacific,Furniture,Chairs,Consumer,1,177.37,-27.62,0.2,2023-01-01,-0.15571968202063483
2023-12-30,Latin America,Furniture,Chairs,Consumer,6,2738.6,-858.93,0.3,2023-12-01,-0.3136383553640546
2024-05-10,North America,Office Supplies,Binders,Consumer,3,39.6,-2.51,0.3,2024-05-01,-0.06338383838383838
2023-10-30,North America,Technology,Machines,Consumer,3,1157.06,290.01,0.0,2023-10-01,0.2506438732649992
2024-02-24,North America,Technology,Machines,Consumer,1,337.12,51.03,0.0,2024-02-01,0.1513704318936877
2023-08-27,North America,Office Supplies,Paper,Consumer,2,92.49,-19.25,0.3,2023-08-01,-0.20813060871445563
2023-04-14,Asia Pacific,Furniture,Tables,Consumer,4,1361.61,325.05,0.0,2023-04-01,0.23872474497102697
2024-12-23,Europe,Technology,Accessories,Corporate,1,242.63,32.18,0.1,2024-12-01,0.1326299303466183
2024-03-17,Asia Pacific,Furniture,Bookcases,Consumer,2,525.57,43.77,0.1,2024-03-01,0.08328100919002226
2024-10-18,Middle East & Africa,Technology,Phones,Corporate,1,582.62,175.01,0.0,2024-10-01,0.30038447015207165
2024-06-21,Latin America,Office Supplies,Paper,Corporate,2,128.5,9.24,0.2,2024-06-01,0.07190661478599222
2023-07-28,Asia Pacific,Furniture,Bookcases,Consumer,1,232.62,20.92,0.0,2023-07-01,0.08993207806723412
2024-03-13,Latin America,Technology,Copiers,Corporate,4,1114.47,-251.85,0.3,2024-03-01,-0.22598185684675226
2023-05-08,Asia Pacific,Technology,Accessories,Corporate,3,1190.76,379.83,0.0,2023-05-01,0.3189811548926736
2023-12-12,North America,Office Supplies,Binders,Consumer,2,150.35,57.73,0.0,2023-12-01,0.3839707349517792
2024-06-02,Latin America,Office Supplies,Binders,Consumer,2,92.91,19.8,0.15,2024-06-01,0.21310946076848564
2023-09-08,Europe,Office Supplies,Paper,Home Office,4,207.33,-54.67,0.4,2023-09-01,-0.26368591134905706
2024-11-13,Asia Pacific,Furniture,Chairs,Consumer,1,230.1,49.21,0.0,2024-11-01,0.21386353759235116
2024-03-08,North America,Office Supplies,Binders,Consumer,1,29.8,-2.31,0.3,2024-03-01,-0.07751677852348993
2023-06-21,Europe,Technology,Machines,Consumer,6,2720.35,-116.84,0.15,2023-06-01,-0.042950355652765275
2023-07-04,Europe,Office Supplies,Storage,Corporate,2,65.08,26.15,0.0,2023-07-01,0.40181315304240933
2023-02-27,Asia Pacific,Technology,Phones,Consumer,3,512.39,131.61,0.0,2023-02-01,0.2568551298815356
2024-11-25,Latin America,Office Supplies,Art,Corporate,3,21.75,8.04,0.0,2024-11-01,0.3696551724137931
2023-10-12,Asia Pacific,Office Supplies,Art,Corporate,1,50.23,18.1,0.0,2023-10-01,0.3603424248457098
2023-08-20,North America,Technology,Copiers,Corporate,5,2201.04,58.02,0.1,2023-08-01,0.026360266056046234
2024-04-17,Latin America,Office Supplies,Binders,Consumer,2,103.71,-1.48,0.3,2024-04-01,-0.01427056214444123
2024-07-23,Asia Pacific,Furniture,Bookcases,Consumer,2,516.61,10.28,0.15,2024-07-01,0.01989895665976268
2024-06-10,Europe,Office Supplies,Paper,Home Office,2,102.09,37.61,0.0,2024-06-01,0.3684004309922617
2024-06-05,North America,Technology,Machines,Consumer,3,1861.07,602.76,0.0,2024-06-01,0.32387819910051746
2024-04-16,Latin America,Office Supplies,Storage,Consumer,4,130.23,19.06,0.15,2024-04-01,0.1463564462873378
2023-02-11,Middle East & Africa,Office Supplies,Paper,Consumer,3,100.7,33.77,0.0,2023-02-01,0.33535253227408146
2023-05-10,North America,Technology,Phones,Consumer,3,946.67,241.05,0.0,2023-05-01,0.2546293851077989
2023-06-11,Europe,Furniture,Chairs,Consumer,2,722.07,168.23,0.0,2023-06-01,0.23298295179137754
2023-11-13,North America,Technology,Machines,Corporate,2,933.56,321.48,0.0,2023-11-01,0.34435922704486055
2024-08-05,North America,Technology,Copiers,Home Office,3,1180.78,-155.19,0.2,2024-08-01,-0.13143007164755502
2023-02-26,North America,Furniture,Bookcases,Consumer,3,564.59,-64.66,0.2,2023-02-01,-0.11452558493774243
2023-05-06,Asia Pacific,Office Supplies,Storage,Consumer,5,245.57,-13.29,0.3,2023-05-01,-0.05411898847579102
2023-05-04,Europe,Office Supplies,Storage,Consumer,2,80.29,34.64,0.0,2023-05-01,0.43143604433927013
2024-08-23,Asia Pacific,Technology,Copiers,Consumer,2,628.82,-161.02,0.3,2024-08-01,-0.2560669189911262
2024-11-29,Asia Pacific,Furniture,Furnishings,Consumer,1,316.16,-2.21,0.1,2024-11-01,-0.006990131578947368
2023-02-23,Asia Pacific,Office Supplies,Paper,Consumer,3,103.21,13.22,0.15,2023-02-01,0.12808836353066566
2024-07-24,North America,Technology,Phones,Consumer,2,483.28,40.21,0.15,2024-07-01,0.08320228439000166
2024-02-08,Europe,Technology,Phones,Home Office,4,890.67,54.5,0.1,2024-02-01,0.06118989075639687
2024-05-13,North America,Technology,Accessories,Home Office,3,892.68,251.39,0.0,2024-05-01,0.2816126719541157
2024-08-12,Europe,Office Supplies,Paper,Corporate,4,152.91,5.29,0.2,2024-08-01,0.034595513700869794
2023-07-18,Middle East & Africa,Office Supplies,Paper,Consumer,2,78.44,24.14,0.0,2023-07-01,0.3077511473737889
2023-12-25,Asia Pacific,Office Supplies,Storage,Consumer,3,163.26,41.14,0.0,2023-12-01,0.25199068969741517
2023-10-07,North America,Office Supplies,Paper,Consumer,3,174.87,74.1,0.0,2023-10-01,0.4237433522044947
2024-05-20,Asia Pacific,Office Supplies,Paper,Consumer,1,30.77,3.43,0.15,2024-05-01,0.11147221319467014
2023-08-14,Asia Pacific,Office Supplies,Art,Home Office,2,82.79,27.73,0.0,2023-08-01,0.3349438337963522
2024-10-24,Asia Pacific,Technology,Machines,Consumer,5,1614.13,-4.34,0.2,2024-10-01,-0.0026887549329979617
2024-04-06,Latin America,Office Supplies,Art,Corporate,1,38.51,-11.32,0.4,2024-04-01,-0.2939496234744223
2024-07-20,Latin America,Technology,Machines,Consumer,4,1772.66,94.32,0.15,2024-07-01,0.05320817302810465
2023-06-03,North America,Furniture,Furnishings,Consumer,2,323.01,-16.15,0.2,2023-06-01,-0.04999845206030773
2023-04-08,Asia Pacific,Technology,Copiers,Corporate,2,908.58,221.25,0.0,2023-04-01,0.2435118536617579
2024-07-17,Latin America,Office Supplies,Art,Home Office,3,133.74,50.77,0.0,2024-07-01,0.37961716763870196
2023-03-08,Latin America,Furniture,Bookcases,Home Office,1,212.64,45.02,0.0,2023-03-01,0.21171933784800606
2024-05-07,Asia Pacific,Furniture,Chairs,Consumer,3,915.24,-9.76,0.1,2024-05-01,-0.010663869586119487
2023-01-23,Europe,Office Supplies,Binders,Corporate,5,176.41,71.72,0.0,2023-01-01,0.40655291650133213
2023-02-06,North America,Furniture,Tables,Consumer,1,218.06,3.92,0.15,2023-02-01,0.017976703659543243
2023-07-13,North America,Technology,Copiers,Consumer,2,840.92,276.65,0.0,2023-07-01,0.32898492127669693
2023-05-15,Asia Pacific,Technology,Copiers,Corporate,1,401.9,2.4,0.2,2023-05-01,0.005971634735008708
2024-05-08,Asia Pacific,Technology,Phones,Consumer,1,364.87,57.47,0.0,2024-05-01,0.15750815358894948
2024-06-23,Europe,Office Supplies,Binders,Consumer,3,153.12,-11.16,0.3,2024-06-01,-0.07288401253918496
2024-03-22,North America,Technology,Copiers,Consumer,4,1438.04,538.43,0.0,2024-03-01,0.37441934855775916
2023-07-23,Latin America,Technology,Phones,Corporate,4,2412.79,420.95,0.0,2023-07-01,0.1744660745444071
2024-12-22,Europe,Furniture,Tables,Home Office,4,1742.36,419.43,0.0,2024-12-01,0.24072522326040544
2023-03-10,North America,Furniture,Furnishings,Consumer,4,212.39,-14.73,0.2,2023-03-01,-0.06935354771881916
2024-09-23,Middle East & Africa,Technology,Phones,Corporate,3,1736.21,254.18,0.1,2024-09-01,0.1463993410935313
2024-10-14,Asia Pacific,Office Supplies,Binders,Consumer,4,131.89,44.88,0.0,2024-10-01,0.34028356964136786
2023-11-11,North America,Technology,Accessories,Consumer,1,734.0,214.3,0.0,2023-11-01,0.29196185286103543
2024-01-14,Europe,Office Supplies,Binders,Home Office,1,40.66,14.83,0.0,2024-01-01,0.3647319232661092
2024-04-15,Europe,Technology,Accessories,Consumer,1,253.18,45.82,0.0,2024-04-01,0.180977960344419
2023-09-08,Latin America,Technology,Phones,Consumer,2,1185.68,-77.51,0.2,2023-09-01,-0.0653717697861143
2023-12-09,Asia Pacific,Office Supplies,Paper,Consumer,1,36.58,-14.86,0.5,2023-12-01,-0.4062329141607436
2023-08-13,Asia Pacific,Office Supplies,Storage,Consumer,1,47.22,19.62,0.0,2023-08-01,0.4155019059720458
2023-08-11,Middle East & Africa,Office Supplies,Storage,Consumer,1,15.15,4.32,0.1,2023-08-01,0.2851485148514852
2023-04-05,North America,Technology,Copiers,Consumer,2,923.12,245.21,0.0,2023-04-01,0.26563177051737585
2024-10-26,North America,Office Supplies,Storage,Consumer,2,76.86,4.66,0.2,2024-10-01,0.06062971636742129
2023-05-07,Europe,Office Supplies,Paper,Corporate,4,114.93,37.78,0.0,2023-05-01,0.3287218306795441
2023-02-08,Middle East & Africa,Office Supplies,Binders,Corporate,2,57.8,22.14,0.0,2023-02-01,0.383044982698962
2024-10-08,Asia Pacific,Furniture,Bookcases,Consumer,1,138.48,28.47,0.0,2024-10-01,0.2055892547660312
2023-07-10,Europe,Technology,Machines,Corporate,4,1128.25,309.43,0.0,2023-07-01,0.27425659206736097
2024-02-11,Asia Pacific,Office Supplies,Storage,Consumer,3,76.41,9.18,0.15,2024-02-01,0.12014134275618375
2024-11-06,Asia Pacific,Office Supplies,Binders,Corporate,4,299.19,122.66,0.0,2024-11-01,0.40997359537417694
2024-01-11,North America,Furniture,Bookcases,Consumer,2,547.06,-34.63,0.15,2024-01-01,-0.06330201440427011
2024-01-10,Europe,Technology,Copiers,Consumer,1,478.44,-131.3,0.3,2024-01-01,-0.2744335757879776
2023-08-07,Asia Pacific,Technology,Accessories,Consumer,1,483.38,-115.97,0.3,2023-08-01,-0.23991476685009724
2023-09-26,Europe,Technology,Accessories,Corporate,2,625.72,65.43,0.1,2023-09-01,0.10456753819599822
2023-10-07,North America,Technology,Accessories,Consumer,3,984.99,117.67,0.15,2023-10-01,0.11946314175778434
2024-02-24,Europe,Office Supplies,Storage,Corporate,5,150.18,58.77,0.0,2024-02-01,0.3913304035157811
2024-12-16,Asia Pacific,Office Supplies,Paper,Consumer,2,93.84,36.35,0.0,2024-12-01,0.3873614663256607
2024-06-30,Middle East & Africa,Furniture,Furnishings,Consumer,3,1075.25,-256.46,0.3,2024-06-01,-0.23851197395954427
2023-03-07,Middle East & Africa,Office Supplies,Paper,Consumer,4,124.95,16.55,0.2,2023-03-01,0.132452981192477
2024-05-10,Europe,Office Supplies,Art,Corporate,2,77.61,2.67,0.2,2024-05-01,0.03440278314650174
2023-10-28,Asia Pacific,Technology,Copiers,Consumer,1,482.24,-181.15,0.4,2023-10-01,-0.37564283344392835
2023-07-29,Asia Pacific,Furniture,Furnishings,Corporate,4,1867.8,361.01,0.0,2023-07-01,0.1932808651889924
2023-03-09,Latin America,Office Supplies,Storage,Home Office,1,34.63,10.4,0.0,2023-03-01,0.3003176436615651
2023-04-12,Latin America,Furniture,Furnishings,Home Office,4,1035.55,-44.26,0.15,2023-04-01,-0.042740572642557095
2023-01-06,Europe,Office Supplies,Binders,Corporate,1,31.78,4.07,0.1,2023-01-01,0.12806796727501574
2023-03-07,Europe,Technology,Machines,Home Office,4,1766.5,566.5,0.0,2023-03-01,0.32069063119162183
2024-08-10,Middle East & Africa,Furniture,Furnishings,Consumer,2,230.19,-9.47,0.15,2024-08-01,-0.04113992788565968
2024-04-14,Europe,Office Supplies,Storage,Consumer,1,38.05,14.27,0.0,2024-04-01,0.37503285151116955
2023-04-15,Europe,Technology,Phones,Corporate,4,985.64,180.22,0.0,2023-04-01,0.18284566373117975
2023-09-11,Middle East & Africa,Furniture,Tables,Home Office,4,691.24,-58.64,0.2,2023-09-01,-0.08483305364272901
2024-10-03,Latin America,Office Supplies,Storage,Consumer,4,182.85,-26.08,0.3,2024-10-01,-0.14263057150669947
2023-04-16,Europe,Office Supplies,Paper,Home Office,2,39.75,15.38,0.0,2023-04-01,0.3869182389937107
2023-05-21,Europe,Office Supplies,Paper,Consumer,1,58.61,2.13,0.2,2023-05-01,0.03634192117386111
2024-02-20,North America,Office Supplies,Storage,Home Office,6,55.91,7.2,0.15,2024-02-01,0.12877839384725454
2023-07-10,Asia Pacific,Technology,Phones,Consumer,2,548.83,30.96,0.1,2023-07-01,0.0564109104822987
2024-12-10,North America,Office Supplies,Binders,Corporate,1,26.37,3.53,0.1,2024-12-01,0.13386423966628744
2024-01-08,Asia Pacific,Office Supplies,Storage,Consumer,1,34.54,2.65,0.15,2024-01-01,0.07672264041690793
2023-12-12,North America,Technology,Accessories,Consumer,1,286.91,-52.47,0.2,2023-12-01,-0.18287964867031473
2024-05-15,Asia Pacific,Technology,Copiers,Corporate,2,581.78,-36.19,0.15,2024-05-01,-0.06220564474543642
2024-04-23,North America,Office Supplies,Binders,Consumer,3,91.26,-8.09,0.3,2024-04-01,-0.08864781941705017
2024-09-13,Asia Pacific,Technology,Accessories,Consumer,3,852.51,43.3,0.15,2024-09-01,0.05079119306518398
2023-01-22,Middle East & Africa,Technology,Accessories,Consumer,3,1360.13,-36.5,0.2,2023-01-01,-0.026835670119767962
2023-08-29,Middle East & Africa,Furniture,Tables,Consumer,2,578.81,183.18,0.0,2023-08-01,0.3164769095212592
2024-08-26,North America,Technology,Phones,Corporate,1,280.05,8.96,0.15,2024-08-01,0.0319942867345117
2024-08-25,Europe,Office Supplies,Art,Home Office,5,235.09,9.0,0.2,2024-08-01,0.03828321068526947
2024-06-03,Middle East & Africa,Technology,Machines,Home Office,5,3156.71,-65.84,0.15,2024-06-01,-0.020857158243867826
2023-12-19,Europe,Furniture,Chairs,Home Office,3,1396.27,257.68,0.0,2023-12-01,0.18454883367830005
2023-05-11,Latin America,Office Supplies,Storage,Consumer,4,136.97,23.06,0.1,2023-05-01,0.16835803460611812
2024-06-02,North America,Technology,Phones,Corporate,3,1007.35,87.05,0.1,2024-06-01,0.08641485084627984
2024-09-14,Europe,Technology,Phones,Consumer,3,1312.36,-31.96,0.15,2024-09-01,-0.02435307385168704
2023-07-16,Asia Pacific,Office Supplies,Paper,Consumer,2,79.61,7.06,0.2,2023-07-01,0.08868232634091194
2024-09-21,Asia Pacific,Technology,Accessories,Consumer,1,509.07,149.62,0.0,2024-09-01,0.2939084998133852
2023-03-27,North America,Technology,Machines,Corporate,3,1078.68,-57.22,0.2,2023-03-01,-0.053046315867541806
2024-03-06,North America,Furniture,Furnishings,Consumer,5,1129.79,68.03,0.1,2024-03-01,0.060214730171093744
2023-10-01,Latin America,Furniture,Tables,Consumer,3,1040.61,-0.62,0.15,2023-10-01,-0.0005958043839670963
2024-05-28,Asia Pacific,Technology,Copiers,Corporate,2,614.34,90.17,0.1,2024-05-01,0.14677540124361102
2023-02-08,Asia Pacific,Office Supplies,Binders,Consumer,2,103.99,19.41,0.15,2023-02-01,0.18665256274641792
2024-07-16,Middle East & Africa,Office Supplies,Paper,Consumer,1,35.78,-11.55,0.4,2024-07-01,-0.3228060368921185
2024-11-13,Asia Pacific,Furniture,Chairs,Consumer,3,1060.01,265.3,0.0,2024-11-01,0.2502806577296441
2024-07-21,Middle East & Africa,Technology,Machines,Home Office,3,728.39,-108.61,0.2,2024-07-01,-0.14910968025371024
2023-05-25,Middle East & Africa,Furniture,Chairs,Consumer,4,810.77,-326.57,0.4,2023-05-01,-0.4027899404270015
2024-07-08,North America,Office Supplies,Paper,Corporate,4,208.58,45.35,0.1,2024-07-01,0.21742257167513662
2024-11-03,Latin America,Technology,Machines,Consumer,2,477.98,-36.32,0.2,2024-11-01,-0.07598644294740366
2023-06-06,North America,Office Supplies,Art,Home Office,4,151.61,64.46,0.0,2023-06-01,0.4251698436778576
2024-07-27,Europe,Office Supplies,Art,Consumer,5,201.95,-16.89,0.3,2024-07-01,-0.0836345630106462
2023-08-06,Europe,Technology,Copiers,Corporate,5,2164.15,-13.25,0.15,2023-08-01,-0.00612249613012037
2024-01-12,North America,Technology,Machines,Corporate,2,566.61,144.16,0.0,2024-01-01,0.2544254425442544
2024-11-13,Middle East & Africa,Office Supplies,Binders,Consumer,4,144.49,15.95,0.15,2024-11-01,0.11038826216347151
2023-10-28,North America,Technology,Copiers,Home Office,4,1483.92,473.67,0.0,2023-10-01,0.31920184376516253
2024-09-12,North America,Technology,Copiers,Home Office,2,803.67,103.86,0.1,2024-09-01,0.12923214752323717
2023-01-20,Latin America,Office Supplies,Paper,Consumer,5,118.04,35.19,0.0,2023-01-01,0.2981192815994578
2023-09-28,Latin America,Office Supplies,Art,Corporate,3,118.01,42.07,0.0,2023-09-01,0.3564952122701466
2023-11-18,North America,Technology,Accessories,Home Office,4,2237.26,451.9,0.0,2023-11-01,0.201988146214566
2024-10-27,North America,Furniture,Bookcases,Corporate,3,1063.43,-59.71,0.15,2024-10-01,-0.05614850060652793
2024-11-17,Europe,Technology,Copiers,Consumer,3,1230.98,-364.38,0.3,2024-11-01,-0.2960080586199613
2024-02-17,Asia Pacific,Furniture,Tables,Home Office,3,638.08,160.24,0.0,2024-02-01,0.25112838515546637
2024-11-06,Asia Pacific,Furniture,Furnishings,Consumer,3,259.04,37.39,0.1,2024-11-01,0.14434064237183444
2023-07-24,Asia Pacific,Technology,Copiers,Corporate,4,2434.21,-468.39,0.3,2023-07-01,-0.19241971727993887
2023-10-29,Europe,Office Supplies,Paper,Corporate,4,154.6,23.27,0.15,2023-10-01,0.15051746442432082
2024-06-05,North America,Technology,Phones,Consumer,4,1221.67,49.91,0.1,2024-06-01,0.0408539130861853
2023-08-07,Europe,Office Supplies,Art,Corporate,3,199.32,41.57,0.1,2023-08-01,0.2085591009432069
2024-11-26,North America,Technology,Phones,Corporate,3,932.59,69.95,0.15,2024-11-01,0.07500616562476543
2024-04-25,Asia Pacific,Office Supplies,Art,Consumer,1,47.45,9.34,0.15,2024-04-01,0.19683877766069546
2023-10-22,Asia Pacific,Furniture,Chairs,Home Office,4,1486.67,289.69,0.0,2023-10-01,0.1948583074925841
2024-09-20,North America,Office Supplies,Storage,Consumer,1,45.58,19.69,0.0,2024-09-01,0.43198771390960955
2023-03-28,North America,Office Supplies,Storage,Corporate,3,157.91,52.99,0.0,2023-03-01,0.3355708948135014
2023-12-25,North America,Furniture,Furnishings,Consumer,3,1160.35,-152.41,0.2,2023-12-01,-0.13134830008187184
2024-07-27,Latin America,Office Supplies,Art,Home Office,1,44.25,10.35,0.1,2024-07-01,0.23389830508474577
2023-01-09,Asia Pacific,Technology,Copiers,Consumer,1,474.75,30.87,0.15,2023-01-01,0.06502369668246445
2023-12-17,Latin America,Furniture,Furnishings,Corporate,5,1930.25,386.11,0.0,2023-12-01,0.20003108405646938
2023-04-16,Latin America,Office Supplies,Binders,Corporate,2,121.34,36.34,0.1,2023-04-01,0.2994890390637877
2023-10-15,North America,Office Supplies,Art,Corporate,4,126.7,46.59,0.0,2023-10-01,0.3677190213101815
2024-09-14,Latin America,Furniture,Bookcases,Consumer,3,720.24,212.21,0.0,2024-09-01,0.29463789847828503
2023-08-28,North America,Furniture,Chairs,Corporate,4,1212.1,282.18,0.0,2023-08-01,0.2328025740450458
2024-11-10,Middle East & Africa,Furniture,Furnishings,Consumer,4,1570.23,262.59,0.0,2024-11-01,0.16723027836686344
2023-06-14,North America,Technology,Phones,Corporate,4,1696.77,509.77,0.0,2023-06-01,0.300435533395805
2023-06-30,North America,Furniture,Chairs,Corporate,1,164.12,51.64,0.0,2023-06-01,0.3146478186692664
2023-01-13,Latin America,Furniture,Tables,Corporate,2,773.96,143.04,0.0,2023-01-01,0.1848157527520802
2024-06-24,Asia Pacific,Office Supplies,Binders,Corporate,3,102.77,15.95,0.1,2024-06-01,0.15520093412474456
2023-10-03,Latin America,Furniture,Furnishings,Corporate,3,534.06,17.41,0.1,2023-10-01,0.03259933340823129
2024-10-09,North America,Office Supplies,Storage,Consumer,1,14.88,-2.9,0.4,2024-10-01,-0.19489247311827956
2024-05-16,North America,Technology,Copiers,Corporate,1,291.96,30.69,0.1,2024-05-01,0.10511713933415538
2024-01-09,North America,Furniture,Furnishings,Home Office,2,455.97,-48.18,0.2,2024-01-01,-0.1056648463714718
2024-06-15,North America,Office Supplies,Paper,Consumer,3,144.5,22.88,0.15,2024-06-01,0.15833910034602075
2024-06-17,North America,Office Supplies,Storage,Corporate,5,215.26,8.94,0.2,2024-06-01,0.04153117160642943
2024-07-02,Europe,Technology,Machines,Consumer,4,828.96,-267.1,0.4,2024-07-01,-0.32221096313453
2024-09-15,Middle East & Africa,Furniture,Furnishings,Corporate,4,813.33,233.46,0.0,2024-09-01,0.28704216000885246
2023-08-09,North America,Technology,Copiers,Consumer,1,272.64,-49.8,0.3,2023-08-01,-0.18265845070422534
2024-03-21,North America,Office Supplies,Art,Home Office,3,182.25,62.11,0.0,2024-03-01,0.34079561042524004
2023-06-11,Latin America,Office Supplies,Binders,Corporate,1,24.98,-7.3,0.4,2023-06-01,-0.29223378702962366
2023-08-21,Europe,Office Supplies,Art,Home Office,3,126.24,9.89,0.15,2023-08-01,0.07834283903675539
2024-12-20,Europe,Office Supplies,Art,Consumer,2,148.23,63.29,0.0,2024-12-01,0.4269715981919989
2024-07-10,North America,Office Supplies,Binders,Consumer,2,122.49,42.72,0.0,2024-07-01,0.34876316433994614
2024-02-11,North America,Office Supplies,Art,Consumer,5,104.53,41.24,0.0,2024-02-01,0.394527886731082
2024-07-21,North America,Technology,Accessories,Consumer,4,1301.23,151.08,0.15,2024-07-01,0.11610553092074423
2023-03-28,Latin America,Furniture,Bookcases,Corporate,1,217.74,48.63,0.0,2023-03-01,0.22333976302011574
2023-11-19,Europe,Office Supplies,Paper,Corporate,3,199.82,-14.22,0.2,2023-11-01,-0.07116404764287859
2024-04-18,Europe,Technology,Copiers,Consumer,2,897.93,263.35,0.0,2024-04-01,0.29328566814785123
2023-09-22,Middle East & Africa,Office Supplies,Paper,Home Office,2,47.52,7.02,0.2,2023-09-01,0.1477272727272727
2024-06-01,Europe,Office Supplies,Binders,Consumer,1,11.59,-4.77,0.5,2024-06-01,-0.4115616911130284
2024-07-10,North America,Technology,Copiers,Consumer,1,400.27,114.85,0.0,2024-07-01,0.2869313213580833
2023-10-28,Middle East & Africa,Furniture,Tables,Consumer,3,983.87,-96.31,0.2,2023-10-01,-0.09788894874322827
2024-07-05,Europe,Office Supplies,Binders,Consumer,2,34.96,7.86,0.1,2024-07-01,0.2248283752860412
2024-12-16,Latin America,Technology,Phones,Corporate,3,1401.6,-466.35,0.4,2024-12-01,-0.33272688356164387
2023-07-25,Latin America,Technology,Machines,Consumer,1,404.69,95.31,0.0,2023-07-01,0.2355136030047691
2024-10-26,Latin America,Technology,Accessories,Consumer,3,1036.15,-66.87,0.2,2024-10-01,-0.06453698788785407
2023-12-24,Middle East & Africa,Office Supplies,Storage,Consumer,1,46.98,17.98,0.0,2023-12-01,0.3827160493827161
2023-08-06,Latin America,Office Supplies,Paper,Home Office,6,141.52,1.57,0.2,2023-08-01,0.01109383832673827
2023-07-13,Middle East & Africa,Technology,Machines,Consumer,3,1457.26,387.75,0.0,2023-07-01,0.26608155030674
2024-07-14,North America,Technology,Copiers,Consumer,4,1633.28,-6.14,0.15,2024-07-01,-0.003759306426332288
2023-09-28,North America,Furniture,Tables,Home Office,2,296.34,65.93,0.0,2023-09-01,0.22248093406222585
2023-01-20,Asia Pacific,Technology,Machines,Consumer,1,337.25,-12.11,0.2,2023-01-01,-0.03590808005930319
2023-06-14,Middle East & Africa,Furniture,Bookcases,Consumer,3,674.7,154.36,0.0,2023-06-01,0.22878316288720912
2023-01-28,Europe,Technology,Accessories,Corporate,1,417.25,27.72,0.1,2023-01-01,0.06643499101258238
2024-06-07,Europe,Furniture,Chairs,Corporate,3,462.06,-64.16,0.2,2024-06-01,-0.13885642557243646
2024-02-05,North America,Office Supplies,Storage,Consumer,1,24.64,-4.04,0.4,2024-02-01,-0.16396103896103895
2024-10-20,North America,Furniture,Chairs,Home Office,4,1016.92,272.71,0.0,2024-10-01,0.26817252094560046
2023-08-24,North America,Technology,Accessories,Corporate,2,609.82,88.63,0.1,2023-08-01,0.1453379685808927
2023-01-23,North America,Technology,Copiers,Corporate,3,730.68,-309.84,0.4,2023-01-01,-0.4240433568730498
2024-06-10,North America,Office Supplies,Storage,Consumer,1,40.76,-8.87,0.4,2024-06-01,-0.21761530912659469
2024-07-25,Latin America,Furniture,Furnishings,Consumer,3,1017.95,238.09,0.0,2024-07-01,0.23389164497273932
2023-01-05,Asia Pacific,Technology,Machines,Consumer,1,304.85,18.82,0.15,2023-01-01,0.061735279645727406
2024-07-15,Europe,Technology,Machines,Corporate,2,741.92,187.24,0.0,2024-07-01,0.2523722234203149
2024-08-14,Latin America,Technology,Phones,Consumer,6,2376.9,35.64,0.15,2024-08-01,0.014994320333207118
2024-06-22,Asia Pacific,Office Supplies,Paper,Home Office,2,87.87,38.64,0.0,2024-06-01,0.4397405257767156
2023-02-05,Asia Pacific,Office Supplies,Paper,Consumer,3,68.16,27.31,0.0,2023-02-01,0.400674882629108
2024-04-22,Middle East & Africa,Office Supplies,Paper,Consumer,4,117.27,4.13,0.2,2024-04-01,0.035217873283874816
2024-11-19,Middle East & Africa,Office Supplies,Binders,Home Office,3,241.38,69.88,0.0,2024-11-01,0.2895020299942
2023-03-25,North America,Office Supplies,Art,Consumer,4,241.49,99.23,0.0,2023-03-01,0.41090728394550496
2024-06-23,Middle East & Africa,Office Supplies,Storage,Consumer,6,352.8,120.56,0.0,2024-06-01,0.3417233560090703
2024-11-29,North America,Furniture,Bookcases,Home Office,3,867.02,229.63,0.0,2024-11-01,0.26484971511614497
2024-06-19,Asia Pacific,Technology,Machines,Consumer,2,323.11,-9.68,0.15,2024-06-01,-0.02995883754758441
2024-02-29,Asia Pacific,Furniture,Bookcases,Home Office,1,275.59,53.38,0.0,2024-02-01,0.19369353024420338
2024-10-01,Europe,Office Supplies,Binders,Home Office,3,161.06,-23.7,0.3,2024-10-01,-0.14715013038619149
2023-01-09,Middle East & Africa,Office Supplies,Paper,Corporate,3,88.55,12.6,0.15,2023-01-01,0.1422924901185771
2023-08-08,Middle East & Africa,Office Supplies,Binders,Home Office,2,81.32,-12.88,0.3,2023-08-01,-0.15838662075750126
2024-12-19,Asia Pacific,Furniture,Chairs,Consumer,1,358.76,109.43,0.0,2024-12-01,0.305022856505742
2024-01-22,North America,Office Supplies,Storage,Consumer,6,159.13,-36.98,0.4,2024-01-01,-0.23238861308364228
2023-08-22,North America,Technology,Accessories,Corporate,2,780.83,91.9,0.1,2023-08-01,0.11769527297875337
2023-08-13,North America,Furniture,Furnishings,Consumer,3,300.25,27.12,0.1,2023-08-01,0.09032472939217319
2024-03-27,Europe,Furniture,Furnishings,Consumer,4,915.56,72.66,0.1,2024-03-01,0.07936126523657652
2023-01-21,Europe,Office Supplies,Art,Corporate,6,159.3,57.63,0.0,2023-01-01,0.36177024482109227
2023-06-05,Europe,Technology,Copiers,Consumer,2,1173.38,-519.72,0.4,2023-06-01,-0.44292556546046463
2023-06-23,Europe,Office Supplies,Art,Consumer,3,194.83,27.82,0.15,2023-06-01,0.14279115126007288
2023-07-12,Latin America,Technology,Machines,Consumer,2,891.33,-6.91,0.15,2023-07-01,-0.007752459807254327
2023-11-27,Asia Pacific,Office Supplies,Art,Corporate,1,50.03,14.51,0.0,2023-11-01,0.2900259844093544
2024-10-05,Middle East & Africa,Office Supplies,Binders,Corporate,1,57.5,22.12,0.0,2024-10-01,0.38469565217391305
2023-11-12,Europe,Technology,Phones,Corporate,3,1566.93,14.89,0.15,2023-11-01,0.009502658063857352
2023-06-20,North America,Furniture,Tables,Corporate,2,470.61,-23.72,0.2,2023-06-01,-0.05040266887656446
2023-03-04,North America,Technology,Machines,Corporate,4,595.86,90.58,0.1,2023-03-01,0.1520155741281509
2024-04-26,North America,Office Supplies,Storage,Corporate,1,28.04,8.49,0.0,2024-04-01,0.3027817403708987
2024-04-29,Asia Pacific,Furniture,Tables,Home Office,3,752.74,149.69,0.0,2024-04-01,0.1988601642001222
2024-10-20,Europe,Furniture,Tables,Consumer,1,221.57,-3.16,0.15,2024-10-01,-0.01426185855485851
2023-02-12,North America,Office Supplies,Paper,Home Office,5,127.23,26.42,0.1,2023-02-01,0.20765542717912444
2024-10-28,Middle East & Africa,Furniture,Chairs,Consumer,1,181.34,20.24,0.0,2024-10-01,0.11161354361971985
2024-05-11,Latin America,Furniture,Bookcases,Consumer,4,1172.42,317.67,0.0,2024-05-01,0.2709523890755872
2024-07-03,Middle East & Africa,Office Supplies,Binders,Home Office,1,40.81,15.7,0.0,2024-07-01,0.38470962999264885
2023-01-08,Latin America,Technology,Machines,Consumer,6,1307.57,121.88,0.1,2023-01-01,0.09321107091780938
2023-05-02,North America,Office Supplies,Storage,Consumer,3,143.47,16.75,0.2,2023-05-01,0.11674914616296089
2024-07-16,Europe,Office Supplies,Paper,Home Office,2,53.36,19.54,0.0,2024-07-01,0.366191904047976
2023-04-02,Asia Pacific,Furniture,Tables,Home Office,1,144.35,34.96,0.0,2023-04-01,0.24218912365777626
2023-12-19,Middle East & Africa,Office Supplies,Paper,Corporate,3,168.48,49.11,0.0,2023-12-01,0.291488603988604
2024-04-12,North America,Furniture,Tables,Home Office,1,326.11,-155.7,0.4,2024-04-01,-0.4774462604642605
2024-09-04,Asia Pacific,Office Supplies,Art,Consumer,5,132.0,54.92,0.0,2024-09-01,0.4160606060606061
2024-06-25,North America,Office Supplies,Paper,Home Office,5,144.66,60.58,0.0,2024-06-01,0.41877505875846815
2024-11-13,Latin America,Technology,Copiers,Corporate,3,1695.23,-82.41,0.2,2024-11-01,-0.04861287258956012
2023-07-13,Asia Pacific,Office Supplies,Art,Consumer,1,31.18,12.13,0.0,2023-07-01,0.3890314304041052
2024-09-29,Asia Pacific,Office Supplies,Paper,Corporate,5,178.3,-44.65,0.4,2024-09-01,-0.25042063937184517
2024-04-28,Latin America,Furniture,Furnishings,Consumer,2,656.84,123.48,0.0,2024-04-01,0.18799098715059984
2023-09-23,Middle East & Africa,Office Supplies,Art,Consumer,1,23.97,11.91,0.0,2023-09-01,0.4968710888610764
2023-07-14,North America,Technology,Copiers,Corporate,2,1303.73,-14.98,0.15,2023-07-01,-0.011490109148366609
2023-12-26,Europe,Technology,Copiers,Consumer,1,295.87,64.01,0.0,2023-12-01,0.21634501639233447
2023-02-25,Asia Pacific,Technology,Phones,Home Office,2,816.24,270.82,0.0,2023-02-01,0.33178966970498874
2023-01-04,Europe,Office Supplies,Storage,Consumer,4,175.96,27.32,0.1,2023-01-01,0.15526255967265287
2023-12-06,Asia Pacific,Technology,Phones,Consumer,2,1100.73,155.44,0.1,2023-12-01,0.1412153752509698
2023-09-17,Europe,Furniture,Bookcases,Consumer,1,147.46,-3.53,0.15,2023-09-01,-0.02393869523938695
2023-03-13,Middle East & Africa,Furniture,Furnishings,Consumer,3,458.85,3.74,0.1,2023-03-01,0.008150811812139043
2024-10-13,Asia Pacific,Technology,Copiers,Consumer,6,1563.23,-311.61,0.3,2024-10-01,-0.19933726962763
2023-03-14,Latin America,Furniture,Tables,Corporate,4,958.92,183.21,0.0,2023-03-01,0.19105869102740586
2024-01-03,Europe,Technology,Phones,Consumer,1,361.94,-79.27,0.3,2024-01-01,-0.21901420124882576
2024-04-11,Asia Pacific,Office Supplies,Binders,Consumer,1,40.02,3.17,0.15,2024-04-01,0.0792103948025987
2023-01-18,Asia Pacific,Office Supplies,Binders,Consumer,5,288.17,-96.8,0.4,2023-01-01,-0.3359128292327445
2023-06-27,North America,Technology,Accessories,Consumer,4,1155.3,47.16,0.2,2023-06-01,0.040820566086730715
2024-04-27,Asia Pacific,Office Supplies,Art,Home Office,1,27.51,8.33,0.0,2024-04-01,0.30279898218829515
2024-05-08,Europe,Technology,Phones,Consumer,2,963.96,360.2,0.0,2024-05-01,0.3736669571351508
2023-12-12,Asia Pacific,Technology,Machines,Corporate,2,1027.45,54.34,0.1,2023-12-01,0.05288821840478856
2023-12-31,Middle East & Africa,Office Supplies,Storage,Home Office,4,191.91,88.51,0.0,2023-12-01,0.4612057735396801
2023-03-21,North America,Technology,Phones,Corporate,2,1044.48,31.13,0.15,2023-03-01,0.029804304534313725
2024-11-13,North America,Office Supplies,Storage,Consumer,2,116.97,8.35,0.2,2024-11-01,0.07138582542532274
2024-01-03,Asia Pacific,Office Supplies,Binders,Consumer,2,80.37,16.36,0.15,2024-01-01,0.20355854174443197
2024-01-01,Asia Pacific,Office Supplies,Binders,Consumer,4,210.1,89.7,0.0,2024-01-01,0.4269395525940029
2023-08-13,Latin America,Office Supplies,Storage,Consumer,1,47.53,-3.86,0.3,2023-08-01,-0.08121186618977487
2023-04-27,Europe,Furniture,Bookcases,Consumer,1,225.73,17.3,0.1,2023-04-01,0.07664023390776592
2023-03-30,Europe,Technology,Phones,Corporate,5,1684.62,-91.92,0.15,2023-03-01,-0.05456423407059159
2023-08-23,North America,Technology,Accessories,Consumer,1,428.54,135.78,0.0,2023-08-01,0.31684323517057916
2024-09-05,Asia Pacific,Furniture,Furnishings,Home Office,3,432.24,117.77,0.0,2024-09-01,0.2724643716453822
2024-09-18,North America,Office Supplies,Paper,Consumer,2,92.77,37.56,0.0,2024-09-01,0.40487226474075677
2023-11-23,Europe,Office Supplies,Paper,Home Office,2,84.79,33.79,0.0,2023-11-01,0.3985139757046821
2024-11-28,North America,Office Supplies,Storage,Corporate,2,48.23,17.08,0.0,2024-11-01,0.3541364296081277
2023-04-04,Asia Pacific,Technology,Copiers,Consumer,1,366.9,113.31,0.0,2023-04-01,0.3088307440719542
2023-03-13,Europe,Office Supplies,Binders,Home Office,3,129.31,47.52,0.0,2023-03-01,0.36748897997061325
2023-05-07,Asia Pacific,Office Supplies,Art,Consumer,4,130.34,48.15,0.0,2023-05-01,0.36941844406935703
2023-07-16,Middle East & Africa,Office Supplies,Paper,Home Office,1,29.68,7.09,0.1,2023-07-01,0.23888140161725066
2023-10-04,Europe,Office Supplies,Paper,Consumer,1,40.24,14.33,0.0,2023-10-01,0.35611332007952284
2024-01-28,Asia Pacific,Furniture,Bookcases,Consumer,5,1524.97,112.89,0.1,2024-01-01,0.07402768579054014
2024-07-28,Middle East & Africa,Technology,Copiers,Consumer,2,561.76,162.55,0.0,2024-07-01,0.28935844488749646
2024-06-08,Europe,Furniture,Bookcases,Corporate,3,1228.32,271.87,0.0,2024-06-01,0.2213348313143155
2024-12-26,North America,Furniture,Bookcases,Home Office,3,1272.97,-32.32,0.15,2024-12-01,-0.02538944358468778
2023-01-14,Asia Pacific,Technology,Machines,Corporate,3,981.81,-263.12,0.3,2023-01-01,-0.2679948258828083
2024-07-14,North America,Office Supplies,Paper,Consumer,3,90.2,15.49,0.15,2024-07-01,0.17172949002217294
2023-03-28,Asia Pacific,Office Supplies,Storage,Home Office,3,119.81,42.93,0.0,2023-03-01,0.35831733578165426
2024-01-01,Europe,Technology,Copiers,Consumer,1,358.79,93.13,0.0,2024-01-01,0.2595668775606901
2024-12-24,Latin America,Technology,Phones,Corporate,6,2822.52,-368.34,0.2,2024-12-01,-0.13050040389439224
2023-03-18,Europe,Office Supplies,Paper,Home Office,3,175.89,70.55,0.0,2023-03-01,0.4011029620785718
2023-07-26,Latin America,Technology,Accessories,Consumer,4,354.18,-13.23,0.2,2023-07-01,-0.03735388785363375
2023-01-30,North America,Technology,Phones,Corporate,1,688.08,130.2,0.0,2023-01-01,0.1892221834670387
2023-11-27,Asia Pacific,Office Supplies,Storage,Corporate,2,128.56,55.49,0.0,2023-11-01,0.4316272557560672
2023-05-28,North America,Furniture,Furnishings,Corporate,1,202.53,41.35,0.0,2023-05-01,0.20416728385918137
2023-10-19,Asia Pacific,Office Supplies,Binders,Consumer,3,114.57,43.34,0.0,2023-10-01,0.3782840185039714
2024-12-29,Europe,Furniture,Chairs,Consumer,4,1944.35,488.9,0.0,2024-12-01,0.2514464988299432
2023-09-18,Europe,Office Supplies,Paper,Consumer,2,97.55,7.9,0.2,2023-09-01,0.08098411071245516
2024-02-20,Europe,Technology,Copiers,Corporate,4,558.88,22.67,0.15,2024-02-01,0.04056326939593473
2024-09-17,Europe,Furniture,Bookcases,Consumer,2,623.94,128.12,0.0,2024-09-01,0.2053402570760009
2024-11-11,North America,Office Supplies,Binders,Home Office,1,64.37,26.48,0.0,2024-11-01,0.41137175702967216
2024-10-30,Europe,Technology,Phones,Consumer,5,1140.57,-65.41,0.15,2024-10-01,-0.05734851872309459
2024-05-17,Middle East & Africa,Office Supplies,Paper,Consumer,4,183.38,-52.59,0.4,2024-05-01,-0.2867815465154325
2023-05-27,North America,Technology,Copiers,Corporate,2,1263.75,34.71,0.15,2023-05-01,0.027465875370919882
2024-11-04,Latin America,Technology,Copiers,Consumer,1,560.32,114.85,0.0,2024-11-01,0.20497215876641917
2023-05-17,North America,Furniture,Bookcases,Consumer,1,237.95,39.95,0.0,2023-05-01,0.16789241437276742
2024-03-26,Asia Pacific,Office Supplies,Art,Consumer,5,279.36,16.17,0.2,2024-03-01,0.057882302405498284
2023-01-13,North America,Technology,Machines,Home Office,1,44.83,9.63,0.0,2023-01-01,0.21481151014945352
2023-11-29,North America,Technology,Phones,Consumer,3,1580.01,453.86,0.0,2023-11-01,0.28725134651046513
2024-05-28,Europe,Office Supplies,Storage,Corporate,3,147.07,47.27,0.0,2024-05-01,0.32141157272047327
2023-11-06,Latin America,Office Supplies,Art,Corporate,3,113.0,37.74,0.0,2023-11-01,0.3339823008849558
2024-10-13,Latin America,Technology,Machines,Consumer,4,1184.19,-373.05,0.4,2024-10-01,-0.3150254604413143
2024-01-22,Europe,Office Supplies,Storage,Consumer,1,39.75,2.69,0.2,2024-01-01,0.06767295597484277
2023-11-17,North America,Technology,Accessories,Consumer,1,512.3,28.6,0.1,2023-11-01,0.05582666406402499
2024-10-06,North America,Furniture,Chairs,Consumer,4,1118.09,98.62,0.1,2024-10-01,0.0882039907341985
2024-06-05,Asia Pacific,Technology,Machines,Corporate,2,720.82,146.32,0.0,2024-06-01,0.20299103798451762
2023-10-20,Asia Pacific,Technology,Copiers,Consumer,3,946.82,243.99,0.0,2023-10-01,0.25769417629538877
2024-10-11,Europe,Technology,Copiers,Home Office,1,323.21,65.23,0.0,2024-10-01,0.2018192506419975
2023-05-21,Asia Pacific,Office Supplies,Storage,Home Office,2,62.6,22.8,0.0,2023-05-01,0.36421725239616615
2023-05-25,North America,Technology,Copiers,Consumer,2,317.93,30.46,0.1,2023-05-01,0.09580725316893655
2024-02-07,North America,Office Supplies,Art,Home Office,6,162.63,62.51,0.0,2024-02-01,0.38436942753489517
2024-02-01,Asia Pacific,Technology,Copiers,Home Office,4,1166.16,41.07,0.15,2024-02-01,0.03521815188310352
2023-06-08,North America,Office Supplies,Art,Corporate,2,110.47,-42.32,0.5,2023-06-01,-0.3830904317914366
2023-04-14,Europe,Furniture,Chairs,Corporate,2,408.77,-5.73,0.2,2023-04-01,-0.014017662744330554
2024-02-27,Europe,Office Supplies,Paper,Consumer,1,12.64,4.0,0.0,2024-02-01,0.3164556962025316
2023-06-11,Middle East & Africa,Office Supplies,Paper,Corporate,2,59.85,24.89,0.0,2023-06-01,0.4158730158730159
2024-08-24,Europe,Office Supplies,Paper,Consumer,3,104.16,4.21,0.2,2024-08-01,0.04041858678955453
2024-11-01,Asia Pacific,Office Supplies,Storage,Consumer,1,65.61,-7.95,0.3,2024-11-01,-0.1211705532693187
2023-11-11,Europe,Office Supplies,Paper,Home Office,2,84.38,28.32,0.0,2023-11-01,0.33562455558189147
2023-01-19,North America,Office Supplies,Paper,Consumer,4,185.33,27.62,0.15,2023-01-01,0.14903145740031296
2024-07-25,Europe,Technology,Machines,Consumer,3,844.22,209.22,0.0,2024-07-01,0.24782639596313757
2024-12-28,Middle East & Africa,Furniture,Furnishings,Consumer,4,1558.31,295.13,0.0,2024-12-01,0.18939107109625172
2023-05-16,North America,Furniture,Furnishings,Consumer,3,838.78,-306.81,0.4,2023-05-01,-0.3657812537256492
2023-07-03,North America,Furniture,Bookcases,Home Office,5,946.24,289.12,0.0,2023-07-01,0.3055461616503213
2023-10-08,North America,Office Supplies,Storage,Home Office,2,84.81,11.42,0.2,2023-10-01,0.13465393231930198
2023-06-09,Europe,Office Supplies,Paper,Home Office,2,79.06,37.04,0.0,2023-06-01,0.4685049329623071
2023-08-20,Asia Pacific,Furniture,Tables,Consumer,2,411.94,114.71,0.0,2023-08-01,0.2784628829441181
2024-07-01,North America,Furniture,Bookcases,Home Office,1,172.21,15.93,0.1,2024-07-01,0.09250333894663491
2024-07-31,Asia Pacific,Technology,Machines,Consumer,2,769.29,-36.21,0.2,2024-07-01,-0.047069375658074335
2024-11-17,Europe,Office Supplies,Art,Corporate,5,170.95,71.02,0.0,2024-11-01,0.41544311202105877
2024-08-30,Asia Pacific,Office Supplies,Art,Consumer,2,65.8,12.96,0.1,2024-08-01,0.19696048632218846
2023-08-10,Asia Pacific,Furniture,Chairs,Corporate,5,1523.79,415.8,0.0,2023-08-01,0.27287224617565414
2024-09-04,Europe,Office Supplies,Storage,Home Office,6,251.59,44.75,0.1,2024-09-01,0.17786875471998093
2023-05-10,Europe,Technology,Machines,Corporate,5,954.84,228.19,0.0,2023-05-01,0.23898244732101712
2024-11-06,Europe,Furniture,Chairs,Consumer,3,657.06,147.22,0.0,2024-11-01,0.22405868566036588
2024-05-13,Asia Pacific,Office Supplies,Art,Corporate,2,105.27,11.24,0.2,2024-05-01,0.10677305975111619
2023-10-05,Latin America,Office Supplies,Storage,Home Office,1,34.84,15.83,0.0,2023-10-01,0.4543628013777267
2023-12-03,Middle East & Africa,Technology,Accessories,Corporate,5,3110.44,-727.11,0.3,2023-12-01,-0.23376435488226746
2023-03-03,North America,Technology,Phones,Consumer,2,639.79,187.9,0.0,2023-03-01,0.2936901170696635
2023-06-03,Latin America,Technology,Phones,Corporate,2,864.62,255.38,0.0,2023-06-01,0.29536675071129515
2024-10-05,Europe,Office Supplies,Paper,Consumer,2,80.27,33.02,0.0,2024-10-01,0.41136165441634487
2023-11-04,North America,Furniture,Bookcases,Corporate,2,344.48,67.38,0.0,2023-11-01,0.1955991639572689
2023-02-17,Latin America,Office Supplies,Binders,Consumer,6,254.6,-68.68,0.4,2023-02-01,-0.2697564807541242
2024-03-17,Asia Pacific,Technology,Machines,Corporate,3,875.21,197.9,0.0,2024-03-01,0.22611716045291988
2023-10-24,North America,Furniture,Bookcases,Consumer,4,895.57,179.33,0.0,2023-10-01,0.20024118717688177
2024-06-15,North America,Technology,Accessories,Consumer,5,2318.01,-51.36,0.15,2024-06-01,-0.022156936337634433
2024-07-17,North America,Office Supplies,Storage,Consumer,4,230.84,-0.65,0.2,2024-07-01,-0.0028158031536995322
2023-09-04,Asia Pacific,Office Supplies,Storage,Home Office,1,24.23,8.3,0.0,2023-09-01,0.3425505571605448
2024-05-04,North America,Office Supplies,Paper,Home Office,1,29.8,10.24,0.0,2024-05-01,0.3436241610738255
2024-08-31,North America,Furniture,Chairs,Consumer,3,921.58,-203.68,0.2,2024-08-01,-0.22101174070617852
2023-05-17,North America,Furniture,Furnishings,Corporate,1,202.18,-3.78,0.2,2023-05-01,-0.01869621129686418
2023-04-25,Latin America,Furniture,Furnishings,Consumer,4,368.91,79.71,0.0,2023-04-01,0.21606895990892083
2024-02-18,Latin America,Office Supplies,Storage,Home Office,4,154.9,59.71,0.0,2024-02-01,0.3854744996772111
2023-05-11,North America,Technology,Copiers,Consumer,2,903.79,212.41,0.0,2023-05-01,0.2350214098407816
2024-07-22,Asia Pacific,Office Supplies,Binders,Consumer,3,176.37,67.03,0.0,2024-07-01,0.3800532970459829
2024-11-12,North America,Office Supplies,Art,Home Office,1,53.86,9.67,0.2,2024-11-01,0.17953954697363536
2023-06-24,Europe,Furniture,Bookcases,Consumer,1,355.46,93.94,0.0,2023-06-01,0.2642772745175266
2023-11-22,Asia Pacific,Furniture,Bookcases,Home Office,1,268.61,26.87,0.1,2023-11-01,0.1000335058262909
2024-08-11,North America,Office Supplies,Paper,Consumer,3,146.13,62.18,0.0,2024-08-01,0.4255115308287142
2023-05-10,North America,Furniture,Tables,Consumer,1,239.19,69.27,0.0,2023-05-01,0.28960240812743004
2024-03-28,North America,Technology,Machines,Corporate,1,328.76,14.85,0.2,2024-03-01,0.045169728677454675
2023-09-30,North America,Office Supplies,Art,Consumer,2,128.58,30.65,0.1,2023-09-01,0.2383729973557318
2023-01-18,Middle East & Africa,Furniture,Furnishings,Consumer,3,396.18,109.82,0.0,2023-01-01,0.27719723358069565
2024-07-14,Latin America,Office Supplies,Storage,Corporate,2,77.53,26.72,0.0,2024-07-01,0.34464078421256283
2024-08-05,Asia Pacific,Technology,Accessories,Corporate,4,1764.07,427.67,0.0,2024-08-01,0.24243369027306175
2024-04-10,Europe,Office Supplies,Art,Consumer,2,63.24,5.81,0.15,2024-04-01,0.09187223276407336
2024-03-24,Europe,Technology,Copiers,Corporate,2,782.54,-226.94,0.4,2024-03-01,-0.2900043448258236
2023-04-10,Europe,Furniture,Bookcases,Consumer,1,285.33,7.29,0.1,2023-04-01,0.025549363894438022
2023-01-02,Asia Pacific,Technology,Accessories,Consumer,2,555.29,-50.81,0.2,2023-01-01,-0.09150173783068308
2024-06-24,North America,Technology,Machines,Corporate,5,2435.01,-1361.78,0.5,2024-06-01,-0.559250270019425
2023-11-08,North America,Furniture,Bookcases,Consumer,2,855.21,-56.75,0.15,2023-11-01,-0.06635797055693923
2023-07-11,Asia Pacific,Technology,Accessories,Corporate,5,1179.65,11.48,0.15,2023-07-01,0.009731700080532361
2023-06-17,Europe,Technology,Phones,Consumer,1,410.38,100.45,0.0,2023-06-01,0.2447731370924509
2023-05-27,Europe,Technology,Phones,Consumer,4,518.53,76.85,0.1,2023-05-01,0.14820743254970783
2023-04-26,Europe,Office Supplies,Art,Consumer,4,76.68,-6.7,0.3,2023-04-01,-0.08737610850286906
2023-10-15,Asia Pacific,Office Supplies,Storage,Consumer,3,117.86,-8.59,0.3,2023-10-01,-0.0728830816222637
2023-10-27,North America,Technology,Machines,Consumer,1,431.29,-90.75,0.3,2023-10-01,-0.21041526583041573
2024-09-03,Asia Pacific,Technology,Phones,Consumer,5,846.9,-153.65,0.2,2024-09-01,-0.18142637855709057
2024-04-16,Europe,Furniture,Bookcases,Consumer,2,599.3,173.19,0.0,2024-04-01,0.2889871516769565
2024-04-02,North America,Office Supplies,Binders,Home Office,1,52.11,19.05,0.0,2024-04-01,0.3655728267127231
2024-05-16,North America,Office Supplies,Storage,Consumer,2,91.02,14.8,0.15,2024-05-01,0.1626016260162602
2024-03-02,Europe,Furniture,Bookcases,Corporate,1,149.21,33.57,0.0,2024-03-01,0.22498492058173045
2024-06-07,Europe,Technology,Machines,Consumer,1,570.45,150.0,0.0,2024-06-01,0.2629503023928477
2024-01-09,Asia Pacific,Technology,Machines,Home Office,2,714.34,60.02,0.1,2024-01-01,0.08402161435730884
2023-04-23,Asia Pacific,Furniture,Furnishings,Consumer,3,759.45,79.22,0.1,2023-04-01,0.10431233129238264
2023-08-17,Latin America,Furniture,Furnishings,Corporate,3,1099.02,218.46,0.0,2023-08-01,0.19877709231861113
2024-03-19,Europe,Furniture,Tables,Corporate,1,153.4,16.06,0.1,2024-03-01,0.10469361147327248
2024-12-14,North America,Furniture,Tables,Consumer,4,1643.24,440.96,0.0,2024-12-01,0.26834789805506193
2023-10-08,North America,Furniture,Chairs,Consumer,3,829.69,248.2,0.0,2023-10-01,0.2991478745073461
2024-01-07,Europe,Office Supplies,Binders,Consumer,2,80.75,0.64,0.2,2024-01-01,0.007925696594427245
2023-11-01,North America,Office Supplies,Storage,Corporate,1,60.26,20.0,0.0,2023-11-01,0.3318951211417192
2024-05-09,North America,Technology,Accessories,Corporate,3,880.35,24.87,0.15,2024-05-01,0.02825012779008349
2024-06-20,Asia Pacific,Furniture,Furnishings,Consumer,3,1480.81,-285.43,0.3,2024-06-01,-0.19275261512280442
2023-11-17,Asia Pacific,Technology,Copiers,Corporate,4,2182.3,-291.13,0.2,2023-11-01,-0.1334051230353297
2024-06-03,Europe,Office Supplies,Art,Consumer,2,125.31,47.78,0.0,2024-06-01,0.38129438991301573
2024-04-10,North America,Technology,Machines,Corporate,1,664.54,133.69,0.0,2024-04-01,0.2011767538447648
2024-03-29,Asia Pacific,Office Supplies,Art,Home Office,2,56.21,21.19,0.0,2024-03-01,0.3769791851983633
2023-04-07,Latin America,Furniture,Chairs,Consumer,1,262.86,-19.04,0.2,2023-04-01,-0.07243399528265997
2023-11-29,Asia Pacific,Technology,Accessories,Consumer,4,1486.95,428.56,0.0,2023-11-01,0.2882141295941356
2024-12-11,Europe,Furniture,Furnishings,Corporate,4,1090.9,-5.7,0.15,2024-12-01,-0.005225043542029516
2023-11-03,North America,Office Supplies,Binders,Corporate,2,148.03,64.49,0.0,2023-11-01,0.4356549348105113
2023-06-24,Europe,Technology,Machines,Corporate,3,1137.06,-46.76,0.15,2023-06-01,-0.04112359945825198
2024-07-14,North America,Office Supplies,Storage,Consumer,1,59.95,5.33,0.15,2024-07-01,0.08890742285237697
2023-12-08,Europe,Technology,Machines,Consumer,2,2146.23,564.44,0.0,2023-12-01,0.262991384893511
2024-10-07,Europe,Technology,Machines,Consumer,3,1654.95,479.07,0.0,2024-10-01,0.28947702347502946
2023-08-03,Europe,Technology,Machines,Corporate,3,1488.26,432.27,0.0,2023-08-01,0.29045328101272627
2024-07-26,North America,Furniture,Chairs,Corporate,1,226.85,-4.72,0.15,2024-07-01,-0.02080670046286092
2024-05-28,Latin America,Office Supplies,Art,Consumer,4,199.16,-21.08,0.3,2024-05-01,-0.1058445470978108
2023-12-05,North America,Office Supplies,Storage,Consumer,1,43.98,23.03,0.0,2023-12-01,0.5236471123237836
2023-03-21,Middle East & Africa,Technology,Machines,Consumer,2,865.12,213.1,0.0,2023-03-01,0.24632420935823932
2023-02-15,Middle East & Africa,Office Supplies,Art,Consumer,5,106.96,25.36,0.1,2023-02-01,0.23709798055347794
2024-02-19,Latin America,Technology,Machines,Consumer,3,825.78,209.09,0.0,2024-02-01,0.25320303228462787
2024-01-21,North America,Technology,Phones,Consumer,1,299.48,11.7,0.15,2024-01-01,0.03906771737678642
2024-10-18,North America,Office Supplies,Art,Home Office,1,54.11,17.4,0.0,2024-10-01,0.3215671779708002
2024-09-15,Europe,Furniture,Furnishings,Corporate,2,302.39,88.83,0.0,2024-09-01,0.29375971427626574
2023-12-17,North America,Office Supplies,Storage,Home Office,3,65.04,-24.44,0.4,2023-12-01,-0.37576875768757684
2024-08-19,Latin America,Technology,Accessories,Corporate,2,666.27,180.41,0.0,2024-08-01,0.27077611178651295
2024-04-10,Europe,Office Supplies,Art,Corporate,3,159.53,32.74,0.1,2024-04-01,0.20522785682943648
2023-06-13,North America,Office Supplies,Binders,Corporate,1,56.7,22.42,0.0,2023-06-01,0.39541446208112874
2024-10-28,Europe,Technology,Phones,Home Office,4,1396.75,402.78,0.0,2024-10-01,0.28836942903168067
2024-04-01,North America,Office Supplies,Art,Consumer,2,63.29,21.85,0.0,2024-04-01,0.3452362142518566
2023-07-20,North America,Office Supplies,Paper,Corporate,2,75.56,17.72,0.1,2023-07-01,0.23451561672842772
2024-11-13,North America,Technology,Machines,Consumer,1,763.94,-6.57,0.15,2024-11-01,-0.008600151844385685
2024-08-20,North America,Office Supplies,Storage,Corporate,2,93.74,8.25,0.2,2024-08-01,0.08800938766801793
2023-01-30,Asia Pacific,Office Supplies,Paper,Corporate,1,38.71,16.57,0.0,2023-01-01,0.4280547662102816
2023-03-22,Asia Pacific,Office Supplies,Storage,Consumer,5,23.88,-0.99,0.3,2023-03-01,-0.0414572864321608
2023-05-04,Europe,Office Supplies,Art,Home Office,2,99.82,-26.26,0.4,2023-05-01,-0.2630735323582449
2023-05-13,Middle East & Africa,Office Supplies,Art,Consumer,3,100.6,33.04,0.0,2023-05-01,0.32842942345924453
2023-11-14,Middle East & Africa,Technology,Phones,Consumer,3,2419.68,705.13,0.0,2023-11-01,0.2914145672154996
2023-04-17,North America,Office Supplies,Binders,Consumer,6,247.11,91.49,0.0,2023-04-01,0.37023997410060294
2024-03-27,North America,Furniture,Tables,Consumer,1,320.36,58.6,0.0,2024-03-01,0.18291921588213259
2023-10-13,North America,Technology,Copiers,Home Office,1,185.46,11.84,0.1,2023-10-01,0.06384125957079693
2024-07-26,Latin America,Furniture,Tables,Corporate,2,590.46,111.93,0.0,2024-07-01,0.18956406869220607
2024-05-05,Asia Pacific,Technology,Accessories,Consumer,2,690.22,232.87,0.0,2024-05-01,0.33738518153632174
2023-01-20,Asia Pacific,Office Supplies,Storage,Consumer,3,162.73,47.72,0.0,2023-01-01,0.29324648190253794
2024-04-22,Latin America,Office Supplies,Storage,Corporate,2,58.77,14.32,0.1,2024-04-01,0.2436617321762804
2023-08-21,Asia Pacific,Office Supplies,Paper,Consumer,4,130.8,55.78,0.0,2023-08-01,0.42645259938837915
2024-06-10,Europe,Technology,Copiers,Consumer,3,1357.82,369.38,0.0,2024-06-01,0.2720390036971027
2024-01-05,North America,Office Supplies,Paper,Corporate,4,100.79,41.8,0.0,2024-01-01,0.4147236829050501
2023-03-28,Middle East & Africa,Office Supplies,Storage,Corporate,1,47.69,20.33,0.0,2023-03-01,0.4262948207171315
2023-09-08,Asia Pacific,Furniture,Furnishings,Corporate,5,1396.34,251.4,0.0,2023-09-01,0.18004211008780097
2024-08-11,North America,Technology,Machines,Home Office,10,4501.25,33.85,0.15,2024-08-01,0.007520133296306582
2023-11-11,Europe,Furniture,Bookcases,Consumer,4,1339.34,252.4,0.0,2023-11-01,0.18845102811832695
2023-01-30,Latin America,Furniture,Chairs,Corporate,4,1881.63,293.54,0.0,2023-01-01,0.15600303991751832
2024-10-20,Europe,Technology,Accessories,Consumer,3,1151.52,-45.19,0.15,2024-10-01,-0.03924378213144365
2023-12-05,Asia Pacific,Office Supplies,Binders,Consumer,1,88.02,12.47,0.1,2023-12-01,0.1416723471938196
2023-05-31,Middle East & Africa,Furniture,Tables,Consumer,1,270.81,-152.68,0.5,2023-05-01,-0.5637901111480373
2023-11-29,Asia Pacific,Furniture,Bookcases,Home Office,2,657.84,171.23,0.0,2023-11-01,0.26029125623251853
2023-06-14,North America,Office Supplies,Paper,Home Office,2,56.66,21.47,0.0,2023-06-01,0.3789269325803036
2024-04-23,North America,Technology,Accessories,Consumer,3,868.35,-305.55,0.4,2024-04-01,-0.3518742442563482
2024-11-28,Europe,Office Supplies,Storage,Consumer,1,83.66,9.95,0.15,2024-11-01,0.11893377958403059
2024-01-21,North America,Furniture,Furnishings,Consumer,4,1058.09,221.7,0.0,2024-01-01,0.20952849001502707
2024-11-29,Europe,Technology,Copiers,Home Office,2,1560.03,412.14,0.0,2024-11-01,0.2641872271687083
2024-11-12,Latin America,Furniture,Furnishings,Consumer,3,634.98,122.82,0.0,2024-11-01,0.19342341491070583
2023-06-08,North America,Office Supplies,Paper,Home Office,1,52.12,21.93,0.0,2023-06-01,0.42075978511128165
2024-03-30,Latin America,Office Supplies,Storage,Consumer,3,147.72,59.66,0.0,2024-03-01,0.40387219063092333
2024-06-27,Latin America,Office Supplies,Storage,Consumer,2,137.03,51.54,0.0,2024-06-01,0.3761220170765526
2023-06-20,Latin America,Office Supplies,Art,Corporate,2,75.1,-32.02,0.5,2023-06-01,-0.426364846870839
2024-01-15,North America,Furniture,Chairs,Consumer,2,455.61,138.16,0.0,2024-01-01,0.3032418076863984
2023-01-06,Asia Pacific,Office Supplies,Paper,Consumer,4,146.73,22.47,0.2,2023-01-01,0.15313841750153342
2024-04-05,North America,Office Supplies,Binders,Home Office,2,115.38,12.81,0.15,2024-04-01,0.11102444097763911
2023-10-17,Asia Pacific,Office Supplies,Paper,Home Office,1,59.71,3.82,0.2,2023-10-01,0.06397588343661027
2024-04-25,Europe,Technology,Phones,Corporate,2,791.17,239.06,0.0,2024-04-01,0.30216009201562244
2023-10-07,Asia Pacific,Furniture,Bookcases,Consumer,3,751.4,123.52,0.0,2023-10-01,0.16438647857332978
2023-07-21,North America,Technology,Machines,Corporate,3,2172.49,500.7,0.0,2023-07-01,0.2304728675390911
2024-07-25,North America,Office Supplies,Binders,Home Office,3,192.49,24.68,0.2,2024-07-01,0.1282144526988415
2024-02-18,North America,Office Supplies,Storage,Consumer,5,200.98,39.28,0.1,2024-02-01,0.19544233257040503
2024-06-07,North America,Furniture,Bookcases,Consumer,2,481.98,125.2,0.0,2024-06-01,0.259761815842981
2023-10-22,North America,Office Supplies,Paper,Corporate,2,51.83,17.55,0.0,2023-10-01,0.3386069843719854
2024-09-24,North America,Furniture,Tables,Home Office,2,424.54,91.95,0.0,2024-09-01,0.21658736514816035
2023-08-07,Middle East & Africa,Office Supplies,Binders,Corporate,3,86.81,32.45,0.0,2023-08-01,0.37380486119110706
2023-08-18,Europe,Office Supplies,Storage,Consumer,3,105.12,44.62,0.0,2023-08-01,0.4244672754946727
2023-11-14,Middle East & Africa,Office Supplies,Art,Consumer,4,298.09,-86.98,0.4,2023-11-01,-0.2917910698111309
2024-07-29,Asia Pacific,Office Supplies,Paper,Corporate,2,48.7,-22.12,0.5,2024-07-01,-0.4542094455852156
2024-10-19,North America,Technology,Accessories,Consumer,5,1970.76,404.99,0.0,2024-10-01,0.20549940124621974
2023-01-05,North America,Office Supplies,Storage,Corporate,3,150.86,62.34,0.0,2023-01-01,0.4132308100225374
2024-01-16,Asia Pacific,Office Supplies,Binders,Consumer,1,33.52,13.14,0.0,2024-01-01,0.39200477326968974
2024-04-19,Asia Pacific,Furniture,Chairs,Consumer,6,1224.36,286.38,0.0,2024-04-01,0.23390179359012056
2023-01-16,North America,Office Supplies,Paper,Corporate,1,60.4,12.49,0.1,2023-01-01,0.20678807947019867
2023-10-04,North America,Furniture,Tables,Corporate,1,243.0,39.21,0.0,2023-10-01,0.16135802469135802
2023-02-17,Asia Pacific,Office Supplies,Binders,Consumer,2,52.5,24.63,0.0,2023-02-01,0.46914285714285714
2023-12-10,Asia Pacific,Technology,Machines,Corporate,3,1211.18,349.31,0.0,2023-12-01,0.2884046962466355
2024-05-01,Europe,Office Supplies,Paper,Home Office,2,57.65,-14.45,0.4,2024-05-01,-0.25065047701647875
2024-11-17,Asia Pacific,Office Supplies,Paper,Home Office,2,161.82,51.82,0.0,2024-11-01,0.32023235693980967
2024-09-05,North America,Furniture,Chairs,Corporate,2,453.42,-18.59,0.1,2024-09-01,-0.04099951479864143
2024-08-28,Europe,Technology,Machines,Corporate,5,2927.06,-171.79,0.2,2024-08-01,-0.058690289915478325
2024-08-29,North America,Office Supplies,Binders,Home Office,2,36.83,14.74,0.0,2024-08-01,0.4002172142275319
2023-11-29,Latin America,Technology,Copiers,Consumer,1,442.66,-12.54,0.15,2023-11-01,-0.028328739890661002
2023-06-11,North America,Furniture,Chairs,Home Office,4,942.36,175.02,0.0,2023-06-01,0.18572520056029543
2023-10-04,Europe,Furniture,Bookcases,Corporate,4,1171.37,304.56,0.0,2023-10-01,0.26000324406464226
2023-09-14,Latin America,Technology,Phones,Consumer,1,178.46,49.07,0.0,2023-09-01,0.2749635772722179
2023-08-14,Asia Pacific,Office Supplies,Art,Consumer,4,141.07,-5.35,0.2,2023-08-01,-0.03792443467781952
2024-11-06,North America,Technology,Phones,Consumer,2,1179.14,110.38,0.1,2024-11-01,0.09361059755414962
2024-12-22,North America,Technology,Machines,Consumer,4,1605.83,-178.81,0.2,2024-12-01,-0.11135051655530162
2023-03-02,North America,Furniture,Tables,Consumer,1,318.58,17.24,0.1,2023-03-01,0.054115135915625584
2024-05-23,Middle East & Africa,Office Supplies,Binders,Home Office,1,54.62,15.66,0.1,2024-05-01,0.28670816550714023
2023-12-15,North America,Furniture,Furnishings,Consumer,1,294.51,-86.07,0.3,2023-12-01,-0.29224814097993274
2023-03-25,Europe,Furniture,Furnishings,Consumer,2,372.73,68.14,0.0,2023-03-01,0.18281329648807448
2024-02-23,North America,Furniture,Tables,Home Office,1,93.17,-6.7,0.2,2024-02-01,-0.0719115595148653
2023-03-10,Europe,Furniture,Tables,Corporate,1,257.46,63.67,0.0,2023-03-01,0.24730055154198713
2023-11-05,Europe,Technology,Phones,Consumer,3,1365.39,185.1,0.0,2023-11-01,0.13556566255795047
2023-02-13,Europe,Office Supplies,Binders,Consumer,2,63.07,20.2,0.0,2023-02-01,0.32027905501823367
2024-10-23,North America,Technology,Accessories,Consumer,3,1101.13,4.2,0.15,2024-10-01,0.003814263529283554
2023-04-13,Asia Pacific,Furniture,Bookcases,Consumer,6,1717.19,85.68,0.1,2023-04-01,0.04989546876000909
2024-11-12,Asia Pacific,Furniture,Chairs,Consumer,1,184.85,37.52,0.0,2024-11-01,0.20297538544766028
2024-03-19,Europe,Furniture,Bookcases,Consumer,2,622.1,-42.49,0.15,2024-03-01,-0.06830091625140652
2023-04-04,North America,Technology,Copiers,Consumer,3,1458.48,330.71,0.0,2023-04-01,0.22674976688058798
2023-01-18,Latin America,Office Supplies,Paper,Consumer,3,88.86,32.59,0.0,2023-01-01,0.36675669592617605
2024-08-08,North America,Furniture,Bookcases,Consumer,1,297.83,-32.36,0.15,2024-08-01,-0.10865258704630158
2024-06-16,Latin America,Furniture,Chairs,Home Office,4,658.1,151.47,0.0,2024-06-01,0.23016258927214708
2023-05-26,Europe,Office Supplies,Storage,Corporate,3,39.03,11.21,0.0,2023-05-01,0.2872149628490905
2023-11-26,Asia Pacific,Technology,Phones,Home Office,2,1050.76,-151.14,0.2,2023-11-01,-0.14383874528912405
2024-08-13,North America,Technology,Copiers,Consumer,3,1122.74,346.02,0.0,2024-08-01,0.3081924577373212
2023-07-29,Europe,Technology,Copiers,Corporate,1,607.23,202.79,0.0,2023-07-01,0.3339591258666403
2023-07-23,Asia Pacific,Furniture,Tables,Consumer,1,352.86,-58.68,0.2,2023-07-01,-0.16629824859717734
2023-11-16,Asia Pacific,Technology,Machines,Consumer,2,715.77,228.6,0.0,2023-11-01,0.31937633597384635
2024-11-15,Asia Pacific,Office Supplies,Art,Corporate,3,140.99,12.18,0.2,2024-11-01,0.08638910561032696
2024-09-14,Latin America,Technology,Copiers,Corporate,1,424.66,44.21,0.1,2024-09-01,0.10410681486365563
2023-04-12,Asia Pacific,Furniture,Bookcases,Consumer,1,161.9,6.43,0.15,2023-04-01,0.039715873996294004
2024-02-12,Latin America,Technology,Copiers,Consumer,5,1716.66,-115.13,0.2,2024-02-01,-0.06706627986904803
2024-12-30,Latin America,Office Supplies,Storage,Consumer,2,99.54,35.21,0.0,2024-12-01,0.35372714486638535
2023-01-10,Asia Pacific,Office Supplies,Paper,Consumer,1,36.86,12.57,0.0,2023-01-01,0.34102007596310363
2023-04-02,North America,Furniture,Bookcases,Corporate,1,380.0,-117.0,0.3,2023-04-01,-0.3078947368421053
2024-05-16,Asia Pacific,Office Supplies,Binders,Corporate,3,155.17,55.56,0.0,2024-05-01,0.3580589031384933
2024-02-18,Latin America,Office Supplies,Paper,Consumer,4,112.56,14.22,0.2,2024-02-01,0.1263326226012793
2023-12-07,Europe,Technology,Machines,Home Office,4,1568.51,299.13,0.0,2023-12-01,0.1907096543853721
2024-07-24,North America,Technology,Copiers,Consumer,2,1098.02,90.49,0.1,2024-07-01,0.08241197792389938
2024-08-07,Europe,Technology,Machines,Home Office,3,759.36,-3.93,0.1,2024-08-01,-0.005175410872313527
2024-12-28,Latin America,Technology,Machines,Home Office,2,1187.8,-82.78,0.15,2024-12-01,-0.06969186731773026
2024-06-30,North America,Office Supplies,Art,Consumer,5,162.81,68.79,0.0,2024-06-01,0.4225170444075917
2023-05-31,Europe,Furniture,Chairs,Home Office,1,292.9,63.15,0.0,2023-05-01,0.21560259474223287
2023-04-17,Asia Pacific,Furniture,Furnishings,Home Office,2,529.64,6.09,0.15,2023-04-01,0.011498376255569822
2023-04-20,North America,Office Supplies,Storage,Consumer,3,164.12,25.68,0.15,2023-04-01,0.1564708749695345
2024-03-06,Latin America,Furniture,Furnishings,Corporate,2,703.04,161.0,0.0,2024-03-01,0.22900546199362767
2023-01-01,Middle East & Africa,Office Supplies,Storage,Corporate,2,93.3,35.42,0.0,2023-01-01,0.3796355841371919
2024-10-18,Middle East & Africa,Office Supplies,Art,Consumer,2,97.83,39.56,0.0,2024-10-01,0.4043749361136666
2023-06-24,Asia Pacific,Office Supplies,Binders,Consumer,1,55.17,-14.92,0.4,2023-06-01,-0.270436831611383
2023-01-17,Middle East & Africa,Furniture,Tables,Consumer,5,751.93,14.51,0.1,2023-01-01,0.019297009030095888
2024-03-18,North America,Furniture,Furnishings,Corporate,4,883.23,144.57,0.0,2024-03-01,0.1636832988009918
2024-06-02,North America,Office Supplies,Art,Consumer,1,38.42,10.34,0.1,2024-06-01,0.26913066111400313
2024-01-27,North America,Technology,Phones,Corporate,3,1339.24,203.26,0.0,2024-01-01,0.1517726471730235
2024-09-01,Asia Pacific,Technology,Accessories,Corporate,2,879.66,197.78,0.0,2024-09-01,0.22483686879021442
2023-12-05,Middle East & Africa,Furniture,Tables,Corporate,3,1159.04,199.72,0.0,2023-12-01,0.17231501932633905
2024-02-16,Middle East & Africa,Office Supplies,Paper,Consumer,3,150.42,58.54,0.0,2024-02-01,0.3891769711474538
2023-07-23,Europe,Furniture,Furnishings,Corporate,1,172.08,38.55,0.0,2023-07-01,0.22402370990237097
2024-09-23,North America,Office Supplies,Storage,Consumer,2,73.03,26.69,0.0,2024-09-01,0.36546624674791184
2024-07-01,North America,Technology,Phones,Corporate,1,291.81,33.45,0.1,2024-07-01,0.11462938213220933
2024-12-19,Asia Pacific,Technology,Accessories,Consumer,4,1813.18,527.09,0.0,2024-12-01,0.29069921353643874
2023-03-27,Asia Pacific,Office Supplies,Binders,Home Office,4,142.57,60.54,0.0,2023-03-01,0.42463351336185734
2023-06-18,Europe,Technology,Accessories,Consumer,3,1330.19,208.16,0.1,2023-06-01,0.15648892263511227
2023-03-01,North America,Office Supplies,Paper,Corporate,4,237.19,79.68,0.0,2023-03-01,0.335933218095198
2023-07-16,North America,Office Supplies,Art,Home Office,3,68.03,24.97,0.0,2023-07-01,0.3670439511980009
2023-08-13,North America,Technology,Copiers,Consumer,2,185.92,65.21,0.0,2023-08-01,0.3507422547332186
2023-03-22,North America,Technology,Accessories,Consumer,3,1422.22,378.4,0.0,2023-03-01,0.2660629157233058
2024-01-08,Asia Pacific,Technology,Copiers,Corporate,3,1399.47,-11.22,0.1,2024-01-01,-0.008017320842890523
2024-09-29,Asia Pacific,Furniture,Furnishings,Corporate,4,1262.57,38.8,0.15,2024-09-01,0.030730969371995216
2024-10-20,Europe,Office Supplies,Storage,Corporate,3,114.52,42.13,0.0,2024-10-01,0.3678833391547328
2024-12-15,Asia Pacific,Office Supplies,Paper,Consumer,3,156.63,69.15,0.0,2024-12-01,0.4414863053054971
2024-07-19,North America,Furniture,Furnishings,Corporate,1,382.06,-78.82,0.3,2024-07-01,-0.2063026749725174
2024-08-20,North America,Office Supplies,Art,Consumer,4,229.65,96.31,0.0,2024-08-01,0.41937731330285216
2023-05-18,Middle East & Africa,Technology,Accessories,Corporate,5,1486.53,-122.59,0.2,2023-05-01,-0.08246722232312836
2024-04-17,Asia Pacific,Office Supplies,Binders,Consumer,4,144.65,-30.1,0.4,2024-04-01,-0.20808848945731076
2023-06-19,North America,Technology,Machines,Consumer,3,1709.77,461.8,0.0,2023-06-01,0.27009480807360053
2023-02-17,Europe,Office Supplies,Storage,Consumer,1,38.7,14.49,0.0,2023-02-01,0.3744186046511628
2024-10-19,Latin America,Technology,Machines,Home Office,1,384.89,40.23,0.1,2024-10-01,0.10452337031359608
2023-06-11,Europe,Office Supplies,Binders,Home Office,4,161.53,35.54,0.1,2023-06-01,0.2200210487215997
2023-01-28,Europe,Office Supplies,Paper,Consumer,2,72.85,11.82,0.15,2023-01-01,0.1622512010981469
2024-05-10,Europe,Furniture,Bookcases,Corporate,2,313.28,-84.3,0.3,2024-05-01,-0.26908835546475995
2023-10-23,Asia Pacific,Office Supplies,Storage,Consumer,2,116.9,23.09,0.15,2023-10-01,0.197519247219846
2023-12-09,Europe,Office Supplies,Art,Consumer,1,52.66,21.65,0.0,2023-12-01,0.41112799088492213
2023-12-13,North America,Office Supplies,Storage,Home Office,2,66.25,28.74,0.0,2023-12-01,0.43381132075471696
2023-06-07,Middle East & Africa,Furniture,Tables,Home Office,2,332.51,58.97,0.1,2023-06-01,0.1773480496827163
2024-06-23,Europe,Technology,Phones,Corporate,1,560.42,-13.07,0.15,2024-06-01,-0.023321794368509334
2023-09-08,North America,Technology,Accessories,Consumer,2,971.54,170.02,0.0,2023-09-01,0.17500051464684935
2024-10-14,Asia Pacific,Furniture,Bookcases,Consumer,4,661.57,142.15,0.0,2024-10-01,0.21486766328582008
2024-06-15,North America,Office Supplies,Binders,Corporate,3,94.49,26.84,0.1,2024-06-01,0.2840512223515716
2023-11-26,Asia Pacific,Office Supplies,Art,Consumer,4,295.75,116.29,0.0,2023-11-01,0.39320371935756554
2024-09-19,Middle East & Africa,Office Supplies,Art,Home Office,1,46.25,-1.43,0.3,2024-09-01,-0.030918918918918917
2024-09-02,Asia Pacific,Technology,Accessories,Corporate,2,724.23,-366.67,0.5,2024-09-01,-0.5062894384380653
2024-08-06,Europe,Office Supplies,Binders,Consumer,4,134.94,35.52,0.1,2024-08-01,0.2632281013783904
2023-02-05,Europe,Office Supplies,Art,Consumer,4,111.98,1.26,0.2,2023-02-01,0.011252009287372744
2024-05-03,Middle East & Africa,Technology,Phones,Consumer,1,270.94,78.77,0.0,2024-05-01,0.2907285745921606
2024-04-10,Asia Pacific,Furniture,Bookcases,Consumer,1,284.56,12.88,0.1,2024-04-01,0.04526286196232781
2023-08-25,North America,Furniture,Chairs,Home Office,2,928.59,131.67,0.0,2023-08-01,0.141795625625949
2024-12-15,Europe,Technology,Accessories,Consumer,1,378.83,91.55,0.0,2024-12-01,0.24166512683789562
2024-08-07,Asia Pacific,Office Supplies,Storage,Corporate,1,26.5,4.26,0.15,2024-08-01,0.16075471698113206
2024-02-10,Europe,Office Supplies,Art,Corporate,4,154.98,64.79,0.0,2024-02-01,0.4180539424441864
2024-05-13,Latin America,Furniture,Furnishings,Corporate,3,453.86,90.86,0.0,2024-05-01,0.2001938923897237
2023-01-28,North America,Furniture,Chairs,Corporate,3,710.52,-85.07,0.2,2023-01-01,-0.11972921240781399
2023-11-19,North America,Office Supplies,Paper,Home Office,4,147.67,-29.0,0.4,2023-11-01,-0.19638382880747615
2024-09-19,Middle East & Africa,Technology,Machines,Corporate,4,1485.2,-148.07,0.2,2024-09-01,-0.09969701050363587
2023-10-08,Asia Pacific,Technology,Copiers,Consumer,1,479.33,168.78,0.0,2023-10-01,0.35211649594225275
2024-09-12,North America,Office Supplies,Paper,Consumer,1,41.51,13.12,0.0,2024-09-01,0.3160684172488557
2023-02-27,Europe,Office Supplies,Storage,Consumer,3,40.15,15.74,0.0,2023-02-01,0.3920298879202989
2024-08-17,Asia Pacific,Office Supplies,Art,Corporate,4,240.0,14.87,0.15,2024-08-01,0.06195833333333333
2023-12-10,Middle East & Africa,Technology,Phones,Corporate,3,983.19,66.69,0.1,2023-12-01,0.06783022610075366
2024-03-20,North America,Office Supplies,Paper,Corporate,3,206.51,28.54,0.1,2024-03-01,0.13820153987700354
2024-12-01,Asia Pacific,Furniture,Tables,Consumer,1,238.81,-99.83,0.4,2024-12-01,-0.4180310707256815
2024-09-03,Asia Pacific,Office Supplies,Storage,Consumer,2,84.19,-17.88,0.4,2024-09-01,-0.2123767668369165
2024-11-09,Latin America,Office Supplies,Storage,Corporate,3,173.88,57.89,0.0,2024-11-01,0.33293075684380036
2024-05-09,Asia Pacific,Technology,Phones,Home Office,3,948.08,-325.4,0.4,2024-05-01,-0.34321998143616567
2023-04-20,Latin America,Technology,Machines,Consumer,3,866.81,66.12,0.15,2023-04-01,0.07627969220475077
2024-06-24,Latin America,Furniture,Furnishings,Consumer,2,339.09,112.31,0.0,2024-06-01,0.33121000324397654
2024-08-19,North America,Furniture,Furnishings,Home Office,4,1080.68,-320.14,0.3,2024-08-01,-0.29623940481918787
2023-07-17,Asia Pacific,Office Supplies,Paper,Consumer,6,290.87,60.47,0.1,2023-07-01,0.20789356069721868
2023-10-12,North America,Office Supplies,Storage,Corporate,5,169.67,60.79,0.0,2023-10-01,0.35828372723522134
2024-09-04,Asia Pacific,Technology,Machines,Corporate,1,731.54,191.43,0.0,2024-09-01,0.261680837684884
2023-05-06,Europe,Office Supplies,Binders,Consumer,2,110.28,27.27,0.0,2023-05-01,0.24727965179542982
2023-06-24,North America,Office Supplies,Storage,Corporate,1,40.22,15.2,0.0,2023-06-01,0.37792143212332174
2024-10-14,Middle East & Africa,Furniture,Chairs,Home Office,2,324.89,46.2,0.0,2024-10-01,0.1422019760534335
2023-06-01,North America,Office Supplies,Binders,Corporate,1,45.8,15.93,0.0,2023-06-01,0.3478165938864629
2023-12-24,North America,Technology,Copiers,Consumer,1,443.25,8.34,0.15,2023-12-01,0.018815566835871406
2023-07-15,Asia Pacific,Office Supplies,Paper,Home Office,4,210.49,95.16,0.0,2023-07-01,0.4520879851774431
2024-03-12,North America,Technology,Accessories,Corporate,2,518.86,8.93,0.15,2024-03-01,0.017210808310526925
2023-01-20,North America,Furniture,Tables,Consumer,3,644.88,-89.65,0.2,2023-01-01,-0.139018111896787
2023-06-18,Middle East & Africa,Technology,Phones,Home Office,1,559.8,174.75,0.0,2023-06-01,0.3121650589496249
2023-10-21,Middle East & Africa,Furniture,Furnishings,Consumer,1,307.5,78.79,0.0,2023-10-01,0.2562276422764228
2024-01-15,Europe,Technology,Machines,Consumer,3,1709.26,38.0,0.15,2024-01-01,0.02223184301978634
2023-07-09,Latin America,Technology,Accessories,Consumer,4,2138.98,525.85,0.0,2023-07-01,0.24584147584362642
2024-11-08,Europe,Technology,Phones,Consumer,3,2253.04,863.18,0.0,2024-11-01,0.3831179206760643
2024-10-07,Latin America,Technology,Machines,Consumer,5,2319.76,127.85,0.15,2024-10-01,0.0551134600131048
2024-03-26,Europe,Office Supplies,Paper,Consumer,2,58.21,21.97,0.0,2024-03-01,0.3774265590104793
2023-10-21,Asia Pacific,Office Supplies,Binders,Home Office,1,18.18,7.84,0.0,2023-10-01,0.4312431243124312
2023-03-19,North America,Technology,Machines,Consumer,3,733.19,134.08,0.0,2023-03-01,0.18287210682087862
2024-05-22,Asia Pacific,Technology,Copiers,Corporate,3,1705.57,459.56,0.0,2024-05-01,0.26944657797686405
2023-03-22,Asia Pacific,Technology,Copiers,Consumer,2,866.69,10.87,0.1,2023-03-01,0.01254197002388397
2024-03-27,Asia Pacific,Office Supplies,Binders,Consumer,3,130.94,41.8,0.0,2024-03-01,0.31923018176263934
2023-02-15,Europe,Technology,Machines,Consumer,1,264.6,67.89,0.0,2023-02-01,0.25657596371882085
2023-06-13,Europe,Technology,Copiers,Home Office,3,1031.69,122.2,0.1,2023-06-01,0.118446432552414
2024-06-15,Asia Pacific,Office Supplies,Storage,Consumer,2,76.48,15.4,0.1,2024-06-01,0.20135983263598325
2024-06-12,North America,Technology,Accessories,Consumer,2,634.85,154.13,0.0,2024-06-01,0.2427817594707411
2024-06-23,North America,Technology,Copiers,Consumer,3,1225.66,72.71,0.15,2024-06-01,0.05932314018569586
2024-11-29,Europe,Furniture,Tables,Corporate,3,1119.3,305.04,0.0,2024-11-01,0.27252747252747256
2024-08-22,North America,Office Supplies,Paper,Corporate,2,52.85,19.25,0.0,2024-08-01,0.36423841059602646
2024-09-16,North America,Office Supplies,Paper,Corporate,3,97.13,29.78,0.0,2024-09-01,0.30659940286214354
2024-03-16,Asia Pacific,Technology,Phones,Corporate,5,2275.5,325.62,0.1,2024-03-01,0.1430982201713909
2024-06-16,North America,Technology,Phones,Consumer,1,300.85,65.77,0.0,2024-06-01,0.21861392720624892
2024-11-20,North America,Office Supplies,Art,Consumer,2,152.98,54.14,0.0,2024-11-01,0.3539024709112302
2023-07-30,Europe,Office Supplies,Storage,Consumer,4,98.0,15.73,0.1,2023-07-01,0.16051020408163266
2024-08-23,North America,Office Supplies,Art,Home Office,7,289.67,106.31,0.0,2024-08-01,0.36700383194669794
2024-06-15,North America,Technology,Copiers,Consumer,1,331.06,67.36,0.0,2024-06-01,0.2034676493686945
2023-11-17,Asia Pacific,Office Supplies,Art,Home Office,5,376.15,152.44,0.0,2023-11-01,0.40526385750365546
2024-11-02,Middle East & Africa,Technology,Machines,Consumer,1,512.27,-10.19,0.15,2024-11-01,-0.019891853905167196
2024-10-24,North America,Office Supplies,Paper,Consumer,1,31.73,5.63,0.1,2024-10-01,0.17743460447526
2023-10-19,Europe,Furniture,Tables,Consumer,4,844.2,177.71,0.0,2023-10-01,0.2105069888651978
2024-04-24,North America,Furniture,Furnishings,Corporate,2,388.52,-8.13,0.15,2024-04-01,-0.02092556367754556
2023-07-02,North America,Technology,Machines,Home Office,5,2564.57,504.77,0.0,2023-07-01,0.19682441890843297
2024-12-14,Middle East & Africa,Technology,Phones,Consumer,4,2547.15,790.82,0.0,2024-12-01,0.31047248886009854
2023-05-20,Europe,Furniture,Bookcases,Consumer,2,542.78,-117.0,0.3,2023-05-01,-0.21555694756623311
2024-01-11,North America,Technology,Copiers,Consumer,2,995.13,6.87,0.15,2024-01-01,0.0069036206324801785
2023-01-15,Europe,Office Supplies,Paper,Consumer,2,53.69,21.05,0.0,2023-01-01,0.392065561557087
2024-01-01,Middle East & Africa,Technology,Accessories,Corporate,1,625.27,-195.65,0.4,2024-01-01,-0.3129048251155501
2024-10-04,North America,Office Supplies,Art,Home Office,4,98.02,-1.38,0.2,2024-10-01,-0.014078759436849622
2024-11-02,Europe,Office Supplies,Paper,Consumer,3,156.75,34.19,0.15,2024-11-01,0.21811802232854863
2023-05-31,Asia Pacific,Technology,Accessories,Consumer,3,1298.1,-77.81,0.2,2023-05-01,-0.059941452892689324
2023-06-19,North America,Furniture,Chairs,Consumer,2,612.27,125.56,0.0,2023-06-01,0.20507292534339427
2024-07-02,Asia Pacific,Office Supplies,Storage,Corporate,3,58.13,21.91,0.0,2024-07-01,0.3769138138654739
2023-12-10,North America,Office Supplies,Binders,Home Office,4,183.0,51.27,0.0,2023-12-01,0.2801639344262295
2023-10-10,Middle East & Africa,Office Supplies,Paper,Corporate,4,235.56,100.61,0.0,2023-10-01,0.4271098658515877
2024-11-07,North America,Office Supplies,Storage,Consumer,3,72.8,26.46,0.0,2024-11-01,0.3634615384615385
2024-12-25,Middle East & Africa,Furniture,Tables,Home Office,8,2883.23,484.62,0.0,2024-12-01,0.16808232433763523
2023-05-06,Middle East & Africa,Furniture,Bookcases,Consumer,4,1265.77,133.9,0.1,2023-05-01,0.1057854112516492
2023-07-09,North America,Office Supplies,Storage,Corporate,2,84.5,37.52,0.0,2023-07-01,0.4440236686390533
2023-09-08,Europe,Technology,Accessories,Consumer,4,2025.63,445.42,0.0,2023-09-01,0.21989208295690724
2024-04-05,North America,Office Supplies,Storage,Consumer,4,230.28,51.34,0.1,2024-04-01,0.22294597880840716
2023-08-29,Europe,Office Supplies,Binders,Home Office,2,131.07,49.77,0.0,2023-08-01,0.3797207598992905
2023-03-12,North America,Office Supplies,Storage,Consumer,2,15.68,-7.74,0.5,2023-03-01,-0.49362244897959184
2023-11-25,Europe,Furniture,Bookcases,Corporate,2,997.62,249.16,0.0,2023-11-01,0.2497544155089112
2023-09-26,Europe,Technology,Accessories,Consumer,1,332.88,22.0,0.15,2023-09-01,0.06608988223984619
2023-06-05,North America,Furniture,Furnishings,Corporate,2,655.33,107.64,0.0,2023-06-01,0.1642531243800833
2024-07-30,North America,Office Supplies,Paper,Corporate,3,92.82,-24.11,0.4,2024-07-01,-0.25975005386770095
2024-09-09,Middle East & Africa,Office Supplies,Art,Consumer,2,88.77,34.39,0.0,2024-09-01,0.38740565506364766
2024-02-24,Europe,Office Supplies,Paper,Home Office,2,64.1,29.31,0.0,2024-02-01,0.4572542901716069
2023-11-03,Europe,Furniture,Bookcases,Consumer,3,1478.66,506.95,0.0,2023-11-01,0.3428441967727537
2024-02-05,Asia Pacific,Technology,Copiers,Corporate,2,545.31,118.11,0.0,2024-02-01,0.2165923969852011
2024-03-25,Asia Pacific,Office Supplies,Storage,Consumer,3,75.54,32.89,0.0,2024-03-01,0.4353984643897273
2023-01-06,Asia Pacific,Furniture,Tables,Home Office,4,1112.59,204.91,0.0,2023-01-01,0.18417386458623572
2023-05-07,Asia Pacific,Office Supplies,Storage,Corporate,3,76.99,34.63,0.0,2023-05-01,0.4497986751526173
2023-08-09,North America,Furniture,Bookcases,Consumer,5,1342.92,-303.03,0.3,2023-08-01,-0.2256500759538915
2023-09-19,Middle East & Africa,Office Supplies,Paper,Corporate,5,192.55,70.03,0.0,2023-09-01,0.36369774084653334
2024-12-30,Europe,Office Supplies,Paper,Consumer,5,234.0,8.99,0.2,2024-12-01,0.03841880341880342
2024-08-16,Asia Pacific,Office Supplies,Art,Corporate,2,63.61,20.26,0.1,2024-08-01,0.3185033799717026
2024-10-17,North America,Office Supplies,Binders,Corporate,4,155.63,30.11,0.1,2024-10-01,0.19347169568849193
2024-03-20,North America,Technology,Accessories,Consumer,3,1131.49,88.53,0.15,2024-03-01,0.07824196413578556
2023-12-13,Europe,Furniture,Chairs,Consumer,3,1450.65,297.56,0.0,2023-12-01,0.2051218419329266
2024-06-07,Europe,Office Supplies,Binders,Corporate,3,108.94,26.9,0.1,2024-06-01,0.2469249127960345
2024-07-24,Asia Pacific,Office Supplies,Paper,Consumer,4,226.21,73.02,0.0,2024-07-01,0.32279740064541795
2023-09-24,North America,Technology,Accessories,Home Office,2,1036.69,-247.17,0.3,2023-09-01,-0.23842228631509899
2024-08-06,Europe,Office Supplies,Paper,Consumer,3,104.49,30.56,0.1,2024-08-01,0.29246817877308834
2023-05-16,North America,Office Supplies,Storage,Corporate,2,68.64,15.78,0.1,2023-05-01,0.2298951048951049
2024-03-07,Asia Pacific,Office Supplies,Storage,Corporate,3,124.37,56.94,0.0,2024-03-01,0.45782745034976274
2024-05-10,North America,Furniture,Tables,Consumer,3,612.91,112.34,0.0,2024-05-01,0.18328955311546558
2023-02-27,Asia Pacific,Office Supplies,Art,Corporate,1,5.22,0.81,0.15,2023-02-01,0.15517241379310345
2024-06-10,Europe,Furniture,Chairs,Corporate,1,70.98,17.69,0.0,2024-06-01,0.24922513384051845
2023-08-17,Europe,Technology,Phones,Consumer,2,856.64,-118.97,0.15,2023-08-01,-0.13887980948823309
2024-07-31,North America,Office Supplies,Binders,Consumer,3,114.05,5.24,0.2,2024-07-01,0.04594476106970627
2023-09-05,North America,Furniture,Tables,Corporate,1,343.64,-3.69,0.15,2023-09-01,-0.010737981608660225
2023-10-13,Europe,Office Supplies,Paper,Corporate,1,35.49,6.46,0.15,2023-10-01,0.18202310510002817
2023-05-13,Asia Pacific,Office Supplies,Paper,Corporate,2,77.82,31.56,0.0,2023-05-01,0.4055512721665382
2023-06-11,Latin America,Furniture,Chairs,Consumer,3,1429.75,263.8,0.0,2023-06-01,0.1845077810806085
2023-09-12,Asia Pacific,Furniture,Bookcases,Corporate,4,1018.33,-30.36,0.15,2023-09-01,-0.029813518211188907
2023-03-29,Latin America,Technology,Copiers,Home Office,3,810.83,12.75,0.15,2023-03-01,0.015724627850474203
2024-01-31,Asia Pacific,Office Supplies,Art,Consumer,3,81.56,3.93,0.15,2024-01-01,0.04818538499264345
2023-08-26,North America,Technology,Phones,Consumer,2,618.03,179.67,0.0,2023-08-01,0.290714043007621
2023-05-06,North America,Technology,Copiers,Corporate,5,1155.02,218.24,0.0,2023-05-01,0.18894910910633583
2024-01-24,Latin America,Furniture,Tables,Home Office,3,744.87,1.88,0.15,2024-01-01,0.0025239303502624616
2024-07-06,North America,Office Supplies,Art,Consumer,3,117.46,21.57,0.15,2024-07-01,0.18363698280265622
2023-03-25,Asia Pacific,Office Supplies,Art,Consumer,2,85.31,30.07,0.0,2023-03-01,0.3524791935294807
2023-12-02,Europe,Office Supplies,Binders,Consumer,1,80.49,27.56,0.0,2023-12-01,0.3424027829544043
2024-03-05,Europe,Office Supplies,Binders,Corporate,2,117.47,49.86,0.0,2024-03-01,0.4244487954371329
2023-01-25,Latin America,Office Supplies,Art,Consumer,2,76.09,25.37,0.0,2023-01-01,0.33342094887633067
2024-08-11,Asia Pacific,Office Supplies,Paper,Consumer,1,16.45,1.13,0.15,2024-08-01,0.06869300911854102
2024-01-28,Asia Pacific,Technology,Phones,Consumer,3,1109.75,263.38,0.0,2024-01-01,0.23733273259743184
2024-09-14,Asia Pacific,Furniture,Bookcases,Consumer,1,154.19,30.87,0.0,2024-09-01,0.20020753615668982
2023-11-29,Latin America,Furniture,Chairs,Consumer,2,1103.13,287.7,0.0,2023-11-01,0.26080335046640013
2024-01-29,Middle East & Africa,Office Supplies,Art,Consumer,1,22.09,0.71,0.3,2024-01-01,0.03214124038026256
2024-11-23,Asia Pacific,Office Supplies,Art,Corporate,5,512.99,239.42,0.0,2024-11-01,0.46671475077486885
2024-12-06,North America,Office Supplies,Paper,Home Office,2,145.95,65.34,0.0,2024-12-01,0.4476875642343269
2024-08-13,Asia Pacific,Technology,Machines,Consumer,2,532.87,148.73,0.0,2024-08-01,0.27911122787922005
2024-05-15,North America,Office Supplies,Paper,Corporate,2,46.96,18.99,0.0,2024-05-01,0.4043867120954003
2023-12-24,Europe,Technology,Copiers,Home Office,1,312.59,91.03,0.0,2023-12-01,0.291212130906299
2023-01-03,Asia Pacific,Furniture,Bookcases,Consumer,4,718.67,186.42,0.0,2023-01-01,0.2593958284052486
2024-08-27,North America,Technology,Accessories,Consumer,2,620.66,215.13,0.0,2024-08-01,0.3466148938227049
2023-12-14,Asia Pacific,Office Supplies,Art,Corporate,1,80.53,8.14,0.2,2023-12-01,0.10108034272941761
2024-10-19,Europe,Office Supplies,Storage,Consumer,4,86.61,5.0,0.2,2024-10-01,0.05773005426625101
2024-10-29,Latin America,Furniture,Tables,Home Office,2,460.69,114.34,0.0,2024-10-01,0.2481929279993054
2023-02-16,Middle East & Africa,Furniture,Tables,Corporate,2,216.73,-87.4,0.4,2023-02-01,-0.4032667374152171
2024-12-07,Latin America,Office Supplies,Paper,Corporate,3,138.51,46.29,0.0,2024-12-01,0.3341996967727962
2024-07-03,Asia Pacific,Furniture,Tables,Consumer,1,449.89,71.97,0.0,2024-07-01,0.15997243770699504
2024-07-04,Asia Pacific,Office Supplies,Art,Home Office,1,39.98,15.78,0.0,2024-07-01,0.3946973486743372
2024-04-02,North America,Technology,Machines,Home Office,2,732.03,191.54,0.0,2024-04-01,0.2616559430624428
2023-06-20,Europe,Office Supplies,Paper,Consumer,3,103.39,-10.66,0.3,2023-06-01,-0.10310474900860818
2023-02-06,North America,Technology,Phones,Consumer,4,856.99,0.41,0.15,2023-02-01,0.00047841865132615315
2024-11-30,Middle East & Africa,Office Supplies,Binders,Consumer,2,132.17,-10.92,0.3,2024-11-01,-0.08262086706514338
2024-12-14,Asia Pacific,Technology,Copiers,Consumer,2,1593.72,203.14,0.1,2024-12-01,0.12746279145646663
2024-06-06,Asia Pacific,Technology,Accessories,Corporate,1,298.37,81.75,0.0,2024-06-01,0.27398867178335623
2023-10-25,Middle East & Africa,Technology,Phones,Home Office,3,1625.11,439.06,0.0,2023-10-01,0.2701724806320803
2024-04-30,North America,Furniture,Furnishings,Corporate,3,747.04,-7.41,0.15,2024-04-01,-0.009919147569072606
2023-03-25,Latin America,Office Supplies,Binders,Consumer,1,39.65,3.43,0.2,2023-03-01,0.08650693568726356
2024-09-29,North America,Technology,Phones,Consumer,3,1018.67,-54.34,0.2,2024-09-01,-0.053344066282505626
2024-06-09,Europe,Technology,Machines,Corporate,4,1800.67,-96.43,0.2,2024-06-01,-0.05355228887025385
2024-10-12,Europe,Furniture,Bookcases,Corporate,5,432.78,-34.68,0.2,2024-10-01,-0.08013309302647997
2023-12-24,Middle East & Africa,Office Supplies,Art,Home Office,2,94.66,31.01,0.1,2023-12-01,0.32759349249947184
2024-05-15,Europe,Furniture,Chairs,Consumer,5,905.44,-26.37,0.15,2024-05-01,-0.029123961830712138
2023-09-22,North America,Office Supplies,Paper,Corporate,3,180.4,77.28,0.0,2023-09-01,0.4283813747228381
2024-10-08,Latin America,Technology,Copiers,Consumer,2,835.76,192.57,0.0,2024-10-01,0.23041303723557002
2023-07-10,Middle East & Africa,Technology,Phones,Home Office,6,3390.3,-225.24,0.15,2023-07-01,-0.06643659853110344
2024-04-15,North America,Office Supplies,Binders,Consumer,1,47.94,9.25,0.1,2024-04-01,0.19294952023362538
2023-08-31,Latin America,Technology,Phones,Consumer,3,1046.51,31.92,0.15,2023-08-01,0.03050138077992566
2023-10-10,North America,Technology,Copiers,Corporate,1,471.0,28.15,0.15,2023-10-01,0.05976645435244161
2024-02-19,North America,Office Supplies,Art,Corporate,1,38.49,11.99,0.0,2024-02-01,0.31150948298259284
2024-09-12,Latin America,Furniture,Chairs,Home Office,4,1513.06,-204.83,0.15,2024-09-01,-0.13537467119611912
2023-02-21,Latin America,Office Supplies,Binders,Home Office,4,135.53,3.73,0.2,2023-02-01,0.027521581937578397
2023-06-30,Europe,Technology,Accessories,Corporate,1,289.01,62.94,0.0,2023-06-01,0.2177779315594616
2024-10-19,Europe,Furniture,Furnishings,Corporate,3,190.03,-16.69,0.2,2024-10-01,-0.08782823764668737
2023-09-02,Latin America,Office Supplies,Art,Corporate,2,90.17,-30.34,0.5,2023-09-01,-0.336475546190529
2023-09-04,Europe,Office Supplies,Binders,Home Office,1,24.46,7.61,0.0,2023-09-01,0.31112019623875714
2024-03-29,Europe,Technology,Phones,Consumer,1,135.13,-5.42,0.2,2024-03-01,-0.04010952416191815
2024-03-21,North America,Office Supplies,Binders,Consumer,2,113.24,44.83,0.0,2024-03-01,0.395884846344048
2023-09-29,North America,Furniture,Bookcases,Consumer,1,255.7,55.99,0.0,2023-09-01,0.21896754008603833
2024-01-06,North America,Technology,Machines,Corporate,3,725.12,105.01,0.0,2024-01-01,0.14481740953221536
2023-11-23,Asia Pacific,Technology,Accessories,Corporate,4,2444.63,-66.5,0.15,2023-11-01,-0.027202480538977267
2024-06-02,North America,Office Supplies,Binders,Consumer,4,168.37,71.3,0.0,2024-06-01,0.42347211498485476
2023-08-25,North America,Furniture,Bookcases,Corporate,3,1331.83,230.83,0.0,2023-08-01,0.1733179159502339
2024-12-22,Asia Pacific,Office Supplies,Paper,Consumer,4,263.76,59.8,0.1,2024-12-01,0.2267212617531089
2023-12-13,North America,Furniture,Bookcases,Home Office,2,713.23,79.33,0.1,2023-12-01,0.11122639260827502
2024-02-08,Middle East & Africa,Office Supplies,Binders,Consumer,2,71.98,5.33,0.2,2024-02-01,0.07404834676298971
2023-07-06,Asia Pacific,Technology,Copiers,Corporate,4,1902.25,686.05,0.0,2023-07-01,0.3606518596399001
2023-06-15,Middle East & Africa,Office Supplies,Art,Corporate,1,49.89,21.16,0.0,2023-06-01,0.42413309280416917
2023-10-01,Europe,Office Supplies,Binders,Corporate,2,91.3,19.51,0.1,2023-10-01,0.2136911281489595
2024-02-22,North America,Technology,Copiers,Consumer,1,290.92,-119.22,0.4,2024-02-01,-0.409803382373161
2024-09-21,North America,Office Supplies,Storage,Consumer,2,61.43,13.33,0.1,2024-09-01,0.2169949536057301
2023-03-26,Asia Pacific,Office Supplies,Binders,Consumer,4,213.62,43.82,0.1,2023-03-01,0.20513060574852543
2023-09-22,Europe,Technology,Accessories,Corporate,3,1038.03,234.3,0.0,2023-09-01,0.22571601976821482
2023-12-02,Europe,Office Supplies,Paper,Corporate,1,60.96,-18.43,0.4,2023-12-01,-0.3023293963254593
2023-10-28,Latin America,Furniture,Furnishings,Corporate,3,473.04,-151.69,0.3,2023-10-01,-0.32067055640115
2024-12-30,Asia Pacific,Office Supplies,Storage,Consumer,3,114.09,23.76,0.1,2024-12-01,0.20825663949513543
2023-05-27,Europe,Office Supplies,Binders,Consumer,2,86.9,0.59,0.2,2023-05-01,0.006789413118527042
2023-10-18,Europe,Office Supplies,Storage,Consumer,6,246.69,94.15,0.0,2023-10-01,0.381653086870161
2023-11-21,North America,Technology,Machines,Consumer,2,1422.3,574.27,0.0,2023-11-01,0.4037615130422555
2024-01-01,Middle East & Africa,Office Supplies,Paper,Consumer,2,79.29,35.36,0.0,2024-01-01,0.44595787615083865
2023-12-29,Asia Pacific,Technology,Phones,Consumer,2,680.66,136.81,0.0,2023-12-01,0.20099609202832547
2023-03-07,North America,Furniture,Furnishings,Consumer,4,288.32,78.6,0.0,2023-03-01,0.2726137624861265
2024-10-21,Latin America,Office Supplies,Paper,Consumer,4,150.03,-28.14,0.4,2024-10-01,-0.18756248750249951
2024-11-24,Latin America,Technology,Phones,Consumer,3,2086.7,663.73,0.0,2024-11-01,0.3180763885560934
2024-01-23,Asia Pacific,Office Supplies,Paper,Consumer,5,291.91,105.02,0.0,2024-01-01,0.35976842177383433
2023-05-23,North America,Technology,Accessories,Consumer,1,348.97,102.12,0.0,2023-05-01,0.29263260452187867
2024-11-17,Asia Pacific,Office Supplies,Binders,Home Office,2,144.91,6.72,0.2,2024-11-01,0.04637361120695604
2023-02-16,Europe,Furniture,Bookcases,Corporate,1,170.03,17.47,0.1,2023-02-01,0.10274657413397635
2023-08-09,North America,Furniture,Tables,Consumer,3,940.32,19.43,0.1,2023-08-01,0.02066317849242811
2023-12-07,Asia Pacific,Office Supplies,Binders,Consumer,1,60.46,20.27,0.0,2023-12-01,0.33526298379093616
2023-12-20,Europe,Furniture,Tables,Consumer,3,1659.11,265.43,0.0,2023-12-01,0.159983364574983
2023-12-20,Middle East & Africa,Office Supplies,Art,Home Office,1,65.75,13.93,0.15,2023-12-01,0.21186311787072243
2023-07-26,Asia Pacific,Technology,Phones,Corporate,4,1978.85,496.09,0.0,2023-07-01,0.25069611137782044
2023-11-03,North America,Technology,Machines,Consumer,4,1323.47,79.12,0.15,2023-11-01,0.05978223911384467
2023-03-14,North America,Office Supplies,Art,Home Office,2,101.24,5.03,0.2,2023-03-01,0.049683919399446864
2024-01-31,North America,Technology,Machines,Home Office,2,601.53,148.9,0.0,2024-01-01,0.24753545126593854
2023-09-25,North America,Technology,Machines,Consumer,1,135.42,-9.34,0.2,2023-09-01,-0.06897060995421651
2024-02-14,Europe,Office Supplies,Binders,Home Office,3,100.21,15.57,0.15,2024-02-01,0.15537371519808404
2024-07-18,North America,Office Supplies,Art,Consumer,3,29.67,8.28,0.0,2024-07-01,0.2790697674418604
2023-07-11,North America,Furniture,Chairs,Consumer,3,955.81,266.15,0.0,2023-07-01,0.27845492304956004
2024-04-12,Latin America,Technology,Machines,Consumer,2,471.46,108.64,0.0,2024-04-01,0.23043312264030885
2024-09-10,North America,Office Supplies,Paper,Consumer,3,127.52,22.21,0.15,2024-09-01,0.17416875784190716
2024-04-24,Asia Pacific,Office Supplies,Storage,Consumer,4,124.48,51.82,0.0,2024-04-01,0.4162917737789203
2024-12-04,Europe,Technology,Accessories,Home Office,2,791.81,202.22,0.0,2024-12-01,0.25538955052348417
2023-12-13,Europe,Office Supplies,Storage,Corporate,3,82.94,-5.47,0.3,2023-12-01,-0.06595129008922113
2024-06-05,Europe,Office Supplies,Binders,Corporate,2,67.68,28.0,0.0,2024-06-01,0.4137115839243498
2024-09-16,Latin America,Technology,Machines,Corporate,1,224.3,-2.87,0.15,2024-09-01,-0.012795363352652698
2024-05-30,North America,Technology,Phones,Consumer,1,428.69,-178.06,0.4,2024-05-01,-0.41535841750449043
2024-10-02,Europe,Furniture,Chairs,Consumer,5,2131.5,458.26,0.0,2024-10-01,0.2149941355852686
2023-05-29,North America,Technology,Accessories,Consumer,1,357.44,99.96,0.0,2023-05-01,0.2796553267681289
2024-08-28,Latin America,Technology,Copiers,Corporate,3,858.67,-27.39,0.15,2024-08-01,-0.03189816809717354
2023-11-03,Asia Pacific,Technology,Accessories,Home Office,1,364.53,-101.42,0.3,2023-11-01,-0.27822127122596224
2024-06-30,Asia Pacific,Office Supplies,Paper,Consumer,3,162.76,56.32,0.0,2024-06-01,0.34603096583927256
2024-03-17,North America,Technology,Copiers,Consumer,4,1697.84,-309.32,0.3,2024-03-01,-0.18218442256042972
2023-01-31,Latin America,Furniture,Furnishings,Consumer,2,502.84,33.66,0.1,2023-01-01,0.06693978203802402
2024-06-19,Europe,Furniture,Bookcases,Consumer,1,6.04,1.05,0.0,2024-06-01,0.173841059602649
2023-05-02,North America,Office Supplies,Binders,Consumer,3,66.2,-5.4,0.3,2023-05-01,-0.08157099697885196
2023-07-17,Asia Pacific,Technology,Machines,Consumer,5,1875.56,556.12,0.0,2023-07-01,0.2965087760455544
2024-06-25,North America,Office Supplies,Storage,Home Office,2,91.59,20.27,0.1,2024-06-01,0.22131237034610765
2023-09-03,Latin America,Technology,Copiers,Consumer,3,1126.64,401.23,0.0,2023-09-01,0.35612973088120425
2024-12-30,Europe,Furniture,Tables,Consumer,1,520.38,8.89,0.1,2024-12-01,0.01708366962604251
2023-04-06,Asia Pacific,Office Supplies,Storage,Corporate,5,159.17,7.89,0.15,2023-04-01,0.04956964252057549
2023-12-22,Asia Pacific,Furniture,Bookcases,Consumer,1,271.31,-70.48,0.3,2023-12-01,-0.2597766392687332
2024-07-02,Europe,Technology,Phones,Corporate,3,2096.84,-371.16,0.3,2024-07-01,-0.17700921386467255
2024-01-14,North America,Technology,Phones,Corporate,2,590.84,-187.09,0.4,2024-01-01,-0.31665086994787084
2024-03-12,North America,Furniture,Tables,Home Office,1,145.53,28.6,0.0,2024-03-01,0.19652305366591083
2024-09-25,Latin America,Furniture,Tables,Consumer,3,505.38,-161.22,0.3,2024-09-01,-0.3190074795203609
2024-04-23,Asia Pacific,Office Supplies,Binders,Consumer,3,160.76,29.81,0.15,2024-04-01,0.18543169942771834
2024-03-27,Europe,Furniture,Tables,Consumer,2,621.65,147.23,0.0,2024-03-01,0.23683744872516688
2024-06-11,North America,Technology,Phones,Corporate,1,228.98,68.07,0.0,2024-06-01,0.29727487116778756
2024-01-12,Middle East & Africa,Office Supplies,Art,Corporate,4,146.0,29.02,0.1,2024-01-01,0.19876712328767124
2024-11-06,Asia Pacific,Technology,Copiers,Consumer,4,1452.04,378.32,0.0,2024-11-01,0.26054378667254346
2024-10-14,Asia Pacific,Office Supplies,Art,Consumer,2,118.35,49.32,0.0,2024-10-01,0.4167300380228137
2024-07-30,North America,Office Supplies,Paper,Consumer,1,53.95,-3.04,0.3,2024-07-01,-0.05634847080630213
2024-07-14,Europe,Technology,Copiers,Corporate,4,1358.28,-151.18,0.3,2024-07-01,-0.11130252966987661
2023-08-07,Asia Pacific,Furniture,Furnishings,Corporate,4,1430.9,-638.0,0.4,2023-08-01,-0.4458732266405758
2024-07-07,Europe,Technology,Copiers,Consumer,2,263.46,88.35,0.0,2024-07-01,0.3353450239125484
2024-07-30,North America,Technology,Accessories,Consumer,3,1396.31,316.07,0.0,2024-07-01,0.22636090839426776
2024-11-14,Asia Pacific,Technology,Copiers,Corporate,5,3493.1,1231.92,0.0,2024-11-01,0.35267241132518395
2023-11-30,Middle East & Africa,Technology,Machines,Consumer,2,1391.11,56.98,0.15,2023-11-01,0.0409600966134957
2023-10-23,Europe,Office Supplies,Art,Consumer,4,210.54,78.62,0.0,2023-10-01,0.3734207276527026
2023-06-28,North America,Furniture,Bookcases,Home Office,1,181.67,7.44,0.0,2023-06-01,0.04095337700225685
2023-08-16,Latin America,Furniture,Tables,Consumer,2,341.61,68.64,0.0,2023-08-01,0.20093088609818213
2024-01-13,Latin America,Office Supplies,Art,Consumer,1,44.8,3.49,0.15,2024-01-01,0.07790178571428573
2024-02-04,North America,Office Supplies,Storage,Home Office,3,116.84,47.06,0.0,2024-02-01,0.40277302293735023
2023-01-26,Europe,Technology,Accessories,Consumer,3,1559.66,373.89,0.0,2023-01-01,0.23972532475026606
2024-10-06,Asia Pacific,Office Supplies,Binders,Consumer,5,231.84,-74.21,0.4,2024-10-01,-0.320091442374051
2023-04-10,Europe,Technology,Accessories,Consumer,1,256.96,53.24,0.0,2023-04-01,0.20719178082191783
2024-08-14,North America,Technology,Phones,Home Office,3,1356.02,337.57,0.0,2024-08-01,0.24894175602129762
2023-06-04,North America,Technology,Phones,Home Office,2,801.1,-314.17,0.4,2023-06-01,-0.39217326176507306
2024-01-08,North America,Office Supplies,Paper,Consumer,1,48.62,15.6,0.0,2024-01-01,0.32085561497326204
2024-06-05,North America,Office Supplies,Paper,Consumer,3,56.97,21.42,0.0,2024-06-01,0.3759873617693523
2024-10-07,North America,Furniture,Furnishings,Consumer,3,868.81,236.81,0.0,2024-10-01,0.2725682255038501
2024-04-09,Asia Pacific,Technology,Phones,Consumer,3,1483.31,-82.28,0.2,2024-04-01,-0.055470535491569536
2023-02-14,Latin America,Office Supplies,Storage,Consumer,6,255.66,79.65,0.0,2023-02-01,0.311546585308613
2024-10-24,Asia Pacific,Technology,Copiers,Home Office,3,1134.31,-261.8,0.3,2024-10-01,-0.23080110375470553
2023-10-13,Middle East & Africa,Office Supplies,Art,Corporate,1,42.48,10.37,0.1,2023-10-01,0.24411487758945385
2024-09-08,Europe,Furniture,Bookcases,Corporate,4,1005.44,219.87,0.0,2024-09-01,0.21868037873965626
2024-10-08,Europe,Office Supplies,Binders,Corporate,2,73.69,27.43,0.0,2024-10-01,0.37223503867553265
2024-10-20,North America,Furniture,Tables,Corporate,2,525.86,101.17,0.0,2024-10-01,0.1923896094017419
2023-12-06,Asia Pacific,Furniture,Chairs,Home Office,2,471.94,114.02,0.0,2023-12-01,0.24159850828495147
2024-01-22,Asia Pacific,Office Supplies,Storage,Consumer,1,28.26,8.17,0.1,2024-01-01,0.28910120311394194
2024-10-05,Latin America,Office Supplies,Paper,Consumer,2,58.19,0.69,0.2,2024-10-01,0.011857707509881422
2023-07-02,North America,Furniture,Bookcases,Consumer,1,196.97,53.84,0.0,2023-07-01,0.27334111793674165
2024-09-16,North America,Furniture,Tables,Corporate,4,409.85,-99.85,0.3,2024-09-01,-0.2436257167256313
2024-03-13,Europe,Office Supplies,Art,Corporate,3,144.48,56.39,0.0,2024-03-01,0.390296234772979
2024-02-04,Europe,Furniture,Bookcases,Consumer,2,156.3,31.51,0.0,2024-02-01,0.2015994881637876
2023-02-10,North America,Furniture,Bookcases,Home Office,1,136.28,-6.08,0.15,2023-02-01,-0.04461402993836219
2023-12-13,North America,Furniture,Chairs,Corporate,1,266.04,64.37,0.0,2023-12-01,0.24195609682754474
2023-05-20,Asia Pacific,Office Supplies,Art,Consumer,6,244.01,99.06,0.0,2023-05-01,0.40596696856686204
2023-11-01,North America,Furniture,Furnishings,Consumer,3,1273.07,-15.09,0.15,2023-11-01,-0.011853236664126875
2024-04-22,Asia Pacific,Office Supplies,Paper,Corporate,4,133.27,-15.01,0.3,2024-04-01,-0.11262849853680497
2024-02-08,Asia Pacific,Furniture,Bookcases,Corporate,2,412.44,12.69,0.1,2024-02-01,0.030768111725341867
2024-04-27,Asia Pacific,Furniture,Bookcases,Consumer,1,238.49,39.73,0.0,2024-04-01,0.16658979412134678
2023-03-03,Europe,Office Supplies,Paper,Consumer,2,72.12,2.84,0.2,2023-03-01,0.03937881308929561
2023-08-26,North America,Technology,Accessories,Consumer,4,2684.65,586.45,0.0,2023-08-01,0.21844560743486116
2023-03-28,Asia Pacific,Technology,Accessories,Corporate,2,811.23,222.45,0.0,2023-03-01,0.2742132317591805
2023-04-25,North America,Office Supplies,Art,Consumer,5,154.31,75.53,0.0,2023-04-01,0.489469250210615
2024-01-28,Europe,Office Supplies,Paper,Consumer,2,64.27,26.48,0.0,2024-01-01,0.4120118251128054
2024-12-05,Europe,Furniture,Tables,Consumer,5,893.23,170.94,0.0,2024-12-01,0.1913728826841911
2024-07-08,Asia Pacific,Furniture,Chairs,Consumer,9,1522.79,52.77,0.15,2024-07-01,0.034653497855909224
2024-09-16,North America,Office Supplies,Storage,Consumer,1,48.8,4.42,0.15,2024-09-01,0.09057377049180328
2024-03-29,Latin America,Office Supplies,Storage,Corporate,3,163.32,43.53,0.1,2024-03-01,0.2665319617927994
2024-12-04,Middle East & Africa,Technology,Copiers,Consumer,1,377.1,94.44,0.0,2024-12-01,0.25043754972155924
2023-08-10,Asia Pacific,Office Supplies,Binders,Corporate,1,31.31,7.77,0.1,2023-08-01,0.24816352603002234
2023-11-02,North America,Furniture,Furnishings,Consumer,5,1373.45,212.07,0.0,2023-11-01,0.15440678583130074
2024-07-17,Asia Pacific,Technology,Machines,Corporate,2,1378.14,329.98,0.0,2024-07-01,0.23943866370615466
2023-06-25,Middle East & Africa,Office Supplies,Storage,Consumer,3,160.95,-81.27,0.5,2023-06-01,-0.5049394221808015
2023-10-29,North America,Office Supplies,Paper,Consumer,2,97.23,40.96,0.0,2023-10-01,0.4212691556104083
2024-07-16,North America,Office Supplies,Binders,Consumer,3,117.32,50.52,0.0,2024-07-01,0.4306171155813161
2024-05-02,Europe,Technology,Accessories,Consumer,2,587.85,-59.4,0.2,2024-05-01,-0.10104618525133963
2023-06-09,Latin America,Office Supplies,Art,Corporate,2,66.83,26.31,0.0,2023-06-01,0.39368547059703723
2023-10-19,Latin America,Technology,Phones,Consumer,2,854.67,261.96,0.0,2023-10-01,0.3065042648039594
2024-10-30,Asia Pacific,Furniture,Tables,Home Office,4,456.07,105.69,0.0,2024-10-01,0.2317407415528318
2023-07-08,Asia Pacific,Furniture,Chairs,Consumer,3,530.13,-68.24,0.2,2023-07-01,-0.12872314337992566
2024-03-04,Asia Pacific,Furniture,Bookcases,Consumer,1,294.21,-149.25,0.5,2024-03-01,-0.507290710716835
2023-06-25,Europe,Office Supplies,Binders,Home Office,1,56.22,-15.52,0.4,2023-06-01,-0.2760583422269655
2023-09-05,Asia Pacific,Office Supplies,Paper,Consumer,2,76.05,26.9,0.1,2023-09-01,0.3537146614069691
2024-06-08,Asia Pacific,Technology,Machines,Consumer,1,194.09,53.92,0.0,2024-06-01,0.2778092637436241
2023-09-29,North America,Office Supplies,Binders,Home Office,2,85.32,-11.76,0.3,2023-09-01,-0.1378340365682138
2023-05-07,Middle East & Africa,Office Supplies,Binders,Consumer,4,187.57,56.7,0.1,2023-05-01,0.3022871461321107
2023-04-13,Latin America,Furniture,Tables,Home Office,2,381.35,40.45,0.1,2023-04-01,0.10607053887504916
2023-04-03,Asia Pacific,Technology,Phones,Consumer,3,1606.09,209.82,0.1,2023-04-01,0.13064025054635792
2023-01-23,Europe,Furniture,Bookcases,Consumer,3,1138.55,198.17,0.0,2023-01-01,0.17405471872118045
2023-10-31,Europe,Office Supplies,Binders,Home Office,4,138.93,64.42,0.0,2023-10-01,0.46368674872237814
2023-02-24,Europe,Furniture,Bookcases,Home Office,2,470.3,88.47,0.0,2023-02-01,0.18811396980650646
2024-01-15,North America,Furniture,Furnishings,Consumer,4,925.98,180.68,0.0,2024-01-01,0.19512300481651873
2023-12-06,Europe,Office Supplies,Storage,Consumer,5,221.2,-36.78,0.3,2023-12-01,-0.1662748643761302
2023-04-19,North America,Furniture,Furnishings,Consumer,6,1692.84,-277.86,0.15,2023-04-01,-0.1641383710214787
2024-04-09,Europe,Office Supplies,Art,Home Office,5,197.05,72.87,0.0,2024-04-01,0.36980461811722914
2024-12-23,North America,Office Supplies,Paper,Consumer,2,113.69,32.06,0.0,2024-12-01,0.2819948984079515
2023-06-03,Asia Pacific,Office Supplies,Binders,Corporate,1,43.92,5.75,0.15,2023-06-01,0.13091985428051
2024-08-27,Europe,Technology,Machines,Corporate,3,1141.28,352.97,0.0,2024-08-01,0.30927555025935793
2024-08-03,North America,Office Supplies,Storage,Home Office,1,41.28,15.98,0.0,2024-08-01,0.3871124031007752
2023-02-14,North America,Office Supplies,Paper,Consumer,2,66.69,-10.7,0.3,2023-02-01,-0.16044384465437098
2023-05-12,Asia Pacific,Technology,Phones,Corporate,4,909.22,15.71,0.15,2023-05-01,0.01727854644640461
2023-04-12,North America,Furniture,Tables,Consumer,1,298.35,-38.09,0.2,2023-04-01,-0.12766884531590414
2023-05-15,Asia Pacific,Office Supplies,Binders,Corporate,5,342.55,123.12,0.0,2023-05-01,0.3594219821923807
2024-09-19,Europe,Technology,Machines,Consumer,1,617.3,171.41,0.0,2024-09-01,0.27767698039850963
2023-12-03,North America,Technology,Machines,Home Office,1,595.34,-146.55,0.3,2023-12-01,-0.2461618570900662
2024-06-20,North America,Technology,Machines,Consumer,4,1792.88,536.91,0.0,2024-06-01,0.29946789523002093
2023-07-04,North America,Office Supplies,Paper,Corporate,2,101.79,42.24,0.0,2023-07-01,0.4149720011788977
2024-12-20,Europe,Office Supplies,Binders,Consumer,2,94.45,37.75,0.0,2024-12-01,0.3996823716251985
2023-04-09,Latin America,Furniture,Chairs,Consumer,2,754.97,178.99,0.0,2023-04-01,0.23708226816959616
2023-05-05,Middle East & Africa,Furniture,Furnishings,Corporate,2,244.69,61.37,0.0,2023-05-01,0.2508071437328865
2023-07-17,Asia Pacific,Office Supplies,Paper,Corporate,4,314.58,143.28,0.0,2023-07-01,0.4554644287621591
2024-04-26,Europe,Technology,Machines,Corporate,2,553.59,177.88,0.0,2024-04-01,0.32132083310753445
2023-03-20,Asia Pacific,Furniture,Tables,Corporate,5,1173.59,163.41,0.0,2023-03-01,0.1392394277388185
2023-09-02,North America,Technology,Machines,Consumer,1,312.37,49.97,0.0,2023-09-01,0.1599705477478631
2024-06-18,Middle East & Africa,Office Supplies,Storage,Corporate,4,215.5,40.46,0.15,2024-06-01,0.18774941995359629
2024-01-26,Asia Pacific,Technology,Machines,Consumer,1,5.0,1.12,0.0,2024-01-01,0.22400000000000003
2024-05-07,Asia Pacific,Office Supplies,Art,Corporate,2,78.15,32.9,0.0,2024-05-01,0.4209852847088931
2023-06-30,Asia Pacific,Office Supplies,Art,Home Office,1,59.06,12.02,0.1,2023-06-01,0.20352184219437858
2024-05-31,Latin America,Technology,Copiers,Corporate,1,494.39,31.62,0.1,2024-05-01,0.06395760432047574
2023-05-07,North America,Office Supplies,Art,Consumer,2,60.6,25.7,0.0,2023-05-01,0.42409240924092406
2024-03-01,North America,Office Supplies,Storage,Consumer,4,131.56,49.64,0.0,2024-03-01,0.37731833384007296
2023-08-19,Asia Pacific,Furniture,Chairs,Corporate,2,491.55,42.42,0.1,2023-08-01,0.08629844369850473
2024-11-09,Asia Pacific,Office Supplies,Storage,Consumer,3,185.45,65.26,0.0,2024-11-01,0.35190078188190893
2023-07-07,Middle East & Africa,Office Supplies,Storage,Corporate,2,67.68,16.56,0.1,2023-07-01,0.24468085106382975
2024-11-09,North America,Furniture,Tables,Consumer,3,887.23,235.51,0.0,2024-11-01,0.2654441351171624
2023-04-11,North America,Technology,Copiers,Consumer,3,686.02,-0.64,0.15,2023-04-01,-0.0009329174076557536
2023-04-25,Europe,Furniture,Chairs,Consumer,1,287.75,7.3,0.15,2023-04-01,0.02536924413553432
2024-01-19,Middle East & Africa,Technology,Copiers,Consumer,1,363.19,72.7,0.1,2024-01-01,0.2001707095459677
2023-06-02,Europe,Furniture,Tables,Home Office,4,1194.87,-283.69,0.3,2023-06-01,-0.2374233180178597
2024-12-23,Europe,Furniture,Furnishings,Consumer,2,691.0,136.57,0.0,2024-12-01,0.1976410998552822
2023-05-15,North America,Furniture,Tables,Consumer,3,701.45,42.05,0.15,2023-05-01,0.05994725212060731
2023-03-09,Europe,Furniture,Furnishings,Home Office,2,765.17,157.75,0.0,2023-03-01,0.20616333625207472
2023-03-31,Latin America,Office Supplies,Storage,Consumer,2,51.43,19.03,0.0,2023-03-01,0.3700174995139024
2023-03-06,Asia Pacific,Furniture,Bookcases,Consumer,2,427.89,45.31,0.1,2023-03-01,0.10589170113814299
2024-09-09,Asia Pacific,Furniture,Bookcases,Consumer,1,230.4,44.6,0.0,2024-09-01,0.1935763888888889
2023-05-19,Middle East & Africa,Technology,Phones,Corporate,2,856.99,242.24,0.0,2023-05-01,0.28266374170060327
2024-08-20,Europe,Office Supplies,Paper,Consumer,2,92.41,32.83,0.0,2024-08-01,0.3552645817552213
2024-04-14,Europe,Office Supplies,Paper,Consumer,3,101.92,30.6,0.0,2024-04-01,0.3002354788069074
2024-04-06,Europe,Furniture,Tables,Corporate,3,864.72,-37.38,0.2,2024-04-01,-0.04322786566749931
2024-01-23,Asia Pacific,Office Supplies,Art,Home Office,2,51.73,12.58,0.1,2024-01-01,0.2431857722791417
2024-12-20,North America,Technology,Phones,Home Office,4,1835.19,475.47,0.0,2024-12-01,0.25908489039282034
2023-09-07,North America,Furniture,Furnishings,Consumer,2,779.98,184.04,0.0,2023-09-01,0.23595476807097615
2023-05-30,North America,Furniture,Bookcases,Consumer,1,379.76,97.09,0.0,2023-05-01,0.2556614704023594
2024-02-09,Asia Pacific,Office Supplies,Binders,Consumer,4,98.91,36.19,0.0,2024-02-01,0.36588818117480537
2023-04-11,North America,Furniture,Tables,Home Office,3,1204.71,-351.9,0.3,2023-04-01,-0.29210349378688644
2023-08-05,Middle East & Africa,Office Supplies,Art,Home Office,1,28.48,12.14,0.0,2023-08-01,0.42626404494382025
2024-09-21,Europe,Furniture,Bookcases,Consumer,5,1147.67,233.59,0.0,2024-09-01,0.20353411694999432
2024-06-04,Europe,Technology,Copiers,Consumer,6,2886.12,-1692.92,0.5,2024-06-01,-0.5865729768685988
2023-01-02,North America,Office Supplies,Art,Home Office,2,110.43,42.26,0.0,2023-01-01,0.382685864348456
2023-02-23,Europe,Furniture,Chairs,Consumer,3,290.58,-15.03,0.15,2023-02-01,-0.05172413793103448
2024-04-20,Europe,Office Supplies,Art,Corporate,2,99.7,36.53,0.0,2024-04-01,0.36639919759277834
2023-01-24,Asia Pacific,Office Supplies,Binders,Consumer,3,96.18,32.38,0.0,2023-01-01,0.33666042836348514
2024-10-17,Europe,Furniture,Chairs,Home Office,2,650.83,96.45,0.0,2024-10-01,0.1481953812823625
2024-09-08,Europe,Office Supplies,Paper,Home Office,1,49.62,6.96,0.15,2024-09-01,0.14026602176541716
2023-04-19,Asia Pacific,Technology,Copiers,Consumer,1,473.97,137.65,0.0,2023-04-01,0.29041922484545435
2023-09-30,Europe,Furniture,Tables,Corporate,1,191.65,58.47,0.0,2023-09-01,0.3050873989042525
2024-11-02,North America,Furniture,Furnishings,Corporate,3,816.88,275.07,0.0,2024-11-01,0.3367324454020174
2023-08-03,Europe,Furniture,Bookcases,Corporate,2,240.61,-14.8,0.15,2023-08-01,-0.06151032791654545
2024-02-17,North America,Technology,Machines,Home Office,1,220.94,46.78,0.1,2024-02-01,0.211731691862044
2023-06-14,Latin America,Office Supplies,Paper,Corporate,2,57.79,18.4,0.0,2023-06-01,0.31839418584530194
2024-03-12,Latin America,Technology,Accessories,Consumer,6,1974.98,567.65,0.0,2024-03-01,0.2874206321076669
2024-10-09,Latin America,Furniture,Chairs,Home Office,2,362.92,95.92,0.0,2024-10-01,0.26430067232447924
2023-07-30,Asia Pacific,Office Supplies,Binders,Consumer,4,116.45,11.01,0.15,2023-07-01,0.09454701588664663
2023-08-01,Asia Pacific,Office Supplies,Art,Consumer,2,90.66,26.76,0.0,2023-08-01,0.2951687624090007
2023-11-11,Europe,Office Supplies,Storage,Consumer,2,152.89,7.79,0.2,2023-11-01,0.05095166459546079
2023-03-05,North America,Office Supplies,Paper,Consumer,1,38.67,13.12,0.0,2023-03-01,0.33928109645720195
2024-02-08,Asia Pacific,Technology,Phones,Corporate,1,264.78,15.86,0.1,2024-02-01,0.059898783896064664
2024-11-13,North America,Office Supplies,Storage,Consumer,4,120.87,-13.28,0.3,2024-11-01,-0.1098701083809051
2024-10-13,Europe,Furniture,Bookcases,Home Office,1,298.51,-7.62,0.15,2024-10-01,-0.02552678302234431
2023-12-30,Middle East & Africa,Technology,Accessories,Corporate,5,3884.01,-1418.66,0.4,2023-12-01,-0.36525652611605014
2024-06-09,Europe,Office Supplies,Binders,Consumer,1,30.8,-12.77,0.5,2024-06-01,-0.4146103896103896
2023-09-27,Middle East & Africa,Office Supplies,Art,Consumer,2,86.36,15.88,0.1,2023-09-01,0.1838814265863826
2023-06-08,Europe,Technology,Machines,Home Office,1,443.81,52.87,0.1,2023-06-01,0.11912755458416889
2023-05-12,Europe,Furniture,Chairs,Consumer,3,557.68,-80.22,0.2,2023-05-01,-0.1438459331516282
2024-07-14,Latin America,Technology,Copiers,Consumer,5,737.61,253.85,0.0,2024-07-01,0.3441520586759941
2024-05-10,Asia Pacific,Technology,Phones,Consumer,1,498.06,-1.36,0.15,2024-05-01,-0.002730594707464964
2024-04-18,Asia Pacific,Office Supplies,Art,Consumer,2,95.48,5.65,0.2,2024-04-01,0.05917469627147046
2024-07-16,North America,Office Supplies,Storage,Consumer,4,53.82,18.71,0.0,2024-07-01,0.34764028242289113
2023-06-29,North America,Office Supplies,Binders,Corporate,3,128.75,64.87,0.0,2023-06-01,0.5038446601941748
2024-09-25,Latin America,Technology,Copiers,Corporate,5,1858.98,88.02,0.15,2024-09-01,0.047348545976826
2023-10-24,Latin America,Technology,Machines,Consumer,3,900.4,232.87,0.0,2023-10-01,0.2586294980008885
2023-01-18,Middle East & Africa,Technology,Copiers,Consumer,3,538.81,66.03,0.15,2023-01-01,0.12254783689983484
2024-02-08,Europe,Office Supplies,Art,Consumer,2,103.34,44.27,0.0,2024-02-01,0.42839171666344106
2023-11-05,Asia Pacific,Technology,Machines,Corporate,5,3081.65,921.64,0.0,2023-11-01,0.2990735482614833
2023-06-27,Asia Pacific,Office Supplies,Paper,Consumer,2,46.3,-15.09,0.4,2023-06-01,-0.32591792656587476
2024-10-28,North America,Technology,Machines,Corporate,3,1254.43,384.78,0.0,2024-10-01,0.3067369243401385
2024-09-13,Europe,Technology,Machines,Consumer,2,298.16,24.74,0.15,2024-09-01,0.08297558357928628
2024-03-09,Asia Pacific,Office Supplies,Storage,Home Office,2,93.25,42.17,0.0,2024-03-01,0.45222520107238606
2024-08-08,North America,Furniture,Tables,Home Office,5,1537.48,-62.44,0.2,2024-08-01,-0.04061191039883445
2024-06-03,North America,Office Supplies,Storage,Consumer,1,60.93,-1.18,0.2,2024-06-01,-0.019366486131626455
2023-06-30,North America,Furniture,Bookcases,Consumer,1,227.94,10.41,0.1,2023-06-01,0.04566991313503554
2024-12-30,North America,Office Supplies,Binders,Consumer,3,144.33,-9.91,0.3,2024-12-01,-0.06866209381279013
2023-10-18,Europe,Technology,Phones,Consumer,5,508.82,-14.21,0.2,2023-10-01,-0.027927361345859048
2024-04-20,North America,Technology,Phones,Corporate,1,435.71,131.8,0.0,2024-04-01,0.30249477863716695
2024-03-28,Europe,Office Supplies,Storage,Corporate,3,179.0,-44.71,0.4,2024-03-01,-0.24977653631284916
2023-05-22,North America,Technology,Accessories,Corporate,3,1111.77,67.53,0.1,2023-05-01,0.060740980598505086
2024-01-01,North America,Technology,Phones,Consumer,5,2416.69,121.59,0.15,2024-01-01,0.050312617671277655
2023-01-15,Asia Pacific,Office Supplies,Storage,Home Office,1,25.14,4.59,0.15,2023-01-01,0.18257756563245822
2024-06-30,Asia Pacific,Technology,Accessories,Home Office,1,602.39,195.28,0.0,2024-06-01,0.32417536811700065
2023-04-03,Middle East & Africa,Office Supplies,Storage,Corporate,1,65.14,24.16,0.0,2023-04-01,0.37089346023948416
2023-02-09,North America,Technology,Machines,Corporate,3,1016.61,297.42,0.0,2023-02-01,0.29256056894974475
2023-07-05,North America,Technology,Machines,Corporate,3,810.99,238.18,0.0,2023-07-01,0.29369042774880083
2023-02-10,Europe,Office Supplies,Storage,Consumer,5,124.72,11.2,0.15,2023-02-01,0.08980115458627325
2023-03-07,Europe,Office Supplies,Storage,Corporate,1,14.98,5.78,0.0,2023-03-01,0.38584779706275035
2023-10-28,Europe,Office Supplies,Binders,Consumer,4,100.88,6.06,0.2,2023-10-01,0.06007137192704203
2023-09-01,North America,Technology,Phones,Consumer,3,892.22,292.44,0.0,2023-09-01,0.32776669431306177
2024-11-06,Europe,Office Supplies,Art,Corporate,2,141.42,54.26,0.0,2024-11-01,0.38367981897892806
2023-10-17,North America,Technology,Copiers,Home Office,3,1498.79,-56.65,0.15,2023-10-01,-0.037797156372807394
2023-10-15,North America,Technology,Copiers,Corporate,4,962.17,-10.23,0.2,2023-10-01,-0.010632216760032011
2024-10-28,North America,Technology,Accessories,Consumer,4,1493.68,549.28,0.0,2024-10-01,0.3677360612714905
2024-06-16,North America,Office Supplies,Art,Consumer,4,157.1,64.53,0.0,2024-06-01,0.4107574793125398
2024-05-01,Latin America,Technology,Copiers,Consumer,6,2928.44,175.53,0.15,2024-05-01,0.059939763150346256
2024-08-21,Asia Pacific,Technology,Accessories,Corporate,3,1277.62,45.91,0.15,2024-08-01,0.0359340022854996
2023-08-04,North America,Technology,Machines,Consumer,2,785.41,247.52,0.0,2023-08-01,0.31514750257827123
2023-10-11,North America,Technology,Phones,Corporate,4,1788.46,-119.2,0.2,2023-10-01,-0.06664951969851157
2023-04-14,North America,Furniture,Tables,Home Office,2,682.43,7.66,0.1,2023-04-01,0.01122459446390106
2024-06-18,Asia Pacific,Furniture,Furnishings,Consumer,3,935.84,24.92,0.1,2024-06-01,0.02662848350145324
2024-12-11,North America,Furniture,Furnishings,Home Office,2,330.63,30.62,0.1,2024-12-01,0.09261107582494027
2024-06-26,Middle East & Africa,Office Supplies,Storage,Consumer,1,70.0,20.73,0.1,2024-06-01,0.29614285714285715
2024-04-24,Middle East & Africa,Office Supplies,Binders,Home Office,3,167.88,63.17,0.0,2024-04-01,0.37628067667381465
2023-08-13,Europe,Technology,Copiers,Corporate,2,328.8,-10.05,0.2,2023-08-01,-0.030565693430656935
2023-04-29,Latin America,Office Supplies,Paper,Home Office,2,137.06,51.83,0.0,2023-04-01,0.3781555523128557
2024-11-26,Europe,Furniture,Furnishings,Consumer,2,339.66,71.26,0.0,2024-11-01,0.2097980333274451
2024-10-22,Middle East & Africa,Furniture,Tables,Corporate,3,671.89,-185.88,0.3,2024-10-01,-0.27665242822485825
2024-03-22,North America,Office Supplies,Art,Consumer,4,225.4,29.8,0.15,2024-03-01,0.13220940550133098
2023-04-01,North America,Furniture,Furnishings,Consumer,3,764.05,-85.73,0.2,2023-04-01,-0.11220469864537662
2024-09-15,North America,Technology,Copiers,Consumer,3,1195.93,191.62,0.1,2024-09-01,0.16022676912528325
2023-10-07,Europe,Office Supplies,Binders,Corporate,1,24.52,4.69,0.1,2023-10-01,0.19127243066884178
2024-11-23,Latin America,Technology,Accessories,Corporate,4,3217.38,-7.77,0.15,2024-11-01,-0.0024150084851649475
2023-07-17,North America,Furniture,Bookcases,Corporate,3,555.11,-244.72,0.4,2023-07-01,-0.44084956134820125
2023-12-18,North America,Technology,Phones,Consumer,4,1086.43,257.36,0.0,2023-12-01,0.23688594755299466
2023-12-01,Asia Pacific,Office Supplies,Art,Consumer,1,61.51,23.61,0.0,2023-12-01,0.38384002601203054
2023-09-16,Europe,Office Supplies,Storage,Consumer,1,62.18,23.95,0.0,2023-09-01,0.3851720810550016
2023-06-09,Asia Pacific,Technology,Accessories,Corporate,1,244.09,-50.77,0.3,2023-06-01,-0.20799705026834364
2023-10-05,Latin America,Office Supplies,Storage,Home Office,2,107.78,39.65,0.0,2023-10-01,0.3678790128038597
2024-03-19,Asia Pacific,Office Supplies,Paper,Consumer,3,146.85,48.45,0.1,2024-03-01,0.32992849846782435
2024-03-31,Europe,Furniture,Chairs,Corporate,2,587.29,98.28,0.0,2024-03-01,0.1673449232917298
2024-04-25,Europe,Office Supplies,Storage,Consumer,1,36.95,5.26,0.1,2024-04-01,0.14235453315290933
2023-01-24,North America,Office Supplies,Storage,Corporate,1,36.99,11.38,0.0,2023-01-01,0.3076507164098405
2023-01-12,Europe,Furniture,Furnishings,Corporate,1,304.08,9.27,0.1,2023-01-01,0.03048539857932123
2024-06-29,Latin America,Technology,Copiers,Consumer,2,1082.45,289.78,0.0,2024-06-01,0.26770751535867704
2024-10-22,Latin America,Technology,Copiers,Consumer,5,1941.48,-36.14,0.15,2024-10-01,-0.018614665100850896
2024-02-19,Europe,Technology,Machines,Consumer,3,1429.99,157.31,0.1,2024-02-01,0.110007762292044
2024-07-28,Latin America,Office Supplies,Art,Corporate,3,145.99,67.98,0.0,2024-07-01,0.46564833207753953
2023-11-17,Europe,Technology,Copiers,Consumer,5,2438.05,188.2,0.1,2023-11-01,0.07719283853899632
2024-12-17,Europe,Furniture,Bookcases,Consumer,5,1742.29,-89.05,0.15,2024-12-01,-0.0511108942828117
2023-07-29,Asia Pacific,Technology,Copiers,Corporate,4,1173.02,-326.22,0.4,2023-07-01,-0.27810267514620385
2024-06-06,Asia Pacific,Office Supplies,Storage,Consumer,4,231.89,-11.51,0.2,2024-06-01,-0.04963560308767088
2023-09-06,Europe,Technology,Machines,Corporate,4,1403.53,411.52,0.0,2023-09-01,0.2932035652960749
2024-01-26,Europe,Office Supplies,Binders,Corporate,4,137.03,55.01,0.0,2024-01-01,0.4014449390644384
2023-04-05,Latin America,Furniture,Bookcases,Corporate,2,684.07,-1.05,0.2,2023-04-01,-0.001534930635753651
2024-12-24,North America,Technology,Copiers,Corporate,2,849.7,126.38,0.1,2024-12-01,0.1487348475932682
2023-07-04,Asia Pacific,Office Supplies,Paper,Consumer,1,63.98,10.38,0.1,2023-07-01,0.16223819943732418
2023-07-28,Latin America,Furniture,Furnishings,Home Office,4,1341.39,-658.55,0.4,2023-07-01,-0.4909459590424857
2024-02-06,Latin America,Furniture,Chairs,Consumer,4,466.02,99.89,0.0,2024-02-01,0.214347023732887
2024-11-11,Asia Pacific,Office Supplies,Art,Consumer,6,329.07,-83.89,0.4,2024-11-01,-0.2549305618865287
2024-03-29,Middle East & Africa,Furniture,Furnishings,Consumer,1,108.41,9.07,0.1,2024-03-01,0.08366386864680381
2024-03-01,Europe,Furniture,Chairs,Corporate,3,698.43,136.25,0.0,2024-03-01,0.19508039459931562
2024-07-27,North America,Furniture,Chairs,Consumer,3,1272.34,-382.51,0.3,2024-07-01,-0.3006350503796155
2024-09-04,Europe,Technology,Phones,Corporate,4,1683.95,324.98,0.0,2024-09-01,0.19298672763443095
2023-06-26,Middle East & Africa,Technology,Accessories,Home Office,3,681.31,225.83,0.0,2023-06-01,0.3314643847881288
2023-04-05,North America,Office Supplies,Art,Home Office,3,144.95,-3.51,0.3,2023-04-01,-0.0242152466367713
2023-04-08,North America,Office Supplies,Art,Consumer,1,46.62,6.29,0.15,2023-04-01,0.13492063492063494
2024-11-16,North America,Technology,Machines,Consumer,2,1931.69,-653.74,0.4,2024-11-01,-0.33842904399774293
2024-09-25,Asia Pacific,Office Supplies,Binders,Home Office,2,76.06,21.63,0.1,2024-09-01,0.28438075203786484
2023-08-14,Asia Pacific,Technology,Machines,Consumer,2,736.56,-57.79,0.2,2023-08-01,-0.07845932442706637
2023-03-10,North America,Technology,Phones,Consumer,1,523.8,33.25,0.15,2023-03-01,0.06347842688048874
2024-06-02,Asia Pacific,Office Supplies,Paper,Consumer,1,57.24,7.33,0.2,2024-06-01,0.12805730258560447
2024-05-04,Europe,Technology,Phones,Home Office,1,354.85,-73.8,0.3,2024-05-01,-0.20797520078906578
2024-11-13,Europe,Technology,Accessories,Consumer,2,1159.13,242.11,0.0,2024-11-01,0.20887217136990674
2024-06-15,Europe,Technology,Copiers,Consumer,4,1550.83,385.48,0.0,2024-06-01,0.24856367235609322
2024-04-15,Asia Pacific,Office Supplies,Storage,Corporate,6,142.51,41.75,0.0,2024-04-01,0.29296189741070805
2024-06-15,Latin America,Office Supplies,Art,Home Office,3,89.16,37.91,0.0,2024-06-01,0.42519066846119336
2024-09-13,Europe,Technology,Copiers,Corporate,5,1653.67,414.49,0.0,2024-09-01,0.2506485574510029
2024-10-14,North America,Technology,Phones,Consumer,1,222.35,53.45,0.0,2024-10-01,0.24038677760287835
2024-12-15,Asia Pacific,Office Supplies,Binders,Consumer,3,189.19,62.52,0.0,2024-12-01,0.3304614408795391
2024-05-24,Asia Pacific,Technology,Machines,Corporate,3,610.05,-28.71,0.2,2024-05-01,-0.04706171625276617
2024-08-26,Europe,Office Supplies,Art,Corporate,2,113.65,37.25,0.0,2024-08-01,0.3277606687197536
2024-02-29,Asia Pacific,Furniture,Chairs,Home Office,3,392.85,71.25,0.0,2024-02-01,0.18136693394425352
2024-06-25,Latin America,Technology,Machines,Corporate,2,916.06,260.96,0.0,2024-06-01,0.2848721699452001
2023-06-08,Europe,Office Supplies,Storage,Consumer,2,40.97,15.94,0.0,2023-06-01,0.38906516963631926
2024-08-27,North America,Office Supplies,Binders,Home Office,5,32.45,13.56,0.0,2024-08-01,0.41787365177195684
2023-02-12,Asia Pacific,Office Supplies,Binders,Consumer,2,70.67,23.08,0.0,2023-02-01,0.3265883684731852
2023-06-24,Europe,Technology,Machines,Corporate,3,1851.45,652.36,0.0,2023-06-01,0.3523508601366496
2024-03-04,Latin America,Office Supplies,Storage,Consumer,2,55.65,-7.11,0.3,2024-03-01,-0.12776280323450134
2023-08-04,Latin America,Office Supplies,Paper,Corporate,1,26.08,9.34,0.0,2023-08-01,0.35812883435582826
2024-07-24,Europe,Technology,Machines,Corporate,5,2342.86,557.65,0.0,2024-07-01,0.23802105119383998
2024-05-26,Europe,Office Supplies,Storage,Consumer,4,130.38,41.22,0.0,2024-05-01,0.3161527841693511
2024-10-11,North America,Furniture,Chairs,Consumer,1,278.89,30.17,0.1,2024-10-01,0.10817885187708416
2023-03-03,Asia Pacific,Office Supplies,Binders,Corporate,1,36.76,-9.93,0.4,2023-03-01,-0.27013057671381935
2024-08-27,Asia Pacific,Office Supplies,Storage,Consumer,1,37.67,17.23,0.0,2024-08-01,0.45739315104857975
2023-06-19,North America,Office Supplies,Binders,Consumer,2,154.75,38.96,0.1,2023-06-01,0.25176090468497575
2023-07-29,Latin America,Office Supplies,Art,Home Office,1,21.61,-5.58,0.4,2023-07-01,-0.2582137899120778
2023-11-10,North America,Office Supplies,Paper,Corporate,3,186.8,71.9,0.0,2023-11-01,0.38490364025695933
2023-08-21,North America,Office Supplies,Binders,Home Office,4,94.56,39.48,0.0,2023-08-01,0.4175126903553299
2024-06-29,Latin America,Technology,Accessories,Consumer,3,1383.69,193.67,0.1,2024-06-01,0.13996632193627184
2024-11-14,Latin America,Technology,Machines,Corporate,2,1016.96,34.31,0.15,2024-11-01,0.033737806796727506
2023-08-29,North America,Office Supplies,Storage,Corporate,3,121.73,56.73,0.0,2023-08-01,0.4660313809249979
2024-09-29,Europe,Office Supplies,Art,Corporate,2,64.25,28.68,0.0,2024-09-01,0.44638132295719846
2023-08-12,North America,Technology,Phones,Consumer,1,21.45,1.91,0.1,2023-08-01,0.08904428904428904
2024-08-19,North America,Furniture,Furnishings,Home Office,2,669.26,199.61,0.0,2024-08-01,0.2982547888712907
2023-09-15,Europe,Office Supplies,Storage,Consumer,3,92.53,2.74,0.2,2023-09-01,0.029612017723981414
2023-12-07,Middle East & Africa,Office Supplies,Paper,Consumer,1,63.0,23.59,0.0,2023-12-01,0.37444444444444447
2023-04-29,North America,Office Supplies,Binders,Consumer,2,93.05,29.42,0.0,2023-04-01,0.3161740999462655
2024-10-13,Asia Pacific,Office Supplies,Paper,Consumer,1,47.18,0.68,0.2,2024-10-01,0.014412886816447649
2024-12-02,Latin America,Furniture,Bookcases,Corporate,2,502.04,17.56,0.15,2024-12-01,0.0349772926460043
2024-04-06,North America,Furniture,Furnishings,Consumer,2,616.35,155.72,0.0,2024-04-01,0.2526486574186744
2023-04-03,Europe,Office Supplies,Storage,Consumer,2,91.26,36.16,0.0,2023-04-01,0.3962305500767039
2024-11-10,Europe,Technology,Phones,Corporate,1,554.43,130.62,0.0,2024-11-01,0.23559331205021375
2023-02-21,Middle East & Africa,Office Supplies,Art,Consumer,2,62.16,28.52,0.0,2023-02-01,0.4588159588159588
2024-04-07,Europe,Technology,Phones,Corporate,1,284.53,87.37,0.0,2024-04-01,0.3070677960144801
2024-10-29,North America,Office Supplies,Storage,Corporate,2,127.14,24.76,0.1,2024-10-01,0.19474594934717634
2023-08-31,Latin America,Furniture,Furnishings,Corporate,1,241.51,0.58,0.15,2023-08-01,0.002401556871351083
2024-10-19,Asia Pacific,Office Supplies,Paper,Consumer,3,92.21,-8.63,0.3,2024-10-01,-0.09359071684199112
2024-04-22,North America,Technology,Copiers,Home Office,2,1055.83,210.18,0.0,2024-04-01,0.19906613754108143
2023-07-01,North America,Furniture,Tables,Corporate,2,489.72,30.31,0.1,2023-07-01,0.06189251000571755
2023-08-16,Asia Pacific,Office Supplies,Art,Home Office,3,119.3,21.45,0.1,2023-08-01,0.17979882648784576
2024-08-21,North America,Technology,Copiers,Corporate,6,2172.94,528.86,0.0,2024-08-01,0.24338453891962042
2024-08-24,Europe,Technology,Machines,Consumer,1,230.14,-3.62,0.15,2024-08-01,-0.01572955592248197
2024-06-13,North America,Furniture,Tables,Corporate,3,622.14,-63.37,0.2,2024-06-01,-0.10185810267785386
2024-05-18,North America,Office Supplies,Paper,Consumer,1,35.5,12.1,0.0,2024-05-01,0.3408450704225352
2024-07-06,Europe,Office Supplies,Art,Consumer,1,68.33,30.84,0.0,2024-07-01,0.4513390897116933
2024-04-03,Latin America,Office Supplies,Art,Consumer,3,147.0,-48.0,0.4,2024-04-01,-0.32653061224489793
2023-02-05,North America,Office Supplies,Binders,Home Office,4,87.59,12.42,0.1,2023-02-01,0.14179700879095786
2023-07-09,North America,Office Supplies,Binders,Consumer,3,128.34,21.47,0.15,2023-07-01,0.16729001090852422
2024-10-08,Europe,Technology,Accessories,Consumer,2,1112.21,250.66,0.0,2024-10-01,0.2253711079742135
2023-12-15,Latin America,Technology,Phones,Consumer,1,327.5,83.37,0.0,2023-12-01,0.2545648854961832
2024-06-14,Asia Pacific,Technology,Machines,Consumer,1,563.68,107.95,0.0,2024-06-01,0.19150936701674712
2024-06-19,Asia Pacific,Furniture,Chairs,Consumer,2,423.91,108.43,0.0,2024-06-01,0.2557854261517775
2023-04-19,North America,Office Supplies,Art,Consumer,3,41.83,5.16,0.15,2023-04-01,0.1233564427444418
2024-02-03,North America,Furniture,Chairs,Home Office,5,742.83,-127.06,0.2,2024-02-01,-0.1710485575434487
2023-05-12,North America,Office Supplies,Storage,Consumer,3,133.33,-30.24,0.3,2023-05-01,-0.2268056701417535
2023-05-04,North America,Office Supplies,Art,Consumer,4,130.63,23.12,0.15,2023-05-01,0.17698844063385136
2023-03-26,Europe,Office Supplies,Paper,Home Office,3,134.41,-11.51,0.3,2023-03-01,-0.08563350941150212
2023-08-29,Europe,Technology,Copiers,Home Office,3,1097.31,36.51,0.1,2023-08-01,0.03327227492686661
2024-10-19,Europe,Office Supplies,Binders,Home Office,3,89.56,32.72,0.1,2024-10-01,0.3653416703885663
2023-04-27,North America,Office Supplies,Paper,Home Office,3,52.63,-19.26,0.4,2023-04-01,-0.3659509785293559
2023-10-28,Asia Pacific,Office Supplies,Art,Home Office,1,10.58,5.44,0.0,2023-10-01,0.5141776937618148
2023-01-01,Europe,Furniture,Chairs,Consumer,1,171.14,48.94,0.0,2023-01-01,0.28596470725721634
2023-02-02,Asia Pacific,Technology,Accessories,Consumer,3,1600.02,412.4,0.0,2023-02-01,0.2577467781652729
2023-07-09,Europe,Office Supplies,Binders,Corporate,2,59.67,7.79,0.15,2023-07-01,0.1305513658454835
2024-06-23,Latin America,Office Supplies,Art,Consumer,2,154.29,52.1,0.0,2024-06-01,0.3376758053017046
2024-04-22,Latin America,Office Supplies,Paper,Home Office,3,117.56,-27.39,0.4,2024-04-01,-0.2329874106839061
2024-07-31,North America,Office Supplies,Art,Corporate,4,247.0,21.81,0.2,2024-07-01,0.0882995951417004
2024-04-20,Middle East & Africa,Technology,Copiers,Home Office,4,1131.73,152.92,0.1,2024-04-01,0.13512056762655403
2023-01-28,North America,Office Supplies,Art,Consumer,1,34.64,12.53,0.0,2023-01-01,0.3617205542725173
2024-03-14,Asia Pacific,Furniture,Bookcases,Consumer,3,320.96,82.24,0.0,2024-03-01,0.25623130608175476
2024-08-09,North America,Technology,Phones,Corporate,4,970.45,282.28,0.0,2024-08-01,0.29087536709773815
2023-02-16,North America,Furniture,Chairs,Consumer,3,628.47,165.06,0.0,2023-02-01,0.2626378347415151
2023-09-12,North America,Office Supplies,Art,Home Office,1,28.31,3.55,0.15,2023-09-01,0.1253973860826563
2024-03-05,Asia Pacific,Technology,Machines,Home Office,2,785.27,-188.43,0.3,2024-03-01,-0.2399556840322437
2024-05-04,Middle East & Africa,Technology,Phones,Consumer,2,780.79,185.68,0.0,2024-05-01,0.23781042277693107
2024-01-20,Europe,Technology,Phones,Home Office,3,1566.78,117.76,0.15,2024-01-01,0.07516052030278661
2023-04-14,Middle East & Africa,Technology,Machines,Corporate,3,972.59,265.32,0.0,2023-04-01,0.27279737607830634
2023-03-29,Asia Pacific,Office Supplies,Art,Consumer,6,264.43,0.74,0.2,2023-03-01,0.002798472185455508
2024-08-28,North America,Furniture,Chairs,Corporate,2,433.97,-79.08,0.2,2024-08-01,-0.18222457773578818
2023-09-30,Asia Pacific,Office Supplies,Storage,Corporate,2,124.09,54.76,0.0,2023-09-01,0.4412926102022725
2023-04-04,Europe,Technology,Phones,Consumer,3,759.43,202.77,0.0,2023-04-01,0.26700288374175374
2023-11-29,North America,Office Supplies,Storage,Corporate,4,82.85,27.32,0.0,2023-11-01,0.32975256487628246
2023-05-31,Latin America,Furniture,Tables,Corporate,4,1371.67,121.76,0.1,2023-05-01,0.08876770651833167
2024-05-08,Asia Pacific,Furniture,Bookcases,Consumer,1,200.21,14.9,0.1,2024-05-01,0.07442185705009739
2023-12-14,North America,Office Supplies,Storage,Consumer,2,121.1,27.57,0.15,2023-12-01,0.22766308835673
2023-02-04,Asia Pacific,Technology,Phones,Consumer,2,454.59,59.19,0.1,2023-02-01,0.13020523988649113
2023-12-10,Asia Pacific,Office Supplies,Binders,Consumer,1,59.44,27.02,0.0,2023-12-01,0.45457604306864063
2023-04-22,Europe,Technology,Copiers,Home Office,1,395.34,-48.6,0.2,2023-04-01,-0.12293215966003947
2023-01-20,Latin America,Furniture,Chairs,Corporate,4,905.19,-234.25,0.3,2023-01-01,-0.25878544835890804
2023-12-29,North America,Furniture,Tables,Home Office,5,1999.58,-119.87,0.2,2023-12-01,-0.059947588993688676
2024-11-06,Europe,Furniture,Tables,Corporate,5,861.13,-9.06,0.1,2024-11-01,-0.010521059538048843
2024-12-21,Asia Pacific,Furniture,Bookcases,Corporate,3,1178.07,29.13,0.1,2024-12-01,0.0247268838014719
2023-05-16,Middle East & Africa,Office Supplies,Art,Consumer,4,142.36,64.35,0.0,2023-05-01,0.4520230401798257
2023-02-18,Latin America,Office Supplies,Binders,Corporate,3,88.44,33.95,0.0,2023-02-01,0.3838760741745817
2023-08-13,Europe,Furniture,Furnishings,Corporate,1,195.55,30.15,0.0,2023-08-01,0.15418051649194578
2023-12-31,Asia Pacific,Technology,Phones,Corporate,2,1305.42,24.15,0.15,2023-12-01,0.018499793170014246
2024-09-16,Asia Pacific,Office Supplies,Art,Corporate,1,37.1,-1.4,0.2,2024-09-01,-0.03773584905660377
2024-07-24,Asia Pacific,Furniture,Tables,Corporate,5,1556.62,-145.8,0.2,2024-07-01,-0.09366447816422764
2023-02-18,Asia Pacific,Technology,Accessories,Home Office,1,290.82,0.7,0.15,2023-02-01,0.002406987139811567
2023-08-15,Latin America,Technology,Copiers,Consumer,1,525.02,154.46,0.0,2023-08-01,0.2941983162546189
2024-03-13,North America,Technology,Accessories,Consumer,1,319.26,80.12,0.0,2024-03-01,0.2509553342103615
2023-07-25,North America,Furniture,Furnishings,Corporate,2,423.67,30.36,0.1,2023-07-01,0.07165954634503269
2024-03-29,Latin America,Furniture,Furnishings,Corporate,2,191.96,27.77,0.0,2024-03-01,0.14466555532402584
2024-06-06,North America,Furniture,Furnishings,Corporate,1,311.57,80.35,0.0,2024-06-01,0.2578874731200051
2023-04-26,Europe,Furniture,Bookcases,Consumer,2,658.58,-18.13,0.15,2023-04-01,-0.02752892587081296
2023-06-17,Asia Pacific,Office Supplies,Storage,Consumer,2,38.23,12.96,0.0,2023-06-01,0.3390007847240388
2023-05-05,North America,Furniture,Furnishings,Corporate,1,211.97,47.28,0.0,2023-05-01,0.22305043166485825
2023-10-25,Asia Pacific,Technology,Accessories,Corporate,3,1358.49,-772.57,0.5,2023-10-01,-0.5686975980684437
2024-08-16,North America,Technology,Copiers,Home Office,6,1800.86,243.63,0.1,2024-08-01,0.13528536365958488
2023-11-16,Asia Pacific,Office Supplies,Binders,Corporate,3,263.92,-59.95,0.4,2023-11-01,-0.22715216732343135
2024-06-12,North America,Furniture,Furnishings,Corporate,2,281.29,18.28,0.1,2024-06-01,0.06498631305769846
2023-08-14,Europe,Office Supplies,Art,Corporate,1,27.3,6.78,0.1,2023-08-01,0.24835164835164836
2023-09-24,North America,Office Supplies,Paper,Consumer,2,110.48,-7.52,0.3,2023-09-01,-0.06806661839246922
2024-09-02,Europe,Furniture,Bookcases,Consumer,2,560.88,-136.01,0.3,2024-09-01,-0.2424939380972757
2024-10-02,Latin America,Furniture,Bookcases,Corporate,4,1100.41,291.59,0.0,2024-10-01,0.26498305177161235
2024-11-16,North America,Furniture,Bookcases,Home Office,2,1030.28,211.64,0.0,2024-11-01,0.20541988585627208
2023-07-19,Latin America,Technology,Copiers,Consumer,2,828.76,-255.49,0.3,2023-07-01,-0.30827983976060624
2024-08-30,North America,Office Supplies,Storage,Home Office,5,179.96,68.86,0.0,2024-08-01,0.382640586797066
2024-04-05,North America,Furniture,Furnishings,Consumer,2,475.24,122.0,0.0,2024-04-01,0.2567123979463008
2024-08-19,Asia Pacific,Furniture,Bookcases,Consumer,3,1133.63,209.02,0.0,2024-08-01,0.1843811472879158
2024-07-07,North America,Office Supplies,Art,Consumer,3,77.43,24.04,0.0,2024-07-01,0.3104739764948986
2024-11-17,Asia Pacific,Office Supplies,Binders,Consumer,2,18.83,6.79,0.0,2024-11-01,0.3605947955390335
2024-11-07,Asia Pacific,Office Supplies,Storage,Corporate,2,98.99,39.2,0.0,2024-11-01,0.3959995959187797
2023-08-19,Europe,Technology,Accessories,Consumer,3,938.98,61.37,0.1,2023-08-01,0.06535815459328206
2024-12-21,Middle East & Africa,Technology,Phones,Consumer,2,1328.67,275.99,0.0,2024-12-01,0.2077189971926814
2024-06-30,Asia Pacific,Technology,Copiers,Consumer,4,2439.49,-192.78,0.2,2024-06-01,-0.07902471418206265
2024-07-27,Asia Pacific,Furniture,Chairs,Home Office,1,229.84,58.39,0.0,2024-07-01,0.2540462930734424
2023-12-13,North America,Office Supplies,Art,Consumer,1,77.47,26.11,0.0,2023-12-01,0.33703369046082354
2024-11-07,Middle East & Africa,Office Supplies,Paper,Consumer,2,85.92,15.36,0.15,2024-11-01,0.17877094972067037
2024-06-08,Asia Pacific,Office Supplies,Art,Consumer,2,59.94,8.07,0.2,2024-06-01,0.13463463463463465
2024-11-27,Middle East & Africa,Office Supplies,Binders,Corporate,1,20.28,4.03,0.1,2024-11-01,0.1987179487179487
2023-08-22,North America,Office Supplies,Storage,Home Office,2,124.55,56.19,0.0,2023-08-01,0.45114411882778
2024-01-29,Middle East & Africa,Technology,Phones,Consumer,4,1960.41,549.19,0.0,2024-01-01,0.2801403787983126
2024-07-25,Europe,Office Supplies,Paper,Consumer,1,23.94,5.01,0.1,2024-07-01,0.20927318295739347
2023-10-13,Latin America,Technology,Copiers,Corporate,4,1910.84,277.56,0.15,2023-10-01,0.14525548973226435
2023-05-21,Asia Pacific,Office Supplies,Binders,Consumer,4,91.78,32.92,0.0,2023-05-01,0.3586838091087383
2023-07-15,Middle East & Africa,Furniture,Tables,Corporate,1,343.14,-89.28,0.3,2023-07-01,-0.2601853470886519
2023-06-24,Europe,Office Supplies,Binders,Home Office,2,33.55,10.8,0.0,2023-06-01,0.3219076005961252
2024-04-01,Asia Pacific,Furniture,Bookcases,Home Office,4,1016.25,214.33,0.0,2024-04-01,0.2109028290282903
2024-05-13,North America,Office Supplies,Art,Home Office,2,9.85,2.23,0.1,2024-05-01,0.22639593908629443
2024-08-12,North America,Office Supplies,Binders,Consumer,4,177.1,70.44,0.0,2024-08-01,0.39774138904573686
2024-03-22,Middle East & Africa,Office Supplies,Paper,Home Office,3,82.9,18.94,0.1,2024-03-01,0.2284680337756333
2023-06-28,Europe,Office Supplies,Storage,Consumer,1,31.11,0.45,0.2,2023-06-01,0.01446480231436837
2023-12-15,Europe,Office Supplies,Binders,Home Office,2,96.46,-12.82,0.4,2023-12-01,-0.13290483101803857
2023-04-21,Europe,Technology,Machines,Consumer,1,374.31,110.6,0.0,2023-04-01,0.2954770110336352
2023-03-29,Europe,Technology,Accessories,Consumer,6,2938.4,-1103.64,0.4,2023-03-01,-0.3755921589980942
2023-03-07,Asia Pacific,Office Supplies,Binders,Consumer,1,29.29,10.74,0.0,2023-03-01,0.36667804711505636
2024-02-20,Europe,Furniture,Bookcases,Corporate,2,511.01,94.5,0.0,2024-02-01,0.18492788790826012
2024-06-08,Latin America,Office Supplies,Paper,Consumer,5,333.42,39.92,0.2,2024-06-01,0.11972887049367165
2024-03-08,North America,Furniture,Chairs,Consumer,5,1579.15,152.61,0.15,2024-03-01,0.0966405977899503
2024-06-15,North America,Furniture,Chairs,Corporate,1,371.62,67.47,0.0,2024-06-01,0.18155642860987029
2023-03-29,Europe,Office Supplies,Paper,Consumer,4,145.48,54.35,0.0,2023-03-01,0.37359087159747045
2023-05-11,Europe,Technology,Accessories,Consumer,3,911.53,35.0,0.1,2023-05-01,0.03839698090024465
2023-05-22,Europe,Office Supplies,Art,Consumer,1,51.45,16.54,0.0,2023-05-01,0.32147716229348877
2023-03-04,Asia Pacific,Office Supplies,Paper,Corporate,5,183.39,-32.82,0.3,2023-03-01,-0.1789628660232292
2024-09-13,Latin America,Furniture,Furnishings,Consumer,3,1083.99,208.57,0.0,2024-09-01,0.1924095240731003
2023-10-21,Europe,Technology,Phones,Consumer,3,1058.54,338.81,0.0,2023-10-01,0.32007293064031594
2024-03-10,Asia Pacific,Technology,Phones,Corporate,4,2212.34,744.18,0.0,2024-03-01,0.3363768679316922
2023-11-24,Asia Pacific,Technology,Machines,Consumer,3,1438.26,-15.75,0.15,2023-11-01,-0.010950732134662718
2024-10-18,Asia Pacific,Office Supplies,Paper,Home Office,3,177.76,19.78,0.15,2024-10-01,0.11127362736273629
2023-08-05,Asia Pacific,Furniture,Chairs,Consumer,1,125.11,15.06,0.1,2023-08-01,0.12037407081768045
2023-04-13,Middle East & Africa,Furniture,Chairs,Consumer,3,560.42,131.74,0.0,2023-04-01,0.23507369472895331
2024-11-24,North America,Furniture,Tables,Consumer,2,933.75,226.48,0.0,2024-11-01,0.24254886211512716
2024-11-05,Latin America,Furniture,Bookcases,Consumer,2,809.12,-204.55,0.3,2024-11-01,-0.252805517105003
2024-01-16,North America,Furniture,Chairs,Consumer,4,708.29,157.65,0.0,2024-01-01,0.2225783224385492
2023-05-12,Europe,Technology,Machines,Consumer,3,937.66,278.59,0.0,2023-05-01,0.2971119595589019
2023-06-04,North America,Office Supplies,Storage,Corporate,2,57.39,18.72,0.0,2023-06-01,0.3261892315734448
2024-09-27,Europe,Technology,Machines,Corporate,2,831.32,271.92,0.0,2024-09-01,0.32709425973151135
2023-03-02,Asia Pacific,Office Supplies,Binders,Corporate,2,34.45,7.64,0.1,2023-03-01,0.2217706821480406
2023-07-14,Europe,Technology,Phones,Consumer,5,2065.84,624.32,0.0,2023-07-01,0.30221120706347054
2024-06-03,North America,Office Supplies,Storage,Consumer,4,100.0,39.11,0.0,2024-06-01,0.3911
2023-10-22,Europe,Office Supplies,Art,Corporate,2,66.99,3.04,0.2,2023-10-01,0.04537990744887297
2024-06-05,Latin America,Furniture,Bookcases,Home Office,1,310.33,-193.48,0.5,2024-06-01,-0.623465343344182
2024-12-04,Europe,Office Supplies,Paper,Corporate,4,263.97,19.74,0.2,2024-12-01,0.07478122513922035
2024-10-28,Middle East & Africa,Furniture,Tables,Corporate,3,486.9,-49.35,0.2,2024-10-01,-0.10135551447935921
2023-02-05,Latin America,Office Supplies,Paper,Consumer,3,47.2,10.23,0.1,2023-02-01,0.2167372881355932
2023-06-20,North America,Furniture,Bookcases,Home Office,4,1113.26,264.96,0.0,2023-06-01,0.23800370084257044
2024-04-08,Latin America,Furniture,Chairs,Consumer,4,658.14,-132.37,0.3,2024-04-01,-0.20112741969793663
2023-08-09,Latin America,Office Supplies,Binders,Home Office,1,30.63,12.91,0.0,2023-08-01,0.4214822069866144
2023-05-16,Europe,Office Supplies,Paper,Consumer,2,66.32,7.88,0.1,2023-05-01,0.11881785283474067
2024-12-16,North America,Office Supplies,Art,Consumer,1,39.83,1.52,0.2,2024-12-01,0.03816218930454431
2024-01-13,Europe,Office Supplies,Paper,Corporate,3,160.72,54.14,0.0,2024-01-01,0.3368591338974614
2024-10-17,Asia Pacific,Office Supplies,Paper,Consumer,1,31.48,9.82,0.0,2024-10-01,0.3119440914866582
2024-06-28,Latin America,Office Supplies,Binders,Home Office,4,203.22,-67.28,0.4,2024-06-01,-0.33106977659679165
2024-09-01,Europe,Office Supplies,Storage,Corporate,2,68.45,21.46,0.0,2024-09-01,0.31351351351351353
2024-12-16,Asia Pacific,Office Supplies,Storage,Consumer,4,115.1,11.59,0.15,2024-12-01,0.1006950477845352
2023-11-13,Asia Pacific,Furniture,Bookcases,Corporate,3,928.74,125.86,0.1,2023-11-01,0.13551693692529665
2023-01-21,Europe,Office Supplies,Storage,Consumer,1,40.77,14.39,0.0,2023-01-01,0.35295560461123376
2024-09-26,Europe,Office Supplies,Paper,Corporate,3,42.66,17.16,0.0,2024-09-01,0.40225035161744027
2024-03-19,Latin America,Technology,Copiers,Home Office,5,1676.68,-6.74,0.15,2024-03-01,-0.004019848748717704
2024-05-26,Asia Pacific,Technology,Phones,Consumer,2,803.48,182.79,0.0,2024-05-01,0.22749788420371383
2024-01-11,North America,Technology,Accessories,Consumer,2,879.94,10.34,0.2,2024-01-01,0.011750801190990295
2023-03-27,Asia Pacific,Technology,Accessories,Corporate,1,289.9,55.6,0.0,2023-03-01,0.19179027250776132
2024-11-14,Latin America,Office Supplies,Paper,Consumer,3,186.6,51.05,0.0,2024-11-01,0.27357984994640944
2024-01-11,North America,Office Supplies,Art,Corporate,3,82.15,34.87,0.0,2024-01-01,0.4244674376141204
2023-10-17,North America,Office Supplies,Storage,Consumer,1,28.7,-0.3,0.2,2023-10-01,-0.010452961672473867
2024-08-11,Asia Pacific,Office Supplies,Art,Consumer,2,106.98,38.8,0.0,2024-08-01,0.362684613946532
2024-01-04,North America,Furniture,Bookcases,Corporate,3,228.42,-76.93,0.3,2024-01-01,-0.3367918746169338
2023-08-20,North America,Office Supplies,Paper,Consumer,1,42.93,15.92,0.0,2023-08-01,0.3708362450500815
2024-11-01,Asia Pacific,Technology,Phones,Consumer,1,643.08,71.68,0.1,2024-11-01,0.11146358151396406
2024-10-24,Asia Pacific,Furniture,Bookcases,Consumer,6,2098.7,-852.67,0.4,2024-10-01,-0.4062848429980464
2024-10-26,Europe,Office Supplies,Paper,Consumer,1,53.36,22.56,0.0,2024-10-01,0.42278860569715143
2023-02-15,Latin America,Technology,Accessories,Corporate,3,1117.96,224.54,0.0,2023-02-01,0.2008479730938495
2023-12-10,Europe,Technology,Machines,Corporate,6,4140.69,-272.25,0.2,2023-12-01,-0.06574991124667628
2023-03-20,North America,Technology,Accessories,Corporate,1,360.62,22.29,0.1,2023-03-01,0.061810215739559644
2024-11-22,North America,Office Supplies,Art,Consumer,1,79.32,17.41,0.1,2024-11-01,0.21949067070095815
2023-01-27,North America,Office Supplies,Art,Consumer,1,31.9,2.44,0.2,2023-01-01,0.07648902821316615
2024-10-14,North America,Furniture,Furnishings,Home Office,5,880.4,179.46,0.0,2024-10-01,0.2038391640163562
2023-05-29,Europe,Technology,Machines,Corporate,2,161.95,-5.04,0.15,2023-05-01,-0.031120716270453846
2023-10-25,Asia Pacific,Technology,Phones,Consumer,1,407.95,7.68,0.15,2023-10-01,0.018825836499571025
2023-10-09,North America,Office Supplies,Paper,Consumer,4,164.42,52.28,0.0,2023-10-01,0.31796618416251066
2024-07-26,Asia Pacific,Technology,Machines,Corporate,3,2227.47,579.1,0.0,2024-07-01,0.25998105473923333
2023-08-01,North America,Furniture,Bookcases,Consumer,4,446.75,-23.57,0.2,2023-08-01,-0.052758813654169
2023-06-02,Europe,Technology,Machines,Corporate,1,447.72,65.45,0.1,2023-06-01,0.14618511569731082
2024-07-09,North America,Technology,Accessories,Consumer,4,1113.87,279.55,0.0,2024-07-01,0.25097183692890557
2023-04-11,North America,Office Supplies,Binders,Corporate,2,54.37,0.46,0.2,2023-04-01,0.00846054809637668
2023-03-28,North America,Technology,Copiers,Corporate,3,327.58,83.86,0.0,2023-03-01,0.2559985347090787
2023-01-09,Asia Pacific,Technology,Machines,Consumer,4,1340.6,240.49,0.0,2023-01-01,0.17938982545129048
2024-08-18,North America,Furniture,Tables,Consumer,4,944.16,-271.56,0.3,2024-08-01,-0.2876207422470768
2024-11-30,North America,Furniture,Furnishings,Consumer,2,645.92,-11.91,0.15,2024-11-01,-0.018438815952439933
2024-11-14,Latin America,Furniture,Tables,Consumer,3,2055.87,637.74,0.0,2024-11-01,0.3102044389966292
2023-10-08,Latin America,Technology,Machines,Home Office,4,1505.89,73.97,0.1,2023-10-01,0.049120453685196123
2024-11-13,Latin America,Technology,Phones,Consumer,4,3797.39,735.44,0.0,2024-11-01,0.19366986272150083
2023-11-24,North America,Office Supplies,Storage,Consumer,3,123.88,50.18,0.0,2023-11-01,0.40506942202131097
2023-06-25,Latin America,Technology,Copiers,Consumer,4,1787.47,-276.04,0.3,2023-06-01,-0.1544305638696034
2023-01-27,Europe,Technology,Copiers,Corporate,4,855.13,239.55,0.0,2023-01-01,0.2801328452983757
2024-01-15,Europe,Office Supplies,Storage,Consumer,3,115.72,41.6,0.0,2024-01-01,0.35948842032492223
2023-08-02,Middle East & Africa,Office Supplies,Art,Consumer,2,103.91,27.13,0.0,2023-08-01,0.2610913290347416
2024-12-13,Middle East & Africa,Furniture,Furnishings,Consumer,2,625.34,13.84,0.15,2024-12-01,0.022131960213643775
2024-04-28,Europe,Office Supplies,Art,Home Office,1,50.2,-9.42,0.4,2024-04-01,-0.18764940239043823
2023-12-29,Europe,Technology,Accessories,Corporate,4,2424.84,734.06,0.0,2023-12-01,0.3027251282558849
2023-03-20,North America,Technology,Copiers,Home Office,2,390.3,109.14,0.0,2023-03-01,0.27963105303612606
2024-04-03,Asia Pacific,Office Supplies,Paper,Consumer,4,83.62,-0.47,0.3,2024-04-01,-0.00562066491270031
2023-05-19,North America,Technology,Accessories,Home Office,4,564.18,155.56,0.0,2023-05-01,0.2757276046651778
2023-09-06,Europe,Office Supplies,Paper,Home Office,1,46.57,11.22,0.1,2023-09-01,0.24092763581704962
2023-05-06,Asia Pacific,Office Supplies,Binders,Consumer,3,136.67,51.14,0.0,2023-05-01,0.3741859954635253
2024-09-29,North America,Office Supplies,Art,Corporate,1,42.31,1.53,0.15,2024-09-01,0.03616166390924131
2023-05-27,Latin America,Office Supplies,Paper,Corporate,2,64.72,27.3,0.0,2023-05-01,0.42181705809641534
2024-01-29,Europe,Office Supplies,Binders,Consumer,3,212.54,10.93,0.2,2024-01-01,0.0514256140020702
2023-05-29,Middle East & Africa,Furniture,Bookcases,Consumer,2,607.15,164.26,0.0,2023-05-01,0.27054269949765297
2023-12-16,Latin America,Office Supplies,Storage,Home Office,2,153.22,56.36,0.0,2023-12-01,0.36783709698472783
2023-05-09,North America,Office Supplies,Art,Consumer,5,203.09,36.77,0.1,2023-05-01,0.18105273524053375
2023-11-12,North America,Furniture,Chairs,Corporate,3,676.2,-13.31,0.15,2023-11-01,-0.0196835255841467
2024-01-28,Europe,Technology,Phones,Consumer,1,462.04,-83.03,0.3,2024-01-01,-0.17970305601246644
2023-01-29,North America,Office Supplies,Art,Corporate,1,66.49,23.18,0.0,2023-01-01,0.3486238532110092
2024-01-30,North America,Office Supplies,Paper,Consumer,2,10.0,3.99,0.0,2024-01-01,0.399
2023-11-11,Latin America,Office Supplies,Art,Consumer,3,162.39,59.43,0.0,2023-11-01,0.36597081101053025
2024-05-25,North America,Office Supplies,Art,Consumer,3,88.51,37.13,0.0,2024-05-01,0.419500621398712
2024-07-07,Asia Pacific,Technology,Copiers,Corporate,1,252.69,69.25,0.0,2024-07-01,0.2740512089912541
2024-12-17,Europe,Office Supplies,Binders,Consumer,4,301.02,33.52,0.2,2024-12-01,0.11135472726064714
2023-03-09,Latin America,Technology,Copiers,Corporate,5,2970.21,325.49,0.1,2023-03-01,0.10958484416926749
2023-09-27,Latin America,Technology,Machines,Consumer,2,760.17,28.96,0.15,2023-09-01,0.038096741518344586
2024-04-21,Asia Pacific,Office Supplies,Storage,Consumer,1,48.89,-8.52,0.4,2024-04-01,-0.17426876661894047
2024-02-09,Europe,Furniture,Bookcases,Corporate,1,234.52,-105.56,0.4,2024-02-01,-0.45011086474501105
2024-09-14,Asia Pacific,Office Supplies,Paper,Consumer,1,44.24,13.18,0.0,2024-09-01,0.29792043399638335
2023-12-16,North America,Technology,Machines,Consumer,2,770.82,-10.5,0.15,2023-12-01,-0.013621857242936092
2023-06-02,Europe,Technology,Accessories,Corporate,2,880.83,208.75,0.0,2023-06-01,0.2369923821849846
2023-02-06,Asia Pacific,Office Supplies,Storage,Consumer,3,18.87,1.74,0.2,2023-02-01,0.09220985691573927
2024-07-07,Latin America,Office Supplies,Storage,Consumer,5,94.7,33.94,0.0,2024-07-01,0.35839493136219636
2024-03-24,Latin America,Furniture,Chairs,Consumer,2,550.53,81.64,0.0,2024-03-01,0.14829346266325177
2024-07-08,North America,Furniture,Chairs,Consumer,3,543.03,144.08,0.0,2024-07-01,0.26532604091854967
2024-11-04,Europe,Technology,Copiers,Corporate,2,785.74,-185.95,0.3,2024-11-01,-0.2366558912617405
2023-10-08,North America,Furniture,Chairs,Consumer,3,713.92,106.07,0.0,2023-10-01,0.14857406992380098
2023-12-31,Europe,Technology,Copiers,Corporate,2,818.52,254.17,0.0,2023-12-01,0.31052387235498213
2023-02-18,Middle East & Africa,Technology,Copiers,Consumer,1,213.48,71.99,0.0,2023-02-01,0.33722128536631063
2023-09-15,Middle East & Africa,Office Supplies,Storage,Consumer,3,73.12,8.5,0.2,2023-09-01,0.1162472647702407
2024-03-21,Latin America,Furniture,Furnishings,Consumer,3,612.57,107.96,0.0,2024-03-01,0.17624108265177854
2024-10-25,Latin America,Office Supplies,Art,Corporate,3,112.74,39.8,0.0,2024-10-01,0.35302465850629766
2023-07-01,North America,Office Supplies,Art,Home Office,3,102.72,35.67,0.0,2023-07-01,0.3472546728971963
2024-03-14,Latin America,Office Supplies,Binders,Consumer,2,108.49,10.49,0.15,2024-03-01,0.0966909392570744
2023-08-19,North America,Furniture,Furnishings,Consumer,1,181.72,-4.08,0.15,2023-08-01,-0.022452124147039402
2024-09-15,Europe,Technology,Copiers,Consumer,3,2002.78,428.65,0.0,2024-09-01,0.21402750177253616
2024-10-11,Latin America,Office Supplies,Storage,Consumer,3,32.83,9.48,0.0,2024-10-01,0.28876028023149564
2024-12-14,North America,Furniture,Bookcases,Corporate,3,991.07,42.88,0.15,2024-12-01,0.04326636867224313
2024-01-01,Middle East & Africa,Office Supplies,Binders,Consumer,3,120.99,14.18,0.15,2024-01-01,0.11719976857591537
2023-03-16,Latin America,Technology,Phones,Corporate,2,884.36,219.82,0.0,2023-03-01,0.24856393323985707
2023-03-06,North America,Technology,Phones,Corporate,3,1804.85,48.2,0.15,2023-03-01,0.026705820428290443
2023-12-16,Middle East & Africa,Technology,Copiers,Consumer,3,1394.76,-110.23,0.2,2023-12-01,-0.07903151796724885
2023-04-17,Asia Pacific,Office Supplies,Storage,Consumer,2,88.05,33.61,0.0,2023-04-01,0.38171493469619533
2024-01-16,Europe,Technology,Machines,Consumer,2,217.01,51.87,0.0,2024-01-01,0.23902124326067922
2023-03-30,North America,Office Supplies,Art,Consumer,2,71.58,-0.63,0.3,2023-03-01,-0.008801341156747695
2023-09-28,Middle East & Africa,Technology,Machines,Consumer,1,337.68,28.09,0.2,2023-09-01,0.08318526415541341
2023-02-08,Asia Pacific,Technology,Accessories,Corporate,3,1290.53,411.13,0.0,2023-02-01,0.3185745391428328
2024-09-16,Latin America,Office Supplies,Paper,Home Office,3,71.8,11.52,0.15,2024-09-01,0.16044568245125349
2024-10-23,Middle East & Africa,Technology,Machines,Corporate,4,737.99,110.63,0.1,2024-10-01,0.1499071803140964
2024-03-11,Europe,Office Supplies,Paper,Corporate,3,46.12,-4.29,0.3,2024-03-01,-0.0930182133564614
2024-09-29,Asia Pacific,Technology,Copiers,Home Office,5,2396.49,481.47,0.0,2024-09-01,0.2009063255010453
2024-03-26,Asia Pacific,Office Supplies,Storage,Consumer,2,86.21,30.74,0.0,2024-03-01,0.35657116343811623
2023-12-02,Latin America,Office Supplies,Art,Home Office,4,165.76,28.13,0.15,2023-12-01,0.16970318532818532
2023-03-05,Latin America,Technology,Machines,Consumer,4,1456.4,-483.93,0.4,2023-03-01,-0.3322782202691568
2023-08-26,Europe,Furniture,Chairs,Home Office,6,1239.9,-4.12,0.1,2023-08-01,-0.003322848616823937
2024-04-16,Europe,Furniture,Furnishings,Consumer,3,713.04,-26.98,0.15,2024-04-01,-0.03783798945360709
2024-08-10,North America,Technology,Machines,Corporate,3,995.54,240.29,0.0,2024-08-01,0.2413664945657633
2023-11-19,Europe,Furniture,Furnishings,Home Office,1,243.01,53.87,0.0,2023-11-01,0.22167812024196534
2024-12-06,Middle East & Africa,Furniture,Bookcases,Consumer,3,1333.8,-94.6,0.2,2024-12-01,-0.07092517618833408
2023-03-04,North America,Technology,Copiers,Corporate,2,1034.84,76.01,0.1,2023-03-01,0.07345096826562561
2023-06-12,Asia Pacific,Furniture,Bookcases,Corporate,3,938.94,-187.33,0.2,2023-06-01,-0.1995122159030396
2023-12-14,Asia Pacific,Technology,Phones,Consumer,4,1485.94,-288.85,0.3,2023-12-01,-0.19438873709571047
2023-07-28,North America,Technology,Accessories,Home Office,1,416.66,-154.56,0.4,2023-07-01,-0.3709499351989632
2024-04-09,Europe,Office Supplies,Art,Consumer,1,45.26,17.68,0.0,2024-04-01,0.39063190455148034
2024-05-18,North America,Office Supplies,Art,Corporate,3,124.16,22.02,0.15,2024-05-01,0.17735180412371135
2023-12-17,Middle East & Africa,Furniture,Bookcases,Consumer,1,147.4,44.91,0.0,2023-12-01,0.3046811397557666
2024-05-05,Europe,Office Supplies,Storage,Home Office,1,34.49,10.24,0.0,2024-05-01,0.2968976514931864
2023-08-06,Latin America,Office Supplies,Storage,Home Office,3,68.44,19.72,0.0,2023-08-01,0.288135593220339
2024-06-18,North America,Furniture,Bookcases,Consumer,5,1213.68,-486.13,0.4,2024-06-01,-0.4005421527915101
2024-09-23,North America,Technology,Phones,Home Office,3,1724.01,443.5,0.0,2024-09-01,0.25724908788232087
2023-07-29,Asia Pacific,Office Supplies,Art,Consumer,4,201.71,45.72,0.1,2023-07-01,0.22666203956174705
2023-08-04,North America,Furniture,Bookcases,Consumer,2,613.33,117.76,0.0,2023-08-01,0.19200104348393196
2024-11-18,North America,Technology,Copiers,Corporate,1,420.67,144.85,0.0,2024-11-01,0.34433166139729476
2024-03-12,Europe,Technology,Copiers,Consumer,1,325.83,105.41,0.0,2024-03-01,0.3235122609949974
2023-09-13,Latin America,Office Supplies,Storage,Corporate,2,72.98,26.09,0.0,2023-09-01,0.35749520416552477
2023-06-02,Latin America,Furniture,Chairs,Consumer,3,696.85,163.73,0.0,2023-06-01,0.23495730788548466
2024-12-03,Latin America,Office Supplies,Binders,Consumer,3,157.94,60.36,0.0,2024-12-01,0.3821704444725845
2023-04-01,Asia Pacific,Furniture,Bookcases,Consumer,6,1740.59,461.41,0.0,2023-04-01,0.265088274665487
2023-10-13,Asia Pacific,Technology,Phones,Consumer,5,1502.06,374.38,0.0,2023-10-01,0.24924437106373915
2024-10-02,North America,Technology,Copiers,Corporate,3,1518.2,106.08,0.1,2024-10-01,0.06987221709919642
2023-11-20,Latin America,Technology,Machines,Consumer,2,894.95,186.46,0.0,2023-11-01,0.20834683501871612
2023-09-09,North America,Furniture,Chairs,Consumer,4,877.86,-321.37,0.4,2023-09-01,-0.36608343015970657
2024-08-02,Asia Pacific,Office Supplies,Storage,Home Office,2,94.42,34.82,0.0,2024-08-01,0.3687778013132811
2024-02-07,North America,Technology,Phones,Home Office,2,232.87,8.59,0.15,2024-02-01,0.0368875338171512
2023-09-16,Middle East & Africa,Office Supplies,Storage,Corporate,4,173.98,62.03,0.0,2023-09-01,0.3565352339349351
2023-06-02,North America,Technology,Accessories,Home Office,1,438.56,137.94,0.0,2023-06-01,0.31452936884348776
2024-04-04,North America,Furniture,Chairs,Corporate,3,639.23,-95.28,0.2,2024-04-01,-0.1490543309919747
2023-11-13,Europe,Office Supplies,Paper,Home Office,3,169.03,29.52,0.15,2023-11-01,0.17464355439862747
2023-05-17,Europe,Office Supplies,Paper,Consumer,2,115.7,49.67,0.0,2023-05-01,0.4292999135695765
2023-01-03,Asia Pacific,Office Supplies,Binders,Corporate,1,15.71,2.64,0.15,2023-01-01,0.16804583068109485
2023-04-13,Asia Pacific,Furniture,Chairs,Consumer,4,1190.46,-116.49,0.2,2023-04-01,-0.09785293079985886
2023-02-08,North America,Office Supplies,Binders,Corporate,3,76.35,-15.48,0.4,2023-02-01,-0.20275049115913557
2024-09-30,Latin America,Office Supplies,Storage,Consumer,4,177.97,69.76,0.0,2024-09-01,0.3919761757599596
2024-11-26,Europe,Technology,Copiers,Consumer,3,938.78,47.91,0.15,2024-11-01,0.05103432114020324
2023-04-04,Middle East & Africa,Furniture,Bookcases,Consumer,5,1017.6,209.67,0.0,2023-04-01,0.2060436320754717
2024-05-02,Europe,Office Supplies,Art,Consumer,3,156.77,-11.79,0.3,2024-05-01,-0.07520571537921796
2024-06-02,North America,Technology,Accessories,Consumer,2,861.81,-210.69,0.3,2024-06-01,-0.24447383994151844
2024-11-27,North America,Technology,Machines,Consumer,3,944.26,193.21,0.0,2024-11-01,0.20461525427318747
2023-02-16,Europe,Office Supplies,Paper,Consumer,5,175.57,61.7,0.0,2023-02-01,0.35142678134077576
2024-07-21,Asia Pacific,Office Supplies,Art,Consumer,2,56.65,19.38,0.0,2024-07-01,0.34210061782877316
2024-06-06,North America,Office Supplies,Art,Consumer,4,197.76,71.37,0.0,2024-06-01,0.3608919902912622
2024-01-13,Asia Pacific,Furniture,Chairs,Consumer,6,2056.14,388.07,0.0,2024-01-01,0.1887371482486601
2024-09-17,Latin America,Technology,Machines,Consumer,4,1911.07,84.77,0.15,2024-09-01,0.044357349547635615
2023-06-08,Asia Pacific,Technology,Phones,Consumer,1,413.68,53.59,0.0,2023-06-01,0.12954457551730808
2024-08-12,North America,Office Supplies,Storage,Consumer,2,82.32,-7.98,0.3,2024-08-01,-0.09693877551020409
2024-01-30,Latin America,Furniture,Bookcases,Consumer,3,1020.86,-500.14,0.4,2024-01-01,-0.48992026330740746
2023-02-12,North America,Office Supplies,Binders,Corporate,5,164.59,66.43,0.0,2023-02-01,0.4036089677380157
2023-10-09,Asia Pacific,Technology,Phones,Corporate,1,440.8,-114.98,0.3,2023-10-01,-0.2608439201451906
2023-11-18,North America,Office Supplies,Art,Consumer,2,122.57,41.92,0.0,2023-11-01,0.342008648119442
2024-12-11,North America,Technology,Machines,Corporate,3,1102.34,-619.57,0.5,2024-12-01,-0.5620498212892575
2023-03-09,Europe,Office Supplies,Art,Consumer,4,114.19,-17.02,0.3,2023-03-01,-0.1490498292319818
2024-05-23,Asia Pacific,Technology,Accessories,Corporate,2,538.84,62.03,0.1,2024-05-01,0.11511766015885977
2023-02-11,Latin America,Furniture,Chairs,Home Office,2,494.73,110.55,0.0,2023-02-01,0.2234552179976957
2024-03-19,Asia Pacific,Technology,Phones,Corporate,1,501.18,-184.35,0.4,2024-03-01,-0.3678319166766431
2024-05-18,North America,Office Supplies,Binders,Consumer,3,60.08,-12.09,0.3,2024-05-01,-0.20123169107856193
2024-05-05,Europe,Office Supplies,Art,Consumer,4,135.71,31.72,0.1,2024-05-01,0.23373369685358483
2023-08-08,North America,Furniture,Chairs,Corporate,5,1300.64,306.3,0.0,2023-08-01,0.2354994464263747
2023-09-04,North America,Technology,Machines,Consumer,3,816.46,-478.1,0.5,2023-09-01,-0.5855767582000343
2024-01-05,Europe,Furniture,Tables,Consumer,1,154.46,52.59,0.0,2024-01-01,0.3404764987699081
2024-07-14,Europe,Office Supplies,Storage,Home Office,1,69.11,8.14,0.15,2024-07-01,0.11778324410360295
2024-03-09,North America,Technology,Phones,Corporate,6,1258.67,-51.73,0.15,2024-03-01,-0.04109893776764362
2023-04-29,Asia Pacific,Office Supplies,Binders,Consumer,2,83.92,13.87,0.1,2023-04-01,0.16527645376549094
2023-06-12,North America,Office Supplies,Art,Consumer,1,50.42,19.19,0.0,2023-06-01,0.38060293534311784
2024-09-11,Latin America,Furniture,Chairs,Corporate,3,715.01,159.23,0.0,2024-09-01,0.22269618606732772
2024-03-26,Europe,Technology,Machines,Consumer,3,1604.92,436.29,0.0,2024-03-01,0.2718453256237071
2024-08-31,North America,Office Supplies,Art,Corporate,4,204.86,90.84,0.0,2024-08-01,0.44342477789710044
2024-06-19,Europe,Office Supplies,Storage,Consumer,2,84.43,17.55,0.1,2024-06-01,0.20786450313869476
2023-01-17,Europe,Office Supplies,Storage,Corporate,2,82.85,8.92,0.2,2023-01-01,0.10766445383222692
2024-11-03,Latin America,Technology,Accessories,Corporate,2,1068.89,8.34,0.15,2024-11-01,0.007802486691801775
2024-07-30,Middle East & Africa,Office Supplies,Storage,Consumer,1,48.52,7.26,0.15,2024-07-01,0.14962901896125308
2024-03-08,Europe,Furniture,Furnishings,Corporate,1,75.01,14.89,0.0,2024-03-01,0.19850686575123316
2023-03-28,Europe,Technology,Phones,Corporate,3,2219.18,541.93,0.0,2023-03-01,0.24420281365188942
2023-03-28,Middle East & Africa,Office Supplies,Art,Consumer,2,81.52,21.58,0.1,2023-03-01,0.26472031403336604
2024-06-25,Latin America,Office Supplies,Paper,Consumer,3,131.5,69.13,0.0,2024-06-01,0.525703422053232
2024-09-25,North America,Office Supplies,Binders,Consumer,1,29.1,11.61,0.0,2024-09-01,0.3989690721649484
2023-05-30,North America,Technology,Phones,Consumer,2,953.56,44.87,0.15,2023-05-01,0.04705524560593985
2024-02-07,Asia Pacific,Office Supplies,Paper,Home Office,2,65.99,11.96,0.15,2024-02-01,0.18123958175481136
2023-10-21,Europe,Technology,Accessories,Home Office,4,2194.13,148.32,0.1,2023-10-01,0.06759854703230893
2024-09-14,Europe,Furniture,Chairs,Corporate,2,205.17,-85.22,0.4,2024-09-01,-0.41536286981527515
2023-04-03,Europe,Office Supplies,Paper,Home Office,2,88.98,36.03,0.0,2023-04-01,0.40492245448415376
2024-04-05,North America,Office Supplies,Art,Consumer,5,135.39,-24.41,0.3,2024-04-01,-0.18029396558091443
2023-06-12,North America,Office Supplies,Paper,Consumer,4,152.42,27.42,0.1,2023-06-01,0.17989765122687315
2024-12-12,North America,Technology,Copiers,Corporate,1,588.26,153.38,0.0,2024-12-01,0.2607350491279366
2024-01-14,Asia Pacific,Technology,Copiers,Consumer,1,459.96,-106.81,0.3,2024-01-01,-0.23221584485607447
2024-01-10,Asia Pacific,Office Supplies,Art,Home Office,4,239.82,83.86,0.0,2024-01-01,0.3496789258610625
2024-03-30,Asia Pacific,Furniture,Bookcases,Corporate,2,790.16,149.16,0.0,2024-03-01,0.18877189429988864
2024-10-22,North America,Technology,Phones,Consumer,3,265.03,65.21,0.0,2024-10-01,0.24604761725087726
2023-10-24,North America,Office Supplies,Art,Consumer,4,39.44,18.41,0.0,2023-10-01,0.4667849898580122
2024-07-12,Europe,Technology,Machines,Consumer,2,1307.28,256.02,0.0,2024-07-01,0.19584174775105562
2023-04-29,North America,Office Supplies,Storage,Consumer,4,60.71,15.27,0.1,2023-04-01,0.2515236369626091
2023-03-29,Europe,Technology,Copiers,Home Office,1,370.63,45.59,0.0,2023-03-01,0.1230067722526509
2023-01-31,Europe,Office Supplies,Art,Corporate,2,95.01,36.21,0.0,2023-01-01,0.38111777707609723
2023-08-31,Latin America,Office Supplies,Paper,Corporate,4,227.97,50.85,0.1,2023-08-01,0.22305566521910777
2023-09-06,Europe,Furniture,Tables,Corporate,5,1476.39,144.41,0.1,2023-09-01,0.09781290851333319
2023-09-06,Asia Pacific,Technology,Machines,Consumer,2,676.14,169.23,0.0,2023-09-01,0.25028840181027595
2024-07-24,Asia Pacific,Office Supplies,Art,Consumer,1,26.71,6.66,0.1,2024-07-01,0.24934481467615124
2023-12-01,Asia Pacific,Technology,Machines,Corporate,6,3971.13,1180.1,0.0,2023-12-01,0.2971698231989383
2024-08-09,North America,Office Supplies,Art,Corporate,3,116.48,4.21,0.2,2024-08-01,0.03614354395604395
2024-09-20,North America,Technology,Phones,Consumer,2,955.48,186.94,0.0,2024-09-01,0.19565035374890108
2023-06-22,Europe,Office Supplies,Art,Consumer,1,54.41,22.98,0.0,2023-06-01,0.42234883293512226
2024-03-29,Asia Pacific,Office Supplies,Binders,Consumer,1,43.75,1.35,0.2,2024-03-01,0.03085714285714286
2023-08-17,Asia Pacific,Technology,Machines,Consumer,1,314.85,-84.62,0.3,2023-08-01,-0.2687629029696681
2024-08-03,Europe,Office Supplies,Storage,Consumer,4,201.91,33.2,0.1,2024-08-01,0.16442969639938587
2024-05-20,Europe,Technology,Accessories,Consumer,3,1051.45,108.57,0.1,2024-05-01,0.10325740643872747
2024-11-23,North America,Office Supplies,Storage,Consumer,2,37.45,0.83,0.2,2024-11-01,0.022162883845126834
2023-04-12,North America,Office Supplies,Paper,Home Office,3,153.12,24.77,0.15,2023-04-01,0.1617685475444096
2023-02-09,Europe,Technology,Phones,Consumer,3,1210.01,-83.2,0.2,2023-02-01,-0.06875976231601393
2024-02-16,North America,Furniture,Bookcases,Consumer,1,127.33,-10.08,0.2,2024-02-01,-0.07916437603078615
2023-12-30,North America,Technology,Phones,Home Office,2,683.9,178.34,0.0,2023-12-01,0.260769118292148
2024-05-19,North America,Technology,Phones,Corporate,2,846.14,154.19,0.15,2024-05-01,0.18222752735953862
2024-01-10,North America,Furniture,Chairs,Consumer,2,639.2,156.71,0.0,2024-01-01,0.24516583229036296
2023-10-17,North America,Furniture,Tables,Corporate,2,857.69,-32.32,0.2,2023-10-01,-0.037682612598957665
2024-10-13,North America,Technology,Copiers,Consumer,4,2735.88,713.28,0.0,2024-10-01,0.2607131891749638
2023-01-29,Asia Pacific,Furniture,Furnishings,Consumer,1,267.68,53.25,0.0,2023-01-01,0.19893156007172744
2023-04-03,North America,Furniture,Tables,Consumer,2,731.59,38.28,0.1,2023-04-01,0.05232438934375812
2024-08-02,North America,Office Supplies,Art,Corporate,3,108.65,5.06,0.2,2024-08-01,0.046571560055223185
2023-04-16,North America,Technology,Machines,Consumer,2,481.49,117.68,0.0,2023-04-01,0.24440798355106025
2023-09-04,Europe,Technology,Machines,Corporate,3,1373.29,276.74,0.0,2023-09-01,0.20151606725454932
2024-11-11,Asia Pacific,Furniture,Furnishings,Home Office,2,264.54,0.93,0.2,2024-11-01,0.003515536402812429
2023-09-05,Latin America,Furniture,Furnishings,Corporate,4,219.04,-64.58,0.3,2023-09-01,-0.2948319941563185
2023-01-26,North America,Furniture,Tables,Consumer,5,1206.43,227.69,0.0,2023-01-01,0.18873038634649336
2024-11-12,Middle East & Africa,Technology,Machines,Consumer,3,1307.58,383.1,0.0,2024-11-01,0.2929839856834764
2023-11-12,Europe,Office Supplies,Binders,Consumer,2,70.38,18.26,0.1,2023-11-01,0.25944870701903955
2023-02-05,Asia Pacific,Furniture,Bookcases,Consumer,1,210.19,-39.79,0.3,2023-02-01,-0.1893049146010752
2023-12-15,Latin America,Furniture,Bookcases,Consumer,3,1009.45,-309.49,0.3,2023-12-01,-0.306592698994502
2023-03-19,North America,Office Supplies,Paper,Consumer,4,184.64,65.49,0.0,2023-03-01,0.35469020797227035
2024-12-18,Europe,Furniture,Bookcases,Consumer,1,506.14,25.68,0.1,2024-12-01,0.05073695025091872
2024-02-09,North America,Furniture,Bookcases,Corporate,4,826.59,192.43,0.0,2024-02-01,0.23279981611197811
2023-10-31,Asia Pacific,Technology,Accessories,Consumer,1,304.05,16.56,0.1,2023-10-01,0.054464726196349275
2023-03-05,Asia Pacific,Office Supplies,Paper,Consumer,2,69.66,27.44,0.0,2023-03-01,0.39391329313809936
2024-09-15,North America,Furniture,Bookcases,Consumer,3,717.28,115.28,0.0,2024-09-01,0.16071826901628375
2023-03-01,Europe,Furniture,Furnishings,Corporate,4,1349.5,278.33,0.0,2023-03-01,0.20624675805854017
2023-12-29,North America,Office Supplies,Binders,Consumer,2,99.36,15.24,0.15,2023-12-01,0.1533816425120773
2024-05-12,Asia Pacific,Technology,Machines,Consumer,1,433.77,94.29,0.0,2024-05-01,0.21737326232796184
2023-12-23,Europe,Technology,Phones,Corporate,5,2487.99,58.29,0.15,2023-12-01,0.023428550757840668
2024-10-10,Asia Pacific,Technology,Accessories,Corporate,4,1606.68,-501.99,0.3,2024-10-01,-0.3124393158562999
2024-04-21,Latin America,Technology,Accessories,Consumer,2,1236.46,299.57,0.0,2024-04-01,0.2422803810879446
2024-07-08,Asia Pacific,Technology,Machines,Consumer,3,1281.4,88.42,0.15,2024-07-01,0.06900265334790073
2023-05-16,North America,Furniture,Bookcases,Consumer,4,1043.43,-81.5,0.2,2023-05-01,-0.07810777915145242
2024-08-19,North America,Office Supplies,Storage,Consumer,3,183.45,58.28,0.0,2024-08-01,0.31768874352684656
2023-09-17,Latin America,Office Supplies,Binders,Home Office,4,158.45,61.45,0.0,2023-09-01,0.3878195014200064
2023-11-09,North America,Office Supplies,Art,Consumer,3,115.02,46.64,0.0,2023-11-01,0.4054946965745088
2023-11-23,Middle East & Africa,Office Supplies,Paper,Consumer,1,80.22,17.2,0.1,2023-11-01,0.2144103714784343
2024-07-10,Europe,Furniture,Furnishings,Home Office,3,925.78,22.77,0.1,2024-07-01,0.024595476247056536
2023-10-28,North America,Office Supplies,Storage,Consumer,4,217.86,60.78,0.0,2023-10-01,0.27898650509501516
2024-02-08,North America,Furniture,Chairs,Consumer,2,264.01,-62.31,0.3,2024-02-01,-0.23601378735653955
2023-07-13,Europe,Office Supplies,Binders,Consumer,4,139.93,26.32,0.15,2023-07-01,0.18809404702351176
2024-02-25,Europe,Furniture,Furnishings,Home Office,4,591.89,-8.58,0.15,2024-02-01,-0.014495936745003294
2024-01-05,Europe,Technology,Machines,Corporate,5,2295.45,22.28,0.15,2024-01-01,0.009706157833975911
2023-11-13,Latin America,Office Supplies,Art,Corporate,5,279.54,32.5,0.15,2023-11-01,0.1162624311368677
2024-01-29,Europe,Office Supplies,Paper,Corporate,2,64.39,-25.54,0.5,2024-01-01,-0.39664544183879485
2024-05-06,Latin America,Office Supplies,Binders,Home Office,4,161.66,13.21,0.15,2024-05-01,0.08171470988494371
2023-02-20,Asia Pacific,Office Supplies,Paper,Consumer,5,223.39,117.79,0.0,2023-02-01,0.5272841219392095
2023-01-21,Europe,Office Supplies,Binders,Consumer,4,75.76,25.83,0.0,2023-01-01,0.34094508975712773
2024-04-03,North America,Office Supplies,Paper,Home Office,1,50.66,18.9,0.0,2024-04-01,0.3730754046585077
2024-02-04,Asia Pacific,Technology,Machines,Consumer,1,481.34,15.62,0.1,2024-02-01,0.032451074084846473
2023-04-14,Asia Pacific,Office Supplies,Paper,Consumer,3,98.67,9.58,0.2,2023-04-01,0.09709131448261883
2023-03-21,Asia Pacific,Furniture,Bookcases,Corporate,4,967.03,-94.88,0.15,2023-03-01,-0.09811484648873355
2023-11-27,Asia Pacific,Technology,Accessories,Consumer,1,895.28,168.48,0.0,2023-11-01,0.18818693593065855
2023-06-28,North America,Office Supplies,Art,Consumer,6,444.88,54.14,0.15,2023-06-01,0.12169573817658695
2024-09-28,Europe,Furniture,Tables,Corporate,1,198.88,27.19,0.0,2024-09-01,0.1367156074014481
2023-04-05,North America,Furniture,Tables,Home Office,3,14.66,2.27,0.15,2023-04-01,0.1548431105047749
2024-05-09,Latin America,Technology,Accessories,Consumer,3,682.63,129.12,0.0,2024-05-01,0.18915078446596253
2023-11-05,Middle East & Africa,Technology,Accessories,Corporate,4,2340.63,516.46,0.0,2023-11-01,0.2206499959412637
2024-04-27,Latin America,Technology,Accessories,Corporate,4,658.1,11.03,0.15,2024-04-01,0.01676037076432153
2023-05-04,Europe,Furniture,Chairs,Corporate,5,1341.49,-191.92,0.2,2023-05-01,-0.1430648010793968
2023-10-10,Europe,Furniture,Chairs,Consumer,2,543.25,-150.17,0.3,2023-10-01,-0.276428900138058
2024-10-26,North America,Office Supplies,Art,Consumer,2,84.61,35.3,0.0,2024-10-01,0.4172083678052239
2024-07-02,North America,Office Supplies,Binders,Consumer,1,48.08,17.19,0.0,2024-07-01,0.3575291181364393
2024-08-28,Europe,Technology,Copiers,Consumer,3,1201.45,277.82,0.0,2024-08-01,0.2312372549835615
2024-01-08,Asia Pacific,Technology,Accessories,Consumer,3,1477.71,310.53,0.0,2024-01-01,0.2101427208315569
2024-05-25,Europe,Office Supplies,Binders,Corporate,1,33.03,4.09,0.15,2024-05-01,0.12382682409930365
2024-08-31,Latin America,Furniture,Furnishings,Home Office,2,785.71,-85.25,0.2,2024-08-01,-0.10850059182140993
2023-07-01,Asia Pacific,Technology,Copiers,Consumer,2,859.07,-221.85,0.3,2023-07-01,-0.258244380551061
2023-06-15,Latin America,Office Supplies,Paper,Corporate,1,34.29,1.78,0.2,2023-06-01,0.051910177894429865
2024-03-16,Asia Pacific,Office Supplies,Paper,Home Office,4,179.17,73.76,0.0,2024-03-01,0.41167606184071
2023-08-20,North America,Furniture,Furnishings,Consumer,6,1321.28,298.08,0.0,2023-08-01,0.22559941874545894
2024-06-24,Asia Pacific,Technology,Phones,Home Office,3,1265.64,280.61,0.0,2024-06-01,0.22171391548939667
2024-04-21,North America,Furniture,Bookcases,Consumer,2,614.29,147.25,0.0,2024-04-01,0.23970762994676784
2024-07-27,Europe,Furniture,Furnishings,Consumer,2,680.06,-173.27,0.3,2024-07-01,-0.2547863423815546
2024-05-28,Asia Pacific,Furniture,Furnishings,Corporate,2,348.45,65.24,0.0,2024-05-01,0.18722915769837853
2023-11-05,North America,Office Supplies,Storage,Home Office,7,478.11,188.38,0.0,2023-11-01,0.3940097467110079
2024-12-23,Europe,Office Supplies,Art,Consumer,2,171.49,61.82,0.0,2024-12-01,0.3604874919820398
2024-12-17,Asia Pacific,Furniture,Bookcases,Consumer,4,2478.42,358.6,0.1,2024-12-01,0.14468895506007862
2023-01-03,Asia Pacific,Furniture,Furnishings,Consumer,3,1141.07,191.56,0.0,2023-01-01,0.16787751846950671
2023-05-21,Asia Pacific,Furniture,Chairs,Corporate,1,228.48,60.85,0.0,2023-05-01,0.2663252801120448
2024-07-02,Asia Pacific,Office Supplies,Art,Consumer,3,18.63,3.81,0.15,2024-07-01,0.20450885668276975
2023-01-09,Europe,Technology,Machines,Consumer,1,256.83,22.66,0.1,2023-01-01,0.08822956819686174
2024-04-29,Latin America,Technology,Accessories,Home Office,5,679.41,61.03,0.1,2024-04-01,0.08982793894702758
2024-08-14,Europe,Technology,Machines,Consumer,2,810.54,-238.44,0.4,2024-08-01,-0.2941742542009031
2023-08-31,Europe,Office Supplies,Binders,Consumer,2,47.18,8.8,0.15,2023-08-01,0.1865197117422637
2024-10-18,Asia Pacific,Furniture,Bookcases,Consumer,3,1010.38,-477.43,0.4,2024-10-01,-0.47252518854292447
2024-04-25,Middle East & Africa,Technology,Phones,Consumer,1,427.63,94.19,0.0,2024-04-01,0.22026050557725135
2023-11-10,Europe,Furniture,Bookcases,Consumer,1,511.03,94.1,0.0,2023-11-01,0.18413791753908773
2024-01-11,Europe,Technology,Phones,Home Office,2,774.47,213.9,0.0,2024-01-01,0.27618887755497307
2024-02-14,Asia Pacific,Office Supplies,Art,Corporate,1,35.44,13.57,0.0,2024-02-01,0.382900677200903
2023-07-18,Latin America,Technology,Machines,Consumer,3,1580.69,342.68,0.0,2023-07-01,0.2167914012235163
2024-02-25,Latin America,Office Supplies,Paper,Home Office,4,190.55,78.25,0.0,2024-02-01,0.4106533718184203
2024-05-10,Asia Pacific,Office Supplies,Storage,Home Office,4,192.82,67.99,0.0,2024-05-01,0.3526086505549217
2024-06-28,North America,Furniture,Chairs,Consumer,1,344.09,1.51,0.15,2024-06-01,0.004388386759278096
2024-09-06,Asia Pacific,Furniture,Chairs,Consumer,3,1267.86,-14.97,0.15,2024-09-01,-0.011807297335667977
2023-06-20,Europe,Office Supplies,Art,Corporate,3,198.78,48.72,0.1,2023-06-01,0.24509507998792635
2023-06-04,North America,Technology,Phones,Corporate,1,651.36,135.37,0.0,2023-06-01,0.20782670105625153
2024-04-09,Asia Pacific,Office Supplies,Storage,Consumer,6,310.18,91.5,0.0,2024-04-01,0.2949900058030821
2024-05-10,North America,Technology,Phones,Consumer,3,1497.44,398.97,0.0,2024-05-01,0.2664347152473555
2023-01-06,North America,Office Supplies,Binders,Corporate,2,46.93,3.1,0.2,2023-01-01,0.06605582782868101
2023-09-19,North America,Technology,Copiers,Corporate,2,377.43,115.51,0.0,2023-09-01,0.3060435047558488
2023-08-22,North America,Furniture,Bookcases,Home Office,1,277.78,76.04,0.0,2023-08-01,0.2737418100655195
2024-08-13,North America,Technology,Phones,Consumer,4,2254.04,-66.52,0.15,2024-08-01,-0.029511454987489128
2023-10-13,North America,Technology,Machines,Home Office,1,5.0,1.22,0.0,2023-10-01,0.244
2023-12-26,North America,Furniture,Bookcases,Home Office,1,112.36,7.17,0.15,2023-12-01,0.063812744749021
2023-06-22,Asia Pacific,Office Supplies,Binders,Consumer,1,38.03,6.97,0.15,2023-06-01,0.18327636076781487
2024-12-08,Europe,Furniture,Chairs,Consumer,2,540.39,24.97,0.1,2024-12-01,0.046207368752197484
2024-09-05,North America,Office Supplies,Binders,Consumer,3,64.24,20.66,0.0,2024-09-01,0.32160647571606477
2023-08-27,Asia Pacific,Technology,Machines,Corporate,5,1818.37,412.76,0.0,2023-08-01,0.2269945060686219
2023-03-21,Europe,Office Supplies,Binders,Consumer,3,113.9,45.34,0.0,2023-03-01,0.3980684811237928
2023-02-16,Europe,Office Supplies,Art,Consumer,3,94.77,42.27,0.0,2023-02-01,0.44602722380500165
2024-01-21,Europe,Office Supplies,Binders,Corporate,5,24.44,2.74,0.15,2024-01-01,0.11211129296235679
2023-10-10,Asia Pacific,Technology,Phones,Corporate,4,1563.96,-43.41,0.2,2023-10-01,-0.02775646435970229
2023-01-03,Asia Pacific,Furniture,Chairs,Home Office,3,348.52,-47.02,0.15,2023-01-01,-0.13491334787099737
2023-08-08,Europe,Technology,Machines,Consumer,2,773.88,179.29,0.0,2023-08-01,0.23167674574869487
2024-10-05,Europe,Office Supplies,Paper,Corporate,1,19.01,6.81,0.0,2024-10-01,0.35823250920568117
2023-12-19,Asia Pacific,Furniture,Furnishings,Consumer,1,297.45,70.07,0.0,2023-12-01,0.23556900319381407
2023-05-12,North America,Furniture,Tables,Consumer,5,1172.4,242.15,0.0,2023-05-01,0.2065421357898328
2023-09-17,Latin America,Furniture,Chairs,Home Office,3,650.33,67.39,0.0,2023-09-01,0.10362431380991188
2023-07-09,Asia Pacific,Office Supplies,Binders,Home Office,2,126.48,53.38,0.0,2023-07-01,0.4220430107526882
2024-07-05,North America,Furniture,Chairs,Consumer,3,884.89,147.97,0.0,2024-07-01,0.1672185243363582
2023-05-06,Middle East & Africa,Office Supplies,Paper,Consumer,5,301.4,139.44,0.0,2023-05-01,0.4626410086264101
2023-09-16,Middle East & Africa,Technology,Copiers,Consumer,3,1105.99,130.56,0.1,2023-09-01,0.11804808361739257
2024-09-04,Middle East & Africa,Furniture,Tables,Consumer,1,170.21,-71.89,0.4,2024-09-01,-0.4223606133599671
2024-03-31,Middle East & Africa,Office Supplies,Storage,Consumer,1,42.31,16.97,0.0,2024-03-01,0.40108721342472226
2023-06-06,Latin America,Office Supplies,Binders,Consumer,4,189.88,46.21,0.1,2023-06-01,0.24336423004002528
2023-11-29,Asia Pacific,Office Supplies,Art,Corporate,3,191.18,39.15,0.1,2023-11-01,0.20478083481535725
2023-07-12,North America,Technology,Accessories,Home Office,2,1059.71,236.58,0.0,2023-07-01,0.22324975700899302
2024-12-05,Asia Pacific,Technology,Phones,Consumer,5,3068.89,742.3,0.0,2024-12-01,0.24187898556155482
2023-04-02,Latin America,Office Supplies,Art,Consumer,2,118.44,26.28,0.1,2023-04-01,0.22188449848024316
2024-06-05,Europe,Technology,Phones,Corporate,4,2580.09,-49.13,0.15,2024-06-01,-0.019041971404098308
2024-07-16,Asia Pacific,Technology,Copiers,Consumer,3,984.02,291.83,0.0,2024-07-01,0.2965691754232637
2023-07-16,Asia Pacific,Technology,Machines,Corporate,5,1135.08,384.13,0.0,2023-07-01,0.3384166754766184
2024-04-07,North America,Office Supplies,Paper,Corporate,3,118.3,-49.77,0.5,2024-04-01,-0.42071005917159765
2023-11-04,Europe,Office Supplies,Binders,Consumer,2,58.63,23.72,0.0,2023-11-01,0.40457103871738015
2023-12-05,Europe,Office Supplies,Paper,Home Office,2,144.49,44.81,0.0,2023-12-01,0.31012526818464947
2024-07-24,Latin America,Office Supplies,Binders,Corporate,3,35.1,-11.34,0.4,2024-07-01,-0.32307692307692304
2023-11-28,Middle East & Africa,Furniture,Bookcases,Home Office,2,501.59,130.14,0.0,2023-11-01,0.2594549333120676
2024-07-23,Europe,Technology,Phones,Consumer,1,372.94,88.0,0.0,2024-07-01,0.23596288947283744
2023-03-13,Middle East & Africa,Technology,Machines,Home Office,3,1429.23,329.43,0.0,2023-03-01,0.23049474192397304
2023-09-20,Europe,Technology,Machines,Corporate,1,425.15,35.86,0.1,2023-09-01,0.08434670116429496
2023-11-12,Latin America,Office Supplies,Binders,Consumer,3,181.05,33.11,0.15,2023-11-01,0.1828776581054957
2024-08-17,North America,Office Supplies,Storage,Consumer,1,47.11,7.75,0.1,2024-08-01,0.1645085969008703
2023-11-03,Europe,Technology,Copiers,Home Office,3,611.71,190.66,0.0,2023-11-01,0.31168364094096873
2024-09-18,North America,Office Supplies,Art,Corporate,4,208.09,41.49,0.15,2024-09-01,0.19938488154164064
2024-05-12,Europe,Technology,Machines,Consumer,4,1587.68,-559.58,0.4,2024-05-01,-0.35245137559205886
2024-01-24,North America,Furniture,Chairs,Consumer,2,665.7,215.24,0.0,2024-01-01,0.3233288267988583
2023-01-22,North America,Office Supplies,Paper,Consumer,2,89.84,31.57,0.0,2023-01-01,0.35140249332146034
2023-05-20,North America,Technology,Accessories,Home Office,1,446.55,137.56,0.0,2023-05-01,0.30805061023401636
2023-08-25,North America,Office Supplies,Binders,Consumer,2,55.07,6.18,0.15,2023-08-01,0.11222080987833666
2024-10-29,Europe,Furniture,Furnishings,Home Office,3,1161.25,165.55,0.0,2024-10-01,0.14256189451022605
2023-08-25,Middle East & Africa,Technology,Copiers,Consumer,4,1899.3,576.18,0.0,2023-08-01,0.30336439740957194
2024-06-23,North America,Furniture,Tables,Consumer,2,725.22,-0.29,0.15,2024-06-01,-0.00039987865751082427
2024-06-18,Asia Pacific,Office Supplies,Paper,Corporate,2,60.86,8.32,0.15,2024-06-01,0.13670719684521854
2024-01-08,North America,Office Supplies,Storage,Consumer,4,216.04,78.27,0.0,2024-01-01,0.36229401962599517
2024-09-08,North America,Furniture,Tables,Corporate,2,453.48,93.75,0.0,2024-09-01,0.20673458586927757
2023-01-05,Europe,Office Supplies,Art,Consumer,5,177.42,38.08,0.1,2023-01-01,0.21463194679292075
2023-07-28,Europe,Furniture,Tables,Consumer,3,687.19,-98.71,0.2,2023-07-01,-0.1436429517309623
2024-11-18,North America,Furniture,Tables,Consumer,2,789.65,-10.32,0.15,2024-11-01,-0.013069081238523397
2024-03-11,Asia Pacific,Technology,Phones,Consumer,3,446.1,123.15,0.0,2024-03-01,0.27605917955615333
2023-03-21,Asia Pacific,Technology,Accessories,Consumer,2,712.25,202.08,0.0,2023-03-01,0.28372060372060376
2023-11-24,Latin America,Furniture,Chairs,Consumer,5,1586.26,112.65,0.1,2023-11-01,0.07101610076532221
2024-07-06,North America,Office Supplies,Binders,Home Office,4,153.65,39.63,0.1,2024-07-01,0.2579238529124634
2024-07-30,Asia Pacific,Furniture,Furnishings,Corporate,2,556.61,-44.79,0.15,2024-07-01,-0.0804692693268177
2023-11-12,North America,Office Supplies,Art,Home Office,2,134.65,60.45,0.0,2023-11-01,0.44894170070553285
2023-02-04,North America,Office Supplies,Binders,Consumer,1,46.79,5.85,0.15,2023-02-01,0.12502671511006624
2024-01-28,Asia Pacific,Furniture,Tables,Corporate,5,1864.86,214.91,0.0,2024-01-01,0.11524189483392856
2023-06-24,Latin America,Furniture,Chairs,Consumer,2,720.78,168.8,0.0,2023-06-01,0.23419073781181501
2023-10-06,Europe,Office Supplies,Art,Consumer,1,31.37,14.27,0.0,2023-10-01,0.45489321007331845
2023-05-21,North America,Technology,Accessories,Consumer,2,599.08,29.35,0.15,2023-05-01,0.04899178740735795
2024-06-06,North America,Furniture,Tables,Consumer,3,776.43,138.31,0.0,2024-06-01,0.17813582679700682
2024-07-18,Asia Pacific,Technology,Copiers,Consumer,3,2298.69,-922.97,0.4,2024-07-01,-0.4015199961717326
2023-07-29,North America,Office Supplies,Storage,Home Office,1,46.55,10.84,0.15,2023-07-01,0.23286788399570355
2023-05-21,North America,Technology,Copiers,Consumer,1,420.54,104.25,0.0,2023-05-01,0.24789556284776715
2023-09-22,Middle East & Africa,Office Supplies,Storage,Consumer,4,140.25,57.85,0.0,2023-09-01,0.4124777183600713
2023-07-10,Middle East & Africa,Furniture,Chairs,Corporate,4,1343.71,67.29,0.1,2023-07-01,0.05007776975686718
2024-09-02,North America,Office Supplies,Storage,Home Office,1,52.17,16.49,0.0,2024-09-01,0.31608203948629476
2024-04-04,Europe,Technology,Machines,Consumer,4,1289.35,354.84,0.0,2024-04-01,0.27520843836041414
2023-02-06,North America,Office Supplies,Storage,Corporate,4,98.83,6.24,0.15,2023-02-01,0.06313872305979966
2024-05-19,North America,Technology,Machines,Home Office,3,1228.54,-171.65,0.3,2024-05-01,-0.13971869047812852
2024-07-29,Asia Pacific,Furniture,Tables,Consumer,1,437.95,-173.83,0.4,2024-07-01,-0.3969174563306314
2024-02-14,North America,Technology,Copiers,Home Office,2,577.17,112.73,0.0,2024-02-01,0.19531507181592947
2024-07-07,Latin America,Office Supplies,Storage,Corporate,1,47.18,0.6,0.2,2024-07-01,0.01271725307333616
2024-09-11,Asia Pacific,Office Supplies,Art,Home Office,2,15.78,3.15,0.15,2024-09-01,0.19961977186311788
2024-05-03,Europe,Furniture,Tables,Home Office,2,376.52,65.56,0.0,2024-05-01,0.17412089663231703
2024-10-10,Asia Pacific,Technology,Machines,Corporate,4,1418.27,207.4,0.1,2024-10-01,0.14623449695756097
2024-08-03,Latin America,Technology,Machines,Corporate,2,492.05,118.62,0.0,2024-08-01,0.2410730616807235
2023-01-16,Asia Pacific,Office Supplies,Paper,Consumer,1,63.04,22.24,0.0,2023-01-01,0.35279187817258884
2024-03-30,North America,Furniture,Chairs,Corporate,1,122.31,5.02,0.1,2024-03-01,0.04104325075627503
2024-07-19,Middle East & Africa,Office Supplies,Storage,Corporate,2,146.49,67.13,0.0,2024-07-01,0.45825653628234003
2023-04-06,Asia Pacific,Technology,Phones,Corporate,5,1958.74,-131.58,0.2,2023-04-01,-0.06717583752820691
2024-03-11,North America,Technology,Copiers,Consumer,2,1018.47,136.68,0.1,2024-03-01,0.1342013019529294
2024-02-09,Europe,Office Supplies,Art,Consumer,3,45.34,8.18,0.1,2024-02-01,0.180414644905161
2024-10-25,North America,Technology,Phones,Home Office,4,2264.33,742.47,0.0,2024-10-01,0.3278983187079622
2023-10-08,North America,Office Supplies,Paper,Consumer,5,193.19,66.96,0.0,2023-10-01,0.3466017909829701
2024-12-11,North America,Office Supplies,Art,Corporate,4,461.36,140.6,0.1,2024-12-01,0.304751170452575
2023-11-23,Latin America,Technology,Machines,Corporate,2,684.47,216.74,0.0,2023-11-01,0.3166537613043669
2023-06-02,Asia Pacific,Office Supplies,Storage,Consumer,1,60.26,22.81,0.0,2023-06-01,0.37852638566213076
2023-03-27,Latin America,Furniture,Bookcases,Corporate,3,716.31,93.13,0.1,2023-03-01,0.1300135416230403
2023-06-11,North America,Furniture,Chairs,Home Office,4,1098.89,357.7,0.0,2023-06-01,0.3255102876539053
2023-07-30,North America,Office Supplies,Paper,Consumer,3,100.76,10.78,0.2,2023-07-01,0.10698689956331876
2023-07-06,North America,Technology,Phones,Consumer,4,2039.77,535.05,0.0,2023-07-01,0.2623089858170284
2023-01-29,Europe,Office Supplies,Paper,Home Office,4,150.3,-11.77,0.3,2023-01-01,-0.07831004657351961
2024-01-02,Europe,Office Supplies,Art,Corporate,1,41.54,18.36,0.0,2024-01-01,0.4419836302359172
2024-02-06,North America,Furniture,Chairs,Corporate,2,367.08,25.15,0.1,2024-02-01,0.06851367549308053
2024-04-13,Europe,Office Supplies,Binders,Consumer,2,79.17,10.08,0.15,2024-04-01,0.1273209549071618
2024-06-29,North America,Technology,Accessories,Home Office,1,569.79,147.58,0.0,2024-06-01,0.2590077045929202
2024-09-08,North America,Office Supplies,Binders,Corporate,5,225.96,25.18,0.15,2024-09-01,0.11143565232784564
2024-04-18,North America,Furniture,Tables,Consumer,5,742.55,188.17,0.0,2024-04-01,0.2534105447444617
2024-04-18,Middle East & Africa,Furniture,Chairs,Consumer,3,1177.26,287.63,0.0,2024-04-01,0.2443215602330836
2024-06-07,Europe,Office Supplies,Art,Consumer,2,97.4,38.75,0.0,2024-06-01,0.39784394250513344
2024-09-28,North America,Furniture,Chairs,Corporate,3,698.52,-269.22,0.4,2024-09-01,-0.38541487716887135
2024-10-27,Europe,Office Supplies,Binders,Consumer,3,195.03,62.47,0.0,2024-10-01,0.3203096959442137
2023-05-05,Latin America,Technology,Accessories,Home Office,3,1322.77,333.23,0.0,2023-05-01,0.2519183229132805
2024-12-29,Middle East & Africa,Office Supplies,Paper,Consumer,4,156.71,41.41,0.1,2024-12-01,0.264246059600536
2023-05-22,Asia Pacific,Office Supplies,Binders,Home Office,3,142.91,55.82,0.0,2023-05-01,0.3905954796725212
2023-12-12,Europe,Technology,Copiers,Corporate,6,3199.2,-831.94,0.3,2023-12-01,-0.2600462615653914
2024-12-17,Europe,Technology,Phones,Consumer,3,1365.0,-155.33,0.3,2024-12-01,-0.1137948717948718
2023-02-05,North America,Technology,Phones,Consumer,1,405.6,-170.48,0.4,2023-02-01,-0.42031558185404333
2024-02-19,Middle East & Africa,Furniture,Bookcases,Corporate,3,470.44,66.09,0.0,2024-02-01,0.14048550293342404
2023-12-22,North America,Office Supplies,Binders,Corporate,1,52.08,2.61,0.2,2023-12-01,0.05011520737327189
2023-06-10,Europe,Technology,Phones,Home Office,1,516.25,-221.99,0.5,2023-06-01,-0.43000484261501215
2024-05-04,Middle East & Africa,Technology,Copiers,Consumer,1,499.07,174.36,0.0,2024-05-01,0.34936982787985654
2023-10-11,Middle East & Africa,Technology,Phones,Consumer,1,426.52,-132.39,0.4,2023-10-01,-0.3103957610428585
2024-03-29,Middle East & Africa,Furniture,Bookcases,Corporate,3,217.27,36.53,0.0,2024-03-01,0.16813181755419523
2024-12-28,Europe,Office Supplies,Paper,Consumer,1,92.05,40.73,0.0,2024-12-01,0.4424769147202607
2023-06-30,Middle East & Africa,Furniture,Chairs,Consumer,2,379.1,26.45,0.1,2023-06-01,0.06977050910050119
2024-01-03,North America,Furniture,Furnishings,Corporate,2,542.17,-117.7,0.3,2024-01-01,-0.21709058044524782
2023-11-05,Asia Pacific,Furniture,Chairs,Consumer,3,819.29,190.45,0.0,2023-11-01,0.23245737162665234
2023-08-26,North America,Furniture,Bookcases,Corporate,3,363.42,-7.14,0.1,2023-08-01,-0.01964668978041935
2023-04-03,Latin America,Technology,Phones,Home Office,3,1171.63,15.76,0.15,2023-04-01,0.013451345561312018
2023-07-29,Europe,Office Supplies,Binders,Consumer,4,137.71,45.03,0.0,2023-07-01,0.32699150388497566
2023-04-04,Asia Pacific,Office Supplies,Art,Consumer,5,52.28,-5.15,0.3,2023-04-01,-0.09850803366488141
2023-07-22,North America,Technology,Accessories,Consumer,1,767.32,18.7,0.15,2023-07-01,0.024370536412448518
2024-12-21,Latin America,Office Supplies,Paper,Corporate,5,331.17,108.96,0.1,2024-12-01,0.32901530935773166
2023-02-19,Europe,Office Supplies,Binders,Consumer,5,186.22,85.27,0.0,2023-02-01,0.45789925894103745
2023-03-14,North America,Furniture,Tables,Corporate,3,1012.29,14.17,0.15,2023-03-01,0.013997965010026772
2024-06-21,Asia Pacific,Office Supplies,Paper,Corporate,2,97.98,43.67,0.0,2024-06-01,0.44570320473566033
2023-04-04,North America,Office Supplies,Paper,Consumer,4,115.8,2.51,0.2,2023-04-01,0.02167530224525043
2023-01-08,Europe,Technology,Machines,Consumer,5,1768.63,482.25,0.0,2023-01-01,0.2726686757546802
2023-10-03,Europe,Furniture,Bookcases,Corporate,3,446.77,-100.5,0.3,2023-10-01,-0.2249479598003447
2024-04-13,Latin America,Office Supplies,Binders,Corporate,2,127.45,-50.38,0.5,2024-04-01,-0.3952922714790114
2023-10-04,Europe,Office Supplies,Storage,Consumer,1,39.45,-4.44,0.3,2023-10-01,-0.11254752851711027
2023-06-03,North America,Office Supplies,Binders,Consumer,1,52.43,19.82,0.0,2023-06-01,0.37802784665267974
2024-01-01,North America,Technology,Machines,Home Office,1,751.93,244.36,0.0,2024-01-01,0.3249770590347506
2023-08-03,Asia Pacific,Office Supplies,Binders,Corporate,2,72.51,31.54,0.0,2023-08-01,0.43497448627775476
2023-06-23,Asia Pacific,Office Supplies,Storage,Corporate,3,213.94,11.61,0.2,2023-06-01,0.054267551649995326
2024-04-08,Latin America,Technology,Copiers,Consumer,2,589.03,140.4,0.0,2024-04-01,0.2383579783712205
2024-06-20,Europe,Technology,Phones,Consumer,1,489.48,152.25,0.0,2024-06-01,0.3110443736209855
2024-06-01,North America,Office Supplies,Art,Consumer,1,47.01,16.11,0.0,2024-06-01,0.34269304403318446
2023-03-17,Asia Pacific,Furniture,Bookcases,Corporate,1,164.63,-3.37,0.15,2023-03-01,-0.020470145174026608
2023-08-12,North America,Office Supplies,Binders,Consumer,1,31.82,6.15,0.1,2023-08-01,0.19327467001885607
2023-08-13,Europe,Office Supplies,Art,Consumer,2,53.72,16.46,0.0,2023-08-01,0.306403574087863
2024-11-04,Europe,Furniture,Chairs,Corporate,4,1668.56,532.03,0.0,2024-11-01,0.31885577983410845
2023-08-08,North America,Technology,Copiers,Consumer,5,666.45,163.34,0.0,2023-08-01,0.2450896541375947
2023-07-31,North America,Office Supplies,Binders,Corporate,1,63.88,6.67,0.15,2023-07-01,0.10441452723857232
2024-03-22,Latin America,Furniture,Furnishings,Consumer,1,393.67,50.31,0.0,2024-03-01,0.12779739375619173
2024-04-24,Europe,Office Supplies,Paper,Consumer,3,33.12,12.38,0.0,2024-04-01,0.373792270531401
2024-11-20,North America,Furniture,Chairs,Consumer,2,677.11,139.51,0.0,2024-11-01,0.20603742375684894
2024-11-22,North America,Furniture,Tables,Consumer,3,1373.08,254.03,0.0,2024-11-01,0.18500742855478197
2023-03-02,Asia Pacific,Furniture,Chairs,Consumer,2,482.1,88.49,0.0,2023-03-01,0.18355113047085664
2024-08-29,Asia Pacific,Office Supplies,Art,Corporate,2,60.69,10.82,0.1,2024-08-01,0.1782830779370572
2024-06-06,North America,Technology,Machines,Consumer,1,478.72,100.9,0.0,2024-06-01,0.21077038770053477
2023-01-29,Europe,Furniture,Tables,Corporate,3,536.15,61.99,0.1,2023-01-01,0.11562062855544158
2023-03-20,Middle East & Africa,Office Supplies,Paper,Consumer,1,34.59,8.92,0.1,2023-03-01,0.2578779994217982
2023-08-01,Asia Pacific,Furniture,Chairs,Consumer,4,1116.76,308.42,0.0,2023-08-01,0.27617393173107924
2024-10-05,Asia Pacific,Furniture,Tables,Corporate,3,927.23,125.22,0.1,2024-10-01,0.1350473992429063
2023-06-12,North America,Office Supplies,Storage,Consumer,3,139.57,19.62,0.1,2023-06-01,0.1405746220534499
2023-03-13,Asia Pacific,Technology,Copiers,Consumer,4,1545.65,382.78,0.0,2023-03-01,0.24764985604761747
2023-11-14,Asia Pacific,Office Supplies,Paper,Corporate,2,159.87,66.11,0.0,2023-11-01,0.413523487833865
2023-09-23,North America,Office Supplies,Paper,Consumer,3,53.01,20.28,0.0,2023-09-01,0.3825693265421619
2023-02-02,Latin America,Furniture,Furnishings,Corporate,2,120.54,37.42,0.0,2023-02-01,0.31043636966981913
2024-07-24,Latin America,Office Supplies,Paper,Consumer,1,38.98,5.6,0.1,2024-07-01,0.14366341713699332
2024-02-10,North America,Office Supplies,Art,Home Office,4,112.03,-4.07,0.3,2024-02-01,-0.03632955458359368
2023-04-12,Asia Pacific,Furniture,Bookcases,Consumer,3,919.98,175.07,0.0,2023-04-01,0.19029761516554708
2024-05-18,Latin America,Technology,Accessories,Home Office,3,675.12,21.01,0.15,2024-05-01,0.031120393411541655
2023-08-28,Asia Pacific,Technology,Copiers,Consumer,3,849.66,84.14,0.15,2023-08-01,0.09902784643269073
2024-04-30,North America,Office Supplies,Paper,Corporate,2,67.46,20.62,0.0,2024-04-01,0.3056626148828936
2023-04-11,North America,Technology,Machines,Corporate,1,196.59,-6.47,0.2,2023-04-01,-0.03291113484917849
2023-11-28,North America,Office Supplies,Art,Consumer,2,37.87,14.22,0.0,2023-11-01,0.3754951148666491
2024-12-01,North America,Furniture,Bookcases,Corporate,5,1460.56,95.19,0.1,2024-12-01,0.06517363203154955
2023-08-11,Latin America,Office Supplies,Binders,Home Office,6,172.42,14.58,0.2,2023-08-01,0.084560955805591
2023-02-23,North America,Furniture,Tables,Consumer,3,541.91,136.83,0.0,2023-02-01,0.2524958018859221
2023-06-24,North America,Office Supplies,Binders,Consumer,5,102.79,-37.61,0.5,2023-06-01,-0.36589162369880335
2023-03-10,North America,Office Supplies,Binders,Home Office,4,191.44,-18.27,0.3,2023-03-01,-0.09543460091934809
2024-01-22,North America,Technology,Machines,Corporate,4,1735.47,-62.17,0.2,2024-01-01,-0.03582314877237867
2024-01-03,Asia Pacific,Office Supplies,Binders,Consumer,2,45.04,16.79,0.0,2024-01-01,0.3727797513321492
2023-08-11,Middle East & Africa,Furniture,Furnishings,Corporate,6,2997.52,-530.58,0.2,2023-08-01,-0.17700632522885587
2024-01-22,Europe,Technology,Copiers,Consumer,4,1621.06,461.5,0.0,2024-01-01,0.28469026439490214
2024-06-26,Latin America,Furniture,Tables,Home Office,2,627.23,141.14,0.0,2024-06-01,0.22502112462732965
2024-10-29,North America,Furniture,Tables,Consumer,4,1551.14,337.68,0.0,2024-10-01,0.21769795118429025
2023-01-24,Asia Pacific,Office Supplies,Art,Consumer,3,187.02,9.75,0.2,2023-01-01,0.05213346166185434
2024-09-25,Asia Pacific,Technology,Machines,Consumer,5,1379.29,138.14,0.1,2024-09-01,0.10015297725641452
2024-05-04,Latin America,Office Supplies,Storage,Corporate,4,235.59,74.57,0.0,2024-05-01,0.3165244704783734
2024-06-01,North America,Office Supplies,Paper,Corporate,1,69.55,29.68,0.0,2024-06-01,0.4267433501078361
2023-09-06,North America,Technology,Accessories,Consumer,3,1038.68,248.93,0.0,2023-09-01,0.23965995301729118
2024-05-26,Latin America,Office Supplies,Art,Consumer,3,158.01,-30.06,0.3,2024-05-01,-0.19024112397949497
2024-08-16,Asia Pacific,Office Supplies,Paper,Home Office,4,166.76,-25.4,0.3,2024-08-01,-0.1523147037658911
2024-11-02,Middle East & Africa,Office Supplies,Art,Consumer,3,132.81,-10.52,0.3,2024-11-01,-0.07921090279346435
2024-09-04,Latin America,Office Supplies,Paper,Consumer,3,88.29,6.89,0.2,2024-09-01,0.07803828293124929
2024-06-04,Asia Pacific,Furniture,Tables,Corporate,1,252.88,-22.61,0.2,2024-06-01,-0.08940999683644417
2024-06-22,Europe,Technology,Copiers,Corporate,2,1055.84,9.91,0.1,2024-06-01,0.00938589180178815
2023-10-28,Asia Pacific,Office Supplies,Art,Home Office,2,80.99,-9.14,0.3,2023-10-01,-0.11285343869613534
2024-05-10,North America,Technology,Machines,Consumer,2,1222.19,216.54,0.0,2024-05-01,0.17717376185372158
2023-10-25,Asia Pacific,Office Supplies,Storage,Corporate,4,180.35,61.26,0.0,2023-10-01,0.339672858331023
2023-09-14,Middle East & Africa,Furniture,Furnishings,Consumer,3,391.93,79.53,0.0,2023-09-01,0.20291888857704182
2024-12-03,North America,Furniture,Chairs,Corporate,4,1784.82,323.23,0.0,2024-12-01,0.18109949462690916
2023-01-22,Europe,Office Supplies,Storage,Corporate,3,63.6,11.74,0.15,2023-01-01,0.18459119496855345
2024-08-08,Europe,Office Supplies,Art,Corporate,4,188.51,64.57,0.0,2024-08-01,0.34252824783831093
2023-06-18,Latin America,Office Supplies,Paper,Home Office,4,230.62,64.67,0.0,2023-06-01,0.2804180036423554
2023-07-21,Latin America,Office Supplies,Binders,Corporate,3,99.64,18.0,0.15,2023-07-01,0.18065034122842233
2024-09-21,North America,Technology,Accessories,Home Office,3,395.55,23.1,0.1,2024-09-01,0.0583996966249526
2023-08-15,Europe,Office Supplies,Art,Consumer,1,15.79,-2.07,0.3,2023-08-01,-0.1310956301456618
2024-01-16,Asia Pacific,Office Supplies,Binders,Corporate,2,88.96,28.76,0.0,2024-01-01,0.32329136690647486
2024-04-14,Asia Pacific,Technology,Accessories,Home Office,3,1350.95,306.18,0.0,2024-04-01,0.22664051223213294
2023-12-25,Europe,Furniture,Tables,Home Office,4,2337.94,653.27,0.0,2023-12-01,0.27942119985970554
2024-12-24,Latin America,Office Supplies,Art,Home Office,3,150.53,24.08,0.1,2024-12-01,0.15996811266857103
2024-12-24,North America,Technology,Phones,Corporate,1,734.55,118.41,0.0,2024-12-01,0.1612007351439657
2024-04-21,North America,Office Supplies,Storage,Consumer,5,212.19,82.69,0.0,2024-04-01,0.38969791224845657
2023-09-15,Latin America,Furniture,Furnishings,Corporate,3,808.95,29.16,0.15,2023-09-01,0.03604672723901353
2024-07-13,North America,Furniture,Tables,Corporate,3,485.76,118.2,0.0,2024-07-01,0.2433300395256917
2024-05-26,Middle East & Africa,Furniture,Furnishings,Home Office,4,1096.06,312.21,0.0,2024-05-01,0.28484754484243563
2024-01-20,Middle East & Africa,Technology,Machines,Home Office,1,380.03,84.5,0.0,2024-01-01,0.2223508670368129
2023-10-26,Asia Pacific,Technology,Phones,Home Office,1,232.34,15.89,0.1,2023-10-01,0.06839115089954377
2024-01-13,North America,Furniture,Chairs,Corporate,2,191.89,-80.98,0.4,2024-01-01,-0.42201261139194335
2024-11-07,Middle East & Africa,Office Supplies,Storage,Consumer,3,214.59,82.7,0.0,2024-11-01,0.385386085092502
2023-02-11,North America,Furniture,Furnishings,Home Office,5,1022.8,280.96,0.0,2023-02-01,0.2746969104419241
2023-11-13,North America,Office Supplies,Binders,Corporate,4,118.64,48.37,0.0,2023-11-01,0.4077039784221173
2024-04-26,Asia Pacific,Technology,Accessories,Consumer,3,761.52,194.22,0.0,2024-04-01,0.2550425464859754
2024-02-06,Europe,Office Supplies,Storage,Consumer,2,65.78,29.94,0.0,2024-02-01,0.45515354211006387
2023-09-13,North America,Office Supplies,Binders,Consumer,3,119.68,45.53,0.0,2023-09-01,0.3804311497326203
2023-10-21,North America,Furniture,Furnishings,Consumer,5,304.57,-2.82,0.1,2023-10-01,-0.009258955248382966
2023-06-11,Asia Pacific,Technology,Copiers,Consumer,3,505.34,48.12,0.15,2023-06-01,0.09522301816598726
2024-04-15,North America,Furniture,Tables,Consumer,1,217.43,60.36,0.0,2024-04-01,0.27760658602768706
2024-11-05,Asia Pacific,Furniture,Furnishings,Corporate,1,406.11,-66.7,0.2,2024-11-01,-0.16424121543424194
2024-01-15,Latin America,Furniture,Tables,Home Office,4,1487.35,42.67,0.15,2024-01-01,0.02868860725451306
2023-07-28,North America,Furniture,Furnishings,Consumer,2,931.58,187.41,0.0,2023-07-01,0.2011743489555379
2024-04-17,Europe,Office Supplies,Paper,Consumer,5,291.97,107.69,0.0,2024-04-01,0.3688392643079768
2024-07-04,North America,Office Supplies,Paper,Corporate,1,52.7,1.17,0.2,2024-07-01,0.022201138519924096
2023-01-26,Europe,Technology,Machines,Corporate,1,325.5,98.68,0.0,2023-01-01,0.30316436251920126
2024-12-21,Asia Pacific,Office Supplies,Paper,Consumer,3,129.84,54.18,0.0,2024-12-01,0.41728280961182995
2024-08-06,Asia Pacific,Office Supplies,Binders,Consumer,4,167.29,64.05,0.0,2024-08-01,0.3828680734054636
2023-10-27,Europe,Furniture,Tables,Corporate,1,255.54,60.19,0.0,2023-10-01,0.2355404241997339
2024-12-22,Middle East & Africa,Office Supplies,Paper,Consumer,1,104.82,42.54,0.0,2024-12-01,0.4058385804235833
2024-12-22,Middle East & Africa,Office Supplies,Binders,Corporate,3,143.29,50.66,0.0,2024-12-01,0.353548747295694
2023-11-14,Asia Pacific,Furniture,Chairs,Corporate,2,355.37,-94.3,0.3,2023-11-01,-0.26535723330613165
2023-03-19,North America,Office Supplies,Art,Corporate,3,200.06,62.37,0.0,2023-03-01,0.3117564730580826
2024-12-15,North America,Furniture,Tables,Corporate,1,457.25,89.31,0.0,2024-12-01,0.19531984691088028
2023-07-16,North America,Furniture,Bookcases,Consumer,3,637.28,147.2,0.0,2023-07-01,0.2309816721064524
2024-04-04,North America,Office Supplies,Paper,Home Office,3,52.07,7.06,0.15,2024-04-01,0.13558671019781063
2024-08-21,Latin America,Office Supplies,Art,Consumer,3,151.24,49.17,0.0,2024-08-01,0.3251124041258926
2024-05-09,Europe,Furniture,Furnishings,Consumer,4,1488.44,80.81,0.15,2024-05-01,0.054291741689285425
2023-02-10,Europe,Technology,Accessories,Consumer,2,527.98,29.42,0.15,2023-02-01,0.055721807644228946
2024-06-20,Europe,Technology,Machines,Consumer,2,1197.26,-86.24,0.2,2024-06-01,-0.07203113776456241
2024-02-08,North America,Technology,Phones,Corporate,5,1907.63,187.81,0.15,2024-02-01,0.09845200589212792
2024-07-13,Europe,Technology,Machines,Consumer,1,249.67,-3.17,0.15,2024-07-01,-0.012696759722834142
2024-04-11,North America,Office Supplies,Art,Consumer,1,44.13,18.7,0.0,2024-04-01,0.4237480172218445
2023-09-24,North America,Office Supplies,Paper,Corporate,3,110.5,4.67,0.2,2023-09-01,0.04226244343891403
2024-09-30,Asia Pacific,Office Supplies,Binders,Consumer,4,168.39,30.33,0.15,2024-09-01,0.18011758417958312
2024-12-31,North America,Furniture,Bookcases,Corporate,2,709.09,114.06,0.1,2024-12-01,0.16085405237699021
2024-01-22,Europe,Furniture,Furnishings,Home Office,3,776.32,131.16,0.0,2024-01-01,0.16895094806265457
2024-12-24,North America,Furniture,Chairs,Corporate,4,1439.25,395.3,0.0,2024-12-01,0.27465693937814833
2023-02-11,Asia Pacific,Furniture,Furnishings,Home Office,7,1397.41,-854.31,0.5,2023-02-01,-0.6113524305679793
2023-07-30,Asia Pacific,Office Supplies,Binders,Home Office,1,39.42,3.68,0.2,2023-07-01,0.09335362760020294
2024-03-21,Europe,Furniture,Bookcases,Consumer,1,169.89,3.6,0.1,2024-03-01,0.021190181882394493
2023-12-05,Asia Pacific,Technology,Accessories,Corporate,4,2425.3,-138.87,0.2,2023-12-01,-0.057258895806704325
2024-09-13,North America,Office Supplies,Storage,Consumer,2,92.5,9.18,0.2,2024-09-01,0.09924324324324324
2023-09-30,North America,Office Supplies,Binders,Corporate,4,101.59,1.74,0.2,2023-09-01,0.017127670046264396
2023-01-31,Europe,Technology,Accessories,Consumer,4,337.38,3.52,0.15,2023-01-01,0.010433339261367004
2023-06-12,North America,Office Supplies,Art,Consumer,1,31.91,11.48,0.0,2023-06-01,0.35976183014728924
2023-03-08,Europe,Furniture,Tables,Corporate,3,1067.35,222.22,0.0,2023-03-01,0.20819787323745728
2024-01-11,Europe,Technology,Copiers,Consumer,5,3237.49,447.33,0.1,2024-01-01,0.13817185535708218
2023-04-21,Asia Pacific,Technology,Machines,Consumer,2,204.89,36.62,0.0,2023-04-01,0.17873005027087704
2024-09-13,Europe,Office Supplies,Binders,Consumer,2,58.54,11.11,0.1,2024-09-01,0.1897847625555176
2024-12-09,North America,Office Supplies,Storage,Home Office,4,89.56,-27.88,0.4,2024-12-01,-0.31129968736042873
2024-04-17,North America,Furniture,Chairs,Corporate,1,107.22,0.4,0.15,2024-04-01,0.003730647267300877
2024-11-28,North America,Furniture,Bookcases,Corporate,3,1086.26,219.12,0.0,2024-11-01,0.20171966195938357
2023-02-09,Asia Pacific,Technology,Machines,Consumer,5,2199.51,441.12,0.0,2023-02-01,0.2005537597010243
2023-08-25,North America,Furniture,Furnishings,Home Office,1,127.96,32.05,0.0,2023-08-01,0.2504688965301657
2024-09-05,North America,Office Supplies,Paper,Consumer,5,142.91,21.16,0.15,2024-09-01,0.14806521587012805
2023-09-07,Asia Pacific,Office Supplies,Binders,Consumer,1,31.69,12.17,0.0,2023-09-01,0.3840328179236352
2023-12-30,Europe,Technology,Machines,Consumer,1,782.35,-289.39,0.4,2023-12-01,-0.3698983830766281
2024-08-22,Europe,Technology,Copiers,Corporate,3,1351.87,372.66,0.0,2024-08-01,0.27566260069385373
2024-05-24,Asia Pacific,Furniture,Tables,Corporate,3,1116.72,281.69,0.0,2024-05-01,0.25224765384339853
2024-12-30,North America,Furniture,Chairs,Consumer,2,1169.32,-228.28,0.3,2024-12-01,-0.1952245749666473
2023-01-16,Asia Pacific,Furniture,Furnishings,Consumer,2,731.41,6.24,0.1,2023-01-01,0.00853146661926963
2024-03-25,North America,Technology,Accessories,Consumer,1,253.07,-140.27,0.5,2024-03-01,-0.5542735211601534
2023-06-14,Europe,Office Supplies,Paper,Consumer,2,47.82,12.48,0.1,2023-06-01,0.26097867001254704
2023-12-27,North America,Office Supplies,Art,Consumer,2,52.31,19.63,0.0,2023-12-01,0.37526285605046833
2023-10-02,North America,Furniture,Bookcases,Consumer,4,874.0,245.9,0.0,2023-10-01,0.281350114416476
2023-04-20,North America,Technology,Machines,Consumer,1,131.19,28.5,0.0,2023-04-01,0.21724216784815917
2024-11-17,North America,Office Supplies,Binders,Consumer,2,100.18,-28.93,0.4,2024-11-01,-0.28878019564783386
2024-04-14,Asia Pacific,Office Supplies,Storage,Consumer,1,15.04,2.1,0.15,2024-04-01,0.1396276595744681
2023-03-22,Europe,Furniture,Bookcases,Home Office,4,749.51,152.16,0.0,2023-03-01,0.20301263492148203
2023-07-17,Europe,Office Supplies,Art,Corporate,1,48.57,19.77,0.0,2023-07-01,0.407041383570105
2024-07-17,North America,Technology,Machines,Consumer,2,1270.67,296.43,0.0,2024-07-01,0.2332863764785507
2024-04-23,North America,Furniture,Bookcases,Corporate,4,524.13,-335.33,0.5,2024-04-01,-0.6397840230477172
2023-10-02,North America,Technology,Machines,Corporate,5,2023.9,-406.2,0.3,2023-10-01,-0.2007016156924749
2023-04-19,Latin America,Office Supplies,Storage,Home Office,1,20.19,7.71,0.0,2023-04-01,0.3818722139673105
2023-03-16,Asia Pacific,Office Supplies,Storage,Consumer,3,14.55,2.86,0.2,2023-03-01,0.1965635738831615
2024-10-03,Latin America,Technology,Machines,Corporate,5,1669.42,472.79,0.0,2024-10-01,0.2832061434510189
2024-06-29,Asia Pacific,Technology,Machines,Home Office,2,1121.85,298.06,0.0,2024-06-01,0.2656861434238089
2024-09-12,Asia Pacific,Office Supplies,Binders,Consumer,2,98.68,38.25,0.0,2024-09-01,0.38761653830563436
2024-12-15,Europe,Technology,Phones,Consumer,4,992.63,-84.3,0.2,2024-12-01,-0.08492590391183019
2024-04-28,Middle East & Africa,Furniture,Furnishings,Consumer,2,460.22,-83.24,0.2,2024-04-01,-0.18087001868671504
2023-02-06,North America,Furniture,Bookcases,Consumer,1,233.2,50.13,0.0,2023-02-01,0.21496569468267585
2023-03-18,North America,Technology,Accessories,Home Office,4,649.22,190.33,0.0,2023-03-01,0.2931671852376698
2024-04-24,Asia Pacific,Furniture,Furnishings,Consumer,1,193.64,56.96,0.0,2024-04-01,0.2941541003924809
2024-09-08,Middle East & Africa,Office Supplies,Binders,Consumer,1,33.76,6.63,0.1,2024-09-01,0.1963862559241706
2024-04-16,North America,Technology,Accessories,Home Office,1,577.94,188.29,0.0,2024-04-01,0.3257950652316849
2023-12-20,Latin America,Office Supplies,Binders,Consumer,3,21.42,5.53,0.1,2023-12-01,0.25816993464052285
2023-02-08,Europe,Technology,Copiers,Home Office,3,1270.45,-483.81,0.4,2023-02-01,-0.38081782045731827
2024-02-24,Asia Pacific,Furniture,Tables,Consumer,2,411.83,37.81,0.1,2024-02-01,0.09180972731466869
2024-07-25,North America,Office Supplies,Art,Consumer,1,30.5,10.94,0.0,2024-07-01,0.3586885245901639
2024-12-16,North America,Technology,Accessories,Consumer,2,1433.91,156.65,0.1,2024-12-01,0.10924674491425543
2024-07-11,Asia Pacific,Office Supplies,Art,Home Office,2,119.47,53.96,0.0,2024-07-01,0.4516615049803298
2024-11-09,Latin America,Furniture,Bookcases,Consumer,3,1551.19,386.22,0.0,2024-11-01,0.24898303882825445
2023-12-02,Middle East & Africa,Technology,Copiers,Corporate,3,995.16,-28.14,0.15,2023-12-01,-0.028276860002411672
2023-08-31,Latin America,Furniture,Furnishings,Consumer,6,1165.86,65.08,0.1,2023-08-01,0.055821453690837665
2024-09-29,Europe,Office Supplies,Paper,Home Office,2,52.66,17.83,0.0,2024-09-01,0.3385871629320167
2024-02-02,North America,Technology,Phones,Consumer,1,291.97,-166.4,0.5,2024-02-01,-0.56992156728431
2024-05-08,Latin America,Technology,Copiers,Corporate,3,910.82,-36.88,0.15,2024-05-01,-0.04049098614435344
2023-03-02,Asia Pacific,Technology,Accessories,Consumer,5,1167.26,183.1,0.0,2023-03-01,0.15686308106163152
2024-04-27,North America,Technology,Machines,Consumer,3,883.24,-481.38,0.5,2024-04-01,-0.545016077170418
2024-11-10,Europe,Office Supplies,Art,Consumer,2,113.57,21.68,0.15,2024-11-01,0.19089548296204983
2024-07-31,Europe,Technology,Accessories,Corporate,4,1649.2,145.43,0.1,2024-07-01,0.08818214892068882
2024-01-28,Latin America,Office Supplies,Paper,Consumer,3,91.59,26.84,0.0,2024-01-01,0.29304509225898023
2023-09-26,Asia Pacific,Office Supplies,Binders,Corporate,2,81.17,10.18,0.2,2023-09-01,0.12541579401256622
2023-02-23,North America,Technology,Copiers,Home Office,5,1874.55,418.22,0.0,2023-02-01,0.22310421167746927
2024-10-22,Europe,Office Supplies,Storage,Consumer,1,36.64,-2.31,0.2,2024-10-01,-0.06304585152838428
2024-01-31,Europe,Office Supplies,Storage,Consumer,3,125.91,-45.1,0.5,2024-01-01,-0.3581923596219522
2023-07-29,North America,Office Supplies,Storage,Corporate,5,143.42,10.54,0.2,2023-07-01,0.07349044763631293
2024-09-21,Latin America,Office Supplies,Paper,Home Office,4,123.59,-53.21,0.5,2024-09-01,-0.4305364511691884
2024-09-15,North America,Technology,Machines,Consumer,6,2587.94,237.97,0.1,2024-09-01,0.09195344559765682
2024-04-18,Europe,Office Supplies,Paper,Corporate,1,30.05,2.56,0.2,2024-04-01,0.08519134775374376
2023-02-24,Europe,Technology,Accessories,Corporate,4,1569.16,607.94,0.0,2023-02-01,0.3874302174411787
2023-06-08,Europe,Office Supplies,Binders,Consumer,4,120.46,48.89,0.0,2023-06-01,0.40586086667773535
2023-01-25,Asia Pacific,Technology,Accessories,Home Office,1,363.39,124.81,0.0,2023-01-01,0.34346019428162583
2023-03-31,North America,Office Supplies,Art,Consumer,3,89.17,6.57,0.15,2023-03-01,0.07367948861724795
2024-11-10,North America,Technology,Phones,Consumer,3,591.12,90.95,0.0,2024-11-01,0.15386046826363514
2023-06-18,Latin America,Furniture,Furnishings,Home Office,4,973.79,166.79,0.0,2023-06-01,0.17127922858111091
2024-10-06,Europe,Office Supplies,Art,Consumer,3,144.7,58.28,0.0,2024-10-01,0.4027643400138217
2023-08-27,North America,Office Supplies,Storage,Consumer,2,66.74,22.06,0.0,2023-08-01,0.33053640994905603
2024-08-31,Europe,Technology,Machines,Home Office,3,817.53,66.92,0.1,2024-08-01,0.08185632331535235
2023-07-06,North America,Office Supplies,Art,Home Office,1,44.72,3.47,0.2,2023-07-01,0.07759391771019679
2023-11-13,North America,Technology,Copiers,Consumer,2,1283.51,247.12,0.1,2023-11-01,0.1925345342069793
2024-01-09,Middle East & Africa,Technology,Machines,Corporate,4,1917.14,398.97,0.0,2024-01-01,0.2081068675214121
2023-01-14,North America,Office Supplies,Paper,Corporate,3,56.38,14.65,0.15,2023-01-01,0.25984391628236964
2023-11-20,Latin America,Office Supplies,Paper,Consumer,2,14.28,2.8,0.1,2023-11-01,0.19607843137254902
2024-10-22,Europe,Office Supplies,Art,Corporate,1,36.14,1.97,0.2,2024-10-01,0.05451023796347537
2023-02-26,Asia Pacific,Technology,Phones,Consumer,3,657.56,-38.93,0.2,2023-02-01,-0.059203722854188214
2024-03-02,Asia Pacific,Office Supplies,Storage,Home Office,3,81.46,29.32,0.0,2024-03-01,0.3599312546034864
2024-12-04,North America,Furniture,Tables,Consumer,4,728.03,182.26,0.0,2024-12-01,0.2503468263670453
2023-01-06,North America,Office Supplies,Paper,Home Office,6,318.22,50.58,0.15,2023-01-01,0.1589466406888316
2024-07-18,Europe,Furniture,Bookcases,Home Office,2,481.53,16.77,0.15,2024-07-01,0.03482649056133574
2024-10-08,North America,Furniture,Furnishings,Corporate,2,873.97,182.62,0.0,2024-10-01,0.20895454077371076
2024-06-27,Asia Pacific,Technology,Copiers,Home Office,4,1226.79,316.47,0.0,2024-06-01,0.25796591103611866
2024-08-28,Latin America,Furniture,Furnishings,Home Office,3,557.6,-49.71,0.2,2024-08-01,-0.08914992826398851
2024-03-11,North America,Technology,Accessories,Consumer,2,640.81,175.18,0.0,2024-03-01,0.2733727625973378
2024-04-29,North America,Furniture,Chairs,Home Office,4,482.47,-27.75,0.15,2024-04-01,-0.05751652952515182
2023-08-18,North America,Furniture,Tables,Consumer,3,1009.04,-113.37,0.2,2023-08-01,-0.11235431697455008
2023-08-24,North America,Technology,Copiers,Consumer,3,1173.3,-69.33,0.1,2023-08-01,-0.05908974686780875
2023-06-12,Europe,Technology,Accessories,Consumer,2,1127.14,294.32,0.0,2023-06-01,0.2611210674805259
2024-09-01,Europe,Furniture,Chairs,Corporate,4,668.84,75.34,0.1,2024-09-01,0.1126427845224568
2023-02-09,Europe,Technology,Phones,Consumer,2,863.6,181.6,0.0,2023-02-01,0.21028253821213524
2024-12-04,North America,Office Supplies,Art,Consumer,1,63.62,5.56,0.2,2024-12-01,0.08739390128890286
2024-08-09,Asia Pacific,Office Supplies,Storage,Home Office,1,23.6,8.05,0.0,2024-08-01,0.34110169491525427
2024-12-02,Latin America,Office Supplies,Storage,Home Office,4,156.93,12.56,0.2,2024-12-01,0.0800356847001848
2023-11-12,Middle East & Africa,Office Supplies,Binders,Corporate,4,361.89,162.39,0.0,2023-11-01,0.4487275138854348
2024-11-14,Latin America,Office Supplies,Storage,Corporate,4,294.1,81.91,0.0,2024-11-01,0.27851071064263855
2024-08-08,North America,Technology,Accessories,Consumer,1,527.43,-161.48,0.4,2024-08-01,-0.3061638511271638
2023-05-13,Europe,Office Supplies,Storage,Consumer,4,207.34,39.26,0.1,2023-05-01,0.1893508247323237
2024-08-13,North America,Furniture,Tables,Corporate,1,232.04,50.89,0.0,2024-08-01,0.21931563523530426
2023-07-23,Asia Pacific,Office Supplies,Storage,Home Office,1,17.6,0.67,0.2,2023-07-01,0.03806818181818182
2023-12-26,North America,Office Supplies,Paper,Consumer,3,141.32,51.54,0.0,2023-12-01,0.36470421737899805
2023-02-19,North America,Office Supplies,Art,Consumer,1,44.61,5.03,0.15,2023-02-01,0.1127549876709258
2024-07-06,Latin America,Technology,Copiers,Consumer,4,707.25,104.42,0.1,2024-07-01,0.14764227642276423
2024-06-27,Asia Pacific,Office Supplies,Storage,Consumer,1,27.46,1.18,0.2,2024-06-01,0.04297159504734158
2023-03-19,Asia Pacific,Technology,Copiers,Home Office,3,1284.48,49.03,0.15,2023-03-01,0.03817108868958645
2023-11-05,Asia Pacific,Technology,Phones,Consumer,3,2617.0,559.59,0.0,2023-11-01,0.2138288116163546
2024-06-07,North America,Furniture,Chairs,Consumer,2,731.55,171.27,0.0,2024-06-01,0.23411933565716633
2024-07-16,Europe,Technology,Machines,Consumer,1,225.62,-18.94,0.2,2024-07-01,-0.08394645864728305
2024-09-11,Asia Pacific,Furniture,Chairs,Home Office,2,465.12,147.27,0.0,2024-09-01,0.3166279669762642
2023-11-27,Europe,Office Supplies,Art,Consumer,5,248.27,54.98,0.1,2023-11-01,0.22145245096064767
2023-04-25,Europe,Technology,Phones,Corporate,3,584.3,197.59,0.0,2023-04-01,0.3381653260311484
2023-08-18,North America,Office Supplies,Storage,Corporate,1,26.28,10.95,0.0,2023-08-01,0.41666666666666663
2024-09-11,North America,Furniture,Tables,Consumer,2,210.43,8.29,0.2,2024-09-01,0.039395523451979275
2023-08-04,North America,Office Supplies,Paper,Corporate,6,165.16,24.91,0.15,2023-08-01,0.15082344393315572
2023-06-17,North America,Technology,Copiers,Corporate,6,2788.61,673.79,0.0,2023-06-01,0.24162217018514598
2024-03-09,Europe,Office Supplies,Paper,Corporate,1,28.51,-7.25,0.4,2024-03-01,-0.25429673798667135
2024-06-10,Asia Pacific,Furniture,Chairs,Corporate,1,150.01,8.19,0.0,2024-06-01,0.05459636024265049
2024-12-02,North America,Office Supplies,Paper,Consumer,1,72.0,24.9,0.0,2024-12-01,0.3458333333333333
2023-08-20,Europe,Technology,Accessories,Home Office,2,569.8,19.71,0.15,2023-08-01,0.03459108459108459
2024-03-19,North America,Office Supplies,Paper,Consumer,5,180.28,67.9,0.0,2024-03-01,0.37663634346572
2023-12-18,North America,Technology,Accessories,Consumer,2,943.03,160.35,0.0,2023-12-01,0.17003700836664792
2023-03-18,Europe,Technology,Accessories,Home Office,3,1208.28,175.07,0.1,2023-03-01,0.1448919124706194
2023-07-14,Latin America,Office Supplies,Binders,Home Office,1,44.27,20.18,0.0,2023-07-01,0.45583916873729385
2023-02-28,Latin America,Technology,Phones,Consumer,3,651.29,158.26,0.0,2023-02-01,0.2429946721122695
2024-01-17,Middle East & Africa,Technology,Copiers,Consumer,2,319.23,20.85,0.1,2024-01-01,0.06531341039375999
2024-03-14,Latin America,Office Supplies,Binders,Home Office,2,62.28,24.22,0.0,2024-03-01,0.38888888888888884
2024-06-29,Latin America,Technology,Phones,Corporate,3,1134.69,293.15,0.0,2024-06-01,0.2583525015643039
2024-10-25,North America,Furniture,Furnishings,Consumer,3,429.44,35.35,0.1,2024-10-01,0.08231650521609539
2024-06-05,Asia Pacific,Furniture,Bookcases,Consumer,5,1234.65,40.27,0.15,2024-06-01,0.03261653100068845
2024-01-07,Asia Pacific,Office Supplies,Paper,Consumer,4,197.66,64.0,0.0,2024-01-01,0.323788323383588
2024-11-29,Latin America,Furniture,Furnishings,Consumer,1,159.45,47.59,0.0,2024-11-01,0.2984634681718407
2023-02-24,Europe,Office Supplies,Storage,Corporate,2,60.16,24.33,0.0,2023-02-01,0.40442154255319146
2023-08-04,Europe,Office Supplies,Paper,Corporate,2,63.45,-17.96,0.4,2023-08-01,-0.2830575256107171
2024-04-15,North America,Office Supplies,Binders,Corporate,3,155.1,44.61,0.0,2024-04-01,0.2876208897485493
2024-12-09,Europe,Technology,Copiers,Consumer,1,580.27,-26.05,0.2,2024-12-01,-0.04489289468695608
2024-11-22,North America,Office Supplies,Storage,Corporate,2,73.5,-15.83,0.4,2024-11-01,-0.21537414965986396
2023-02-20,North America,Office Supplies,Binders,Home Office,1,37.65,-4.1,0.3,2023-02-01,-0.10889774236387782
2023-07-24,Latin America,Office Supplies,Art,Corporate,3,91.98,5.53,0.2,2023-07-01,0.06012176560121765
2024-12-11,Latin America,Technology,Copiers,Corporate,1,394.9,113.81,0.0,2024-12-01,0.28819954418840216
2024-07-29,Latin America,Furniture,Chairs,Consumer,3,593.53,90.17,0.0,2024-07-01,0.15192155409162134
2024-10-21,North America,Office Supplies,Paper,Home Office,2,86.31,30.08,0.0,2024-10-01,0.34851118062796893
2023-05-25,North America,Office Supplies,Paper,Corporate,4,66.71,-13.55,0.4,2023-05-01,-0.20311797331734377
2024-09-28,North America,Office Supplies,Art,Consumer,2,106.77,21.8,0.1,2024-09-01,0.20417720333426995
2023-04-10,North America,Furniture,Bookcases,Consumer,3,563.26,-21.8,0.15,2023-04-01,-0.03870326314668182
2024-01-15,North America,Office Supplies,Binders,Corporate,1,30.02,-5.36,0.3,2024-01-01,-0.17854763491005998
2024-10-25,Asia Pacific,Office Supplies,Binders,Consumer,1,48.81,18.17,0.0,2024-10-01,0.37225978283138705
2023-08-07,Asia Pacific,Technology,Machines,Corporate,2,441.78,5.28,0.15,2023-08-01,0.011951650142604919
2023-09-02,North America,Technology,Copiers,Consumer,3,1043.07,82.15,0.1,2023-09-01,0.0787578973606757
2024-06-05,Europe,Technology,Accessories,Corporate,2,947.52,220.72,0.0,2024-06-01,0.2329449510300574
2024-06-09,North America,Office Supplies,Binders,Corporate,2,56.32,-13.63,0.4,2024-06-01,-0.2420099431818182
2023-03-02,North America,Office Supplies,Binders,Corporate,2,41.95,12.31,0.1,2023-03-01,0.2934445768772348
2023-03-31,North America,Furniture,Chairs,Consumer,4,1184.72,94.9,0.1,2023-03-01,0.08010331555135392
2024-06-04,North America,Furniture,Tables,Corporate,4,794.09,111.57,0.0,2024-06-01,0.14050044705260106
2024-06-22,North America,Office Supplies,Art,Corporate,3,219.73,23.05,0.2,2024-06-01,0.10490146998589178
2023-03-02,North America,Office Supplies,Art,Consumer,3,109.66,24.89,0.15,2023-03-01,0.22697428415101223
2024-06-14,Asia Pacific,Technology,Machines,Home Office,5,1644.16,-309.08,0.3,2024-06-01,-0.18798657065005836
2024-01-10,North America,Technology,Accessories,Corporate,1,529.09,153.84,0.0,2024-01-01,0.2907633861913852
2023-04-06,Asia Pacific,Furniture,Furnishings,Consumer,3,961.65,-6.75,0.15,2023-04-01,-0.0070191857744501636
2024-04-15,Latin America,Office Supplies,Binders,Home Office,4,47.48,15.88,0.0,2024-04-01,0.3344566133108678
2024-09-18,Asia Pacific,Furniture,Furnishings,Consumer,4,1512.22,305.29,0.0,2024-09-01,0.20188200129610773
2023-12-05,Europe,Office Supplies,Binders,Consumer,2,150.05,62.81,0.0,2023-12-01,0.418593802065978
2024-12-03,Asia Pacific,Office Supplies,Paper,Consumer,4,331.72,142.61,0.0,2024-12-01,0.42991076811768963
2024-07-27,Europe,Technology,Copiers,Consumer,2,1129.6,296.76,0.0,2024-07-01,0.26271246458923514
2023-12-26,North America,Office Supplies,Art,Consumer,4,220.76,98.98,0.0,2023-12-01,0.4483602101830042
2023-11-14,Asia Pacific,Technology,Phones,Consumer,2,1165.04,344.12,0.0,2023-11-01,0.29537183272677336
2024-04-12,North America,Furniture,Tables,Consumer,1,261.31,-25.75,0.15,2024-04-01,-0.09854196165473958
2024-05-27,Middle East & Africa,Technology,Copiers,Corporate,2,784.81,202.53,0.0,2024-05-01,0.2580624609778163
2023-01-20,North America,Technology,Phones,Corporate,4,1839.15,514.5,0.0,2023-01-01,0.2797487969986135
2024-08-07,Europe,Office Supplies,Art,Consumer,2,145.56,-4.24,0.2,2024-08-01,-0.02912888156086837
2024-12-19,Europe,Technology,Machines,Consumer,2,1079.01,339.72,0.0,2024-12-01,0.31484416270470156
2023-11-28,North America,Office Supplies,Binders,Consumer,5,263.81,88.21,0.0,2023-11-01,0.3343694325461506
2023-01-13,North America,Furniture,Chairs,Corporate,1,245.94,25.37,0.1,2023-01-01,0.10315524111571929
2023-04-10,Middle East & Africa,Furniture,Bookcases,Consumer,1,234.4,-25.03,0.2,2023-04-01,-0.10678327645051194
2023-12-04,Latin America,Furniture,Chairs,Consumer,4,2014.69,427.06,0.0,2023-12-01,0.21197305788979942
2024-06-20,Europe,Technology,Phones,Corporate,3,1640.47,346.87,0.0,2024-06-01,0.21144550037489257
2023-09-20,North America,Furniture,Chairs,Home Office,1,393.35,-62.66,0.2,2023-09-01,-0.15929833481632133
2023-09-10,Europe,Technology,Phones,Consumer,7,2751.11,743.72,0.0,2023-09-01,0.27033451952121146
2023-11-16,Latin America,Technology,Phones,Consumer,4,2748.45,82.2,0.1,2023-11-01,0.029907766195492007
2023-05-20,Middle East & Africa,Furniture,Bookcases,Consumer,5,898.42,-244.54,0.3,2023-05-01,-0.2721889539413637
2024-06-22,Europe,Office Supplies,Storage,Consumer,1,33.01,13.88,0.0,2024-06-01,0.42047864283550446
2023-04-29,North America,Office Supplies,Paper,Consumer,3,61.05,20.41,0.0,2023-04-01,0.33431613431613433
2023-11-30,North America,Furniture,Furnishings,Consumer,4,1848.03,389.45,0.0,2023-11-01,0.21073792092119717
2023-12-17,Europe,Technology,Machines,Corporate,1,562.49,-58.75,0.2,2023-12-01,-0.10444630126757809
2024-07-02,Middle East & Africa,Technology,Copiers,Corporate,4,1511.6,-13.14,0.2,2024-07-01,-0.008692775866631385
2023-03-19,Asia Pacific,Office Supplies,Storage,Consumer,3,158.64,70.33,0.0,2023-03-01,0.44333081190115986
2024-09-20,Middle East & Africa,Furniture,Furnishings,Corporate,2,415.15,-29.07,0.15,2024-09-01,-0.07002288329519452
2023-06-05,North America,Office Supplies,Storage,Consumer,1,47.91,17.89,0.0,2023-06-01,0.37340847422250056
2023-07-21,North America,Office Supplies,Paper,Consumer,2,106.47,-11.96,0.3,2023-07-01,-0.11233211233211234
2023-05-30,Europe,Technology,Phones,Corporate,1,555.87,2.83,0.15,2023-05-01,0.0050911184269703345
2024-06-14,North America,Office Supplies,Binders,Consumer,4,145.72,49.1,0.0,2024-06-01,0.3369475706835026
2023-07-31,North America,Technology,Machines,Consumer,2,488.94,116.45,0.0,2023-07-01,0.2381682824068393
2024-07-24,Europe,Technology,Machines,Consumer,3,1573.14,-272.07,0.3,2024-07-01,-0.1729470994317098
2024-03-02,North America,Office Supplies,Storage,Corporate,4,143.0,34.11,0.1,2024-03-01,0.23853146853146853
2023-08-23,Middle East & Africa,Office Supplies,Art,Home Office,3,152.75,62.46,0.0,2023-08-01,0.40890343698854337
2024-09-24,Middle East & Africa,Technology,Accessories,Consumer,4,924.18,-20.58,0.2,2024-09-01,-0.022268389274816593
2023-01-20,Latin America,Furniture,Tables,Home Office,2,514.17,4.4,0.1,2023-01-01,0.008557480988778033
2023-02-09,North America,Technology,Copiers,Home Office,1,333.87,25.88,0.1,2023-02-01,0.07751520052715129
2023-02-09,Asia Pacific,Technology,Copiers,Consumer,1,177.92,1.13,0.15,2023-02-01,0.006351169064748201
2023-09-10,Asia Pacific,Furniture,Tables,Corporate,5,1937.04,-420.83,0.3,2023-09-01,-0.21725416098789907
2023-01-15,Europe,Technology,Copiers,Corporate,4,1667.31,-279.87,0.3,2023-01-01,-0.16785720711805244
2023-03-16,Middle East & Africa,Office Supplies,Binders,Consumer,4,63.46,26.5,0.0,2023-03-01,0.4175858808698393
2024-09-18,North America,Furniture,Tables,Home Office,3,466.26,71.36,0.0,2024-09-01,0.1530476558143525
2024-12-09,Europe,Furniture,Chairs,Consumer,1,452.51,-94.01,0.3,2024-12-01,-0.20775231486596982
2023-07-11,Europe,Technology,Accessories,Home Office,3,1471.89,281.63,0.0,2023-07-01,0.19133902669357084
2023-05-17,Europe,Office Supplies,Storage,Consumer,3,194.86,60.44,0.0,2023-05-01,0.310171405111362
2024-05-07,North America,Furniture,Tables,Corporate,5,1642.23,-427.83,0.3,2024-05-01,-0.2605177106739007
2023-11-19,Europe,Technology,Copiers,Corporate,4,3061.81,961.45,0.0,2023-11-01,0.3140136063308958
2023-12-27,Latin America,Furniture,Chairs,Consumer,5,2766.2,136.98,0.1,2023-12-01,0.049519196008965365
2023-10-19,Asia Pacific,Office Supplies,Storage,Consumer,3,140.98,-24.81,0.4,2023-10-01,-0.17598240885231947
2023-07-10,Asia Pacific,Technology,Machines,Consumer,1,479.91,139.07,0.0,2023-07-01,0.28978350107311784
2024-04-21,Latin America,Furniture,Bookcases,Consumer,1,190.86,59.84,0.0,2024-04-01,0.3135282405952007
2024-08-02,Middle East & Africa,Technology,Copiers,Consumer,4,800.55,230.69,0.0,2024-08-01,0.28816438698394853
2023-05-31,North America,Technology,Machines,Home Office,3,1122.16,254.02,0.0,2023-05-01,0.22636700648748842
2023-04-13,Asia Pacific,Office Supplies,Art,Home Office,2,92.14,36.13,0.0,2023-04-01,0.3921206859127415
2024-04-25,North America,Office Supplies,Paper,Consumer,4,192.02,76.48,0.0,2024-04-01,0.3982918445995209
2023-07-10,North America,Furniture,Furnishings,Consumer,1,102.98,-5.92,0.15,2023-07-01,-0.057486890658380266
2024-06-05,North America,Technology,Machines,Home Office,3,736.32,-267.66,0.4,2024-06-01,-0.3635104302477184
2024-02-01,Asia Pacific,Office Supplies,Paper,Corporate,4,87.06,26.98,0.0,2024-02-01,0.30990121755111416
2023-10-04,Latin America,Furniture,Furnishings,Home Office,2,182.44,-3.56,0.15,2023-10-01,-0.019513264634948478
2024-02-17,North America,Furniture,Chairs,Consumer,3,564.69,-332.16,0.5,2024-02-01,-0.5882165435902884
2023-11-11,Asia Pacific,Office Supplies,Storage,Consumer,3,193.9,66.75,0.0,2023-11-01,0.34424961320268177
2023-10-23,North America,Furniture,Tables,Corporate,2,175.95,22.22,0.1,2023-10-01,0.12628587666950838
2024-02-17,Latin America,Office Supplies,Art,Consumer,1,32.73,6.38,0.1,2024-02-01,0.19492820042774214
2024-08-15,North America,Technology,Phones,Corporate,2,831.89,-241.49,0.3,2024-08-01,-0.29029078363725974
2023-05-10,Asia Pacific,Office Supplies,Storage,Consumer,1,36.0,6.42,0.1,2023-05-01,0.17833333333333334
2023-03-25,Asia Pacific,Office Supplies,Paper,Home Office,1,27.47,9.65,0.0,2023-03-01,0.35129231889333823
2023-11-24,Europe,Technology,Copiers,Consumer,2,1356.56,231.13,0.1,2023-11-01,0.17037948929645574
2023-05-09,Asia Pacific,Office Supplies,Art,Consumer,1,30.35,13.16,0.0,2023-05-01,0.43360790774299834
2023-03-20,Latin America,Office Supplies,Storage,Home Office,4,192.61,36.12,0.15,2023-03-01,0.18752920409116866
2023-08-24,Asia Pacific,Technology,Machines,Home Office,4,2276.24,-91.74,0.2,2023-08-01,-0.040303307208378734
2024-04-11,Asia Pacific,Office Supplies,Paper,Consumer,3,99.55,29.22,0.1,2024-04-01,0.29352084379708687
2023-04-08,North America,Office Supplies,Paper,Corporate,1,37.51,14.7,0.0,2023-04-01,0.3918954945347907
2024-06-01,Latin America,Technology,Accessories,Home Office,2,579.11,189.56,0.0,2024-06-01,0.3273298682461018
2023-02-07,Asia Pacific,Technology,Accessories,Consumer,4,1020.57,218.33,0.0,2023-02-01,0.21392947078593336
2023-08-11,North America,Furniture,Tables,Consumer,3,1037.0,177.88,0.0,2023-08-01,0.17153326904532304
2023-03-26,North America,Office Supplies,Binders,Consumer,5,148.33,44.46,0.0,2023-03-01,0.2997370727432077
2023-09-13,Asia Pacific,Office Supplies,Storage,Consumer,4,163.57,-67.27,0.5,2023-09-01,-0.41126123372256523
2023-05-14,Asia Pacific,Office Supplies,Binders,Corporate,3,58.03,23.5,0.0,2023-05-01,0.40496295019817335
2024-12-25,Latin America,Office Supplies,Paper,Home Office,4,300.61,4.72,0.2,2024-12-01,0.015701407138817736
2024-09-02,Asia Pacific,Furniture,Chairs,Corporate,5,546.84,104.93,0.0,2024-09-01,0.191884280593958
2024-07-17,Asia Pacific,Technology,Accessories,Home Office,1,486.32,149.59,0.0,2024-07-01,0.3075958216811976
2024-09-07,Latin America,Office Supplies,Art,Corporate,3,98.69,23.99,0.1,2024-09-01,0.24308440571486473
2023-08-15,North America,Office Supplies,Paper,Consumer,4,87.96,29.43,0.0,2023-08-01,0.3345839017735334
2023-10-31,North America,Furniture,Bookcases,Consumer,1,303.93,18.45,0.1,2023-10-01,0.06070476754515842
2024-04-28,Europe,Office Supplies,Paper,Corporate,1,19.8,7.79,0.0,2024-04-01,0.3934343434343434
2023-12-08,Middle East & Africa,Office Supplies,Storage,Consumer,4,393.25,31.13,0.15,2023-12-01,0.07916083916083916
2024-02-17,Asia Pacific,Furniture,Furnishings,Consumer,2,260.46,33.64,0.1,2024-02-01,0.12915610842355832
2023-11-01,Europe,Furniture,Chairs,Consumer,2,321.07,21.3,0.1,2023-11-01,0.06634067337340767
2023-03-10,Asia Pacific,Office Supplies,Paper,Consumer,2,89.84,1.44,0.2,2023-03-01,0.016028495102404273
2023-02-13,Europe,Technology,Machines,Consumer,2,777.67,147.89,0.0,2023-02-01,0.1901706379312562
2024-04-27,North America,Office Supplies,Art,Consumer,4,142.96,62.26,0.0,2024-04-01,0.43550643536653605
2024-02-29,Europe,Office Supplies,Art,Corporate,2,61.61,-9.59,0.3,2024-02-01,-0.15565654926148353
2023-07-20,Latin America,Technology,Copiers,Consumer,3,2135.47,-54.73,0.15,2023-07-01,-0.02562901843622247
2024-09-12,Europe,Office Supplies,Binders,Corporate,2,97.47,31.78,0.0,2024-09-01,0.3260490407304812
2024-07-05,Europe,Office Supplies,Paper,Consumer,2,114.32,-12.01,0.3,2024-07-01,-0.10505598320503849
2023-10-03,Europe,Technology,Accessories,Corporate,2,519.76,16.62,0.15,2023-10-01,0.03197629675234724
2024-03-24,North America,Office Supplies,Storage,Corporate,1,5.35,2.2,0.0,2024-03-01,0.4112149532710281
2024-04-09,Europe,Technology,Machines,Consumer,1,324.69,-23.99,0.2,2024-04-01,-0.07388586035911177
2023-07-10,Europe,Technology,Machines,Corporate,4,1890.01,17.35,0.1,2023-07-01,0.009179845609282491
2023-09-20,Middle East & Africa,Office Supplies,Paper,Corporate,1,22.35,5.94,0.1,2023-09-01,0.2657718120805369
2024-05-02,Asia Pacific,Office Supplies,Paper,Corporate,2,59.82,19.55,0.0,2024-05-01,0.32681377465730527
2024-10-28,North America,Office Supplies,Storage,Consumer,2,55.31,1.18,0.2,2024-10-01,0.02133429759537154
2024-07-30,Europe,Furniture,Bookcases,Consumer,2,345.16,74.41,0.0,2024-07-01,0.21558117974272797
2024-08-29,Asia Pacific,Furniture,Tables,Home Office,1,176.55,29.66,0.0,2024-08-01,0.16799773435287452
2024-09-20,North America,Furniture,Bookcases,Corporate,1,195.46,46.3,0.0,2024-09-01,0.2368771104062212
2023-12-30,North America,Office Supplies,Binders,Consumer,3,194.51,63.02,0.0,2023-12-01,0.3239936250064264
2023-11-27,North America,Office Supplies,Paper,Consumer,1,68.1,21.92,0.0,2023-11-01,0.32187958883994133
2024-01-24,Europe,Office Supplies,Art,Home Office,3,116.91,43.9,0.0,2024-01-01,0.3755025233085279
2024-05-07,Latin America,Technology,Copiers,Consumer,3,1447.07,483.67,0.0,2024-05-01,0.33424091439944165
2024-01-10,Europe,Office Supplies,Binders,Corporate,1,51.69,2.95,0.15,2024-01-01,0.05707100019346102
2024-08-17,North America,Office Supplies,Storage,Corporate,2,140.43,-16.32,0.3,2024-08-01,-0.11621448408459731
2024-02-25,Europe,Office Supplies,Paper,Corporate,3,58.73,-18.22,0.4,2024-02-01,-0.31023327090073216
2023-03-12,Latin America,Furniture,Furnishings,Consumer,1,392.67,6.06,0.15,2023-03-01,0.015432806173122468
2023-12-13,Europe,Office Supplies,Art,Consumer,4,297.81,74.22,0.1,2023-12-01,0.24921930089654476
2024-08-12,Europe,Technology,Phones,Corporate,3,692.4,30.18,0.1,2024-08-01,0.04358752166377816
2024-09-10,North America,Furniture,Chairs,Home Office,3,1126.4,-134.26,0.2,2024-09-01,-0.11919389204545452
2024-01-17,Europe,Furniture,Furnishings,Home Office,1,208.6,50.88,0.0,2024-01-01,0.24391179290508153
2024-07-11,Latin America,Technology,Phones,Consumer,3,1264.79,-498.83,0.4,2024-07-01,-0.39439748891120263
2024-09-28,Latin America,Technology,Machines,Home Office,2,500.38,146.19,0.0,2024-09-01,0.29215795995043764
2024-03-26,North America,Furniture,Bookcases,Consumer,1,327.83,-90.48,0.3,2024-03-01,-0.27599670560961476
2023-05-11,Latin America,Technology,Accessories,Consumer,1,344.67,-1.73,0.2,2023-05-01,-0.005019293817274494
2023-10-01,Asia Pacific,Office Supplies,Storage,Corporate,1,46.44,17.96,0.0,2023-10-01,0.3867355727820844
2024-01-12,Middle East & Africa,Furniture,Chairs,Consumer,3,591.48,27.66,0.1,2024-01-01,0.046764049502941774
2023-12-07,Asia Pacific,Office Supplies,Storage,Corporate,3,62.18,20.74,0.0,2023-12-01,0.3335477645545191
2024-03-16,North America,Technology,Machines,Corporate,3,1901.93,624.37,0.0,2024-03-01,0.32828232374482763
2024-05-27,Middle East & Africa,Furniture,Chairs,Home Office,2,411.43,96.53,0.0,2024-05-01,0.2346207131225239
2024-07-11,Middle East & Africa,Technology,Copiers,Consumer,2,625.99,-162.01,0.3,2024-07-01,-0.2588060512148756
2024-05-24,North America,Office Supplies,Paper,Consumer,2,44.42,17.44,0.0,2024-05-01,0.3926159387663215
2023-04-10,Latin America,Furniture,Chairs,Home Office,3,522.13,112.97,0.0,2023-04-01,0.21636374083082757
2024-08-04,North America,Office Supplies,Art,Corporate,2,67.0,15.04,0.1,2024-08-01,0.2244776119402985
2024-01-24,Asia Pacific,Technology,Machines,Corporate,3,991.41,270.36,0.0,2024-01-01,0.2727025146004176
2024-05-29,Europe,Technology,Machines,Corporate,2,497.56,-2.37,0.15,2024-05-01,-0.004763244633813008
2024-03-20,Middle East & Africa,Technology,Phones,Home Office,3,1386.99,58.78,0.15,2024-03-01,0.0423795413088775
2023-01-24,North America,Office Supplies,Paper,Consumer,4,118.55,-50.74,0.5,2023-01-01,-0.4280050611556306
2024-04-08,North America,Office Supplies,Paper,Consumer,4,92.19,35.71,0.0,2024-04-01,0.3873522073977655
2024-09-06,Europe,Technology,Machines,Corporate,2,964.01,260.3,0.0,2024-09-01,0.2700179458719308
2024-08-07,Latin America,Office Supplies,Storage,Consumer,1,47.21,-16.3,0.5,2024-08-01,-0.34526583350984963
2023-06-03,Latin America,Office Supplies,Paper,Home Office,1,26.23,5.24,0.1,2023-06-01,0.1997712542889821
2023-02-13,Latin America,Office Supplies,Binders,Consumer,5,91.26,24.34,0.15,2023-02-01,0.26671049747972825
2023-11-24,North America,Office Supplies,Binders,Consumer,3,240.64,-31.93,0.3,2023-11-01,-0.1326878324468085
2023-11-04,Europe,Office Supplies,Storage,Home Office,3,212.53,74.07,0.0,2023-11-01,0.3485155036935962
2023-07-25,Asia Pacific,Technology,Copiers,Consumer,4,1198.91,394.14,0.0,2023-07-01,0.32874861332376903
2024-06-29,Europe,Furniture,Bookcases,Corporate,2,254.54,-28.81,0.2,2024-06-01,-0.11318456824074802
2023-11-11,Latin America,Office Supplies,Storage,Home Office,3,225.66,46.47,0.15,2023-11-01,0.20592927412922096
2023-08-25,Europe,Technology,Machines,Corporate,2,690.78,48.49,0.1,2023-08-01,0.07019601030718899
2024-12-25,Middle East & Africa,Technology,Phones,Home Office,3,2411.72,654.82,0.0,2024-12-01,0.27151576468246735
2024-10-03,Latin America,Office Supplies,Binders,Consumer,1,42.6,10.4,0.15,2024-10-01,0.24413145539906103
2023-04-04,Europe,Furniture,Tables,Consumer,4,1001.06,256.23,0.0,2023-04-01,0.25595868379517717
2024-10-08,Latin America,Furniture,Furnishings,Home Office,3,779.74,225.14,0.0,2024-10-01,0.28873727139815836
2024-11-11,Latin America,Office Supplies,Art,Consumer,3,197.68,78.81,0.0,2024-11-01,0.3986746256576285
2023-06-24,North America,Furniture,Furnishings,Home Office,3,637.91,109.51,0.0,2023-06-01,0.17166998479409323
2023-04-04,Asia Pacific,Office Supplies,Art,Consumer,3,124.08,49.76,0.0,2023-04-01,0.4010315925209542
2023-07-06,Asia Pacific,Technology,Phones,Consumer,1,135.39,46.2,0.0,2023-07-01,0.34123642809660987
2024-12-20,Europe,Furniture,Tables,Home Office,1,590.64,62.21,0.1,2024-12-01,0.1053264255722606
2023-01-03,Europe,Furniture,Bookcases,Consumer,4,496.49,44.67,0.1,2023-01-01,0.089971600636468
2024-05-30,Latin America,Office Supplies,Binders,Consumer,1,19.8,2.02,0.15,2024-05-01,0.10202020202020201
2024-02-02,Europe,Office Supplies,Storage,Consumer,1,32.6,6.84,0.1,2024-02-01,0.20981595092024538
2024-11-05,Europe,Furniture,Furnishings,Consumer,2,512.18,42.22,0.1,2024-11-01,0.08243195751493616
2024-06-18,Latin America,Furniture,Tables,Home Office,4,1282.86,237.28,0.0,2024-06-01,0.18496172614314893
2023-07-01,Asia Pacific,Technology,Accessories,Corporate,5,2410.65,467.24,0.0,2023-07-01,0.19382324269387924
2023-02-04,Asia Pacific,Technology,Machines,Consumer,1,307.99,10.57,0.1,2023-02-01,0.03431929608104159
2023-01-24,Europe,Technology,Copiers,Consumer,5,1383.05,386.73,0.0,2023-01-01,0.279621127218828
2023-06-20,Europe,Furniture,Chairs,Consumer,2,542.34,111.34,0.0,2023-06-01,0.20529557104399454
2023-04-21,Asia Pacific,Office Supplies,Art,Corporate,4,102.04,48.82,0.0,2023-04-01,0.47843982751862013
2023-10-05,Middle East & Africa,Furniture,Chairs,Consumer,4,1016.54,311.06,0.0,2023-10-01,0.30599878017589077
2024-05-11,Asia Pacific,Furniture,Furnishings,Home Office,1,113.19,12.1,0.1,2024-05-01,0.10689990281827016
2024-08-18,Middle East & Africa,Office Supplies,Art,Consumer,3,53.68,10.65,0.1,2024-08-01,0.198397913561848
2023-11-10,Europe,Technology,Machines,Home Office,3,1507.71,447.19,0.0,2023-11-01,0.2966021317096789
2024-10-21,Europe,Technology,Machines,Corporate,2,1040.89,170.53,0.0,2024-10-01,0.16383095235807818
2023-09-15,North America,Office Supplies,Art,Corporate,2,117.9,27.57,0.1,2023-09-01,0.23384223918575062
2024-01-10,Latin America,Furniture,Furnishings,Corporate,1,230.52,59.35,0.0,2024-01-01,0.25746139163630055
2023-05-16,Asia Pacific,Office Supplies,Storage,Home Office,1,52.89,15.38,0.0,2023-05-01,0.29079221024768387
2024-09-22,North America,Technology,Phones,Consumer,1,163.33,14.47,0.1,2024-09-01,0.08859364476826058
2023-07-18,Latin America,Office Supplies,Binders,Consumer,3,138.53,40.0,0.0,2023-07-01,0.28874611997401284
2024-09-18,Asia Pacific,Office Supplies,Storage,Consumer,1,39.46,-5.83,0.3,2024-09-01,-0.14774455144450077
2024-09-11,Asia Pacific,Furniture,Chairs,Corporate,3,686.88,-100.38,0.2,2024-09-01,-0.14613906359189377
2023-08-04,Latin America,Furniture,Chairs,Consumer,3,726.12,192.4,0.0,2023-08-01,0.26496997741420153
2024-05-22,Middle East & Africa,Technology,Machines,Corporate,3,1025.66,280.02,0.1,2024-05-01,0.27301444923268914
2023-02-23,Asia Pacific,Furniture,Bookcases,Corporate,1,214.51,-18.41,0.2,2023-02-01,-0.08582350473171414
2023-05-13,Latin America,Furniture,Tables,Corporate,3,759.62,-195.97,0.3,2023-05-01,-0.2579842552855375
2024-07-18,Asia Pacific,Furniture,Tables,Consumer,7,3341.64,-26.81,0.15,2024-07-01,-0.008023006667384877
2023-11-15,North America,Office Supplies,Binders,Home Office,1,45.62,15.81,0.0,2023-11-01,0.34655852696185885
2023-03-30,Middle East & Africa,Furniture,Chairs,Consumer,4,1428.53,240.23,0.0,2023-03-01,0.1681658768104275
2024-11-26,Asia Pacific,Technology,Copiers,Consumer,3,890.06,266.38,0.0,2024-11-01,0.29928319439138934
2023-06-06,Europe,Office Supplies,Art,Consumer,1,42.76,8.43,0.15,2023-06-01,0.19714686623012162
2023-08-31,Europe,Office Supplies,Storage,Home Office,4,138.14,35.64,0.1,2023-08-01,0.25799913131605623
2023-12-14,Europe,Office Supplies,Art,Corporate,1,62.34,-7.06,0.3,2023-12-01,-0.11324991979467436
2024-09-25,Asia Pacific,Furniture,Chairs,Consumer,2,416.85,-162.04,0.4,2024-09-01,-0.3887249610171524
2024-12-13,North America,Furniture,Chairs,Consumer,5,3351.06,-20.54,0.15,2024-12-01,-0.006129403830429775
2023-03-07,North America,Office Supplies,Binders,Consumer,5,116.86,48.85,0.0,2023-03-01,0.4180215642649324
2024-08-27,Europe,Office Supplies,Storage,Consumer,2,49.47,-13.17,0.4,2024-08-01,-0.2662219526986052
2023-03-01,Asia Pacific,Office Supplies,Storage,Consumer,2,79.72,-16.2,0.4,2023-03-01,-0.20321123933768187
2023-04-21,North America,Furniture,Chairs,Home Office,5,2429.05,517.81,0.0,2023-04-01,0.21317387456001313
2024-05-06,Latin America,Technology,Machines,Consumer,4,1300.84,423.95,0.0,2024-05-01,0.3259047999754005
2023-02-05,Europe,Office Supplies,Paper,Home Office,4,136.85,45.63,0.0,2023-02-01,0.3334307636097918
2023-01-31,Latin America,Furniture,Tables,Consumer,1,309.42,55.21,0.0,2023-01-01,0.17843061211298558
2023-12-09,North America,Office Supplies,Binders,Home Office,3,91.71,29.68,0.0,2023-12-01,0.32362883000763276
2023-12-18,Asia Pacific,Office Supplies,Storage,Consumer,2,90.14,37.06,0.0,2023-12-01,0.41113822942090084
2024-03-02,North America,Technology,Phones,Home Office,3,741.07,124.36,0.1,2024-03-01,0.1678114078292199
2024-10-20,North America,Furniture,Furnishings,Corporate,5,1409.19,372.84,0.0,2024-10-01,0.26457752325804185
2023-12-30,North America,Office Supplies,Paper,Corporate,3,260.04,107.93,0.0,2023-12-01,0.41505153053376403
2023-12-03,North America,Technology,Machines,Consumer,1,703.47,180.29,0.0,2023-12-01,0.25628669310702656
2024-01-20,Europe,Technology,Accessories,Consumer,5,2577.74,-94.83,0.2,2024-01-01,-0.036788039135056294
2024-12-23,Asia Pacific,Furniture,Chairs,Home Office,1,394.63,-20.17,0.15,2024-12-01,-0.05111116742264907
2023-10-24,Asia Pacific,Technology,Machines,Consumer,1,216.6,9.32,0.1,2023-10-01,0.0430286241920591
2023-10-31,Asia Pacific,Furniture,Tables,Consumer,1,165.52,-63.04,0.4,2023-10-01,-0.38086031899468337
2024-11-22,North America,Furniture,Tables,Consumer,1,538.53,139.9,0.0,2024-11-01,0.25978125638311705
2023-01-18,Asia Pacific,Technology,Accessories,Corporate,1,475.62,-21.37,0.15,2023-01-01,-0.04493082713090282
2023-10-02,Latin America,Technology,Phones,Consumer,5,2104.92,-577.21,0.3,2023-10-01,-0.2742194477699865
2023-06-07,North America,Office Supplies,Storage,Corporate,4,209.66,84.54,0.0,2023-06-01,0.4032242678622532
2024-09-08,Asia Pacific,Office Supplies,Paper,Corporate,3,175.34,29.78,0.15,2024-09-01,0.16984145089540323
2024-09-02,Asia Pacific,Office Supplies,Storage,Consumer,2,65.95,22.78,0.0,2024-09-01,0.34541319181197877
2023-04-01,Europe,Office Supplies,Paper,Consumer,2,69.59,24.43,0.0,2023-04-01,0.35105618623365425
2023-07-09,Asia Pacific,Office Supplies,Storage,Corporate,2,90.6,32.63,0.0,2023-07-01,0.36015452538631354
2024-08-31,North America,Office Supplies,Art,Home Office,5,178.13,10.0,0.15,2024-08-01,0.056138775051928366
2024-09-24,North America,Technology,Copiers,Consumer,5,2389.69,-49.06,0.15,2024-09-01,-0.020529859521527898
2023-02-12,North America,Office Supplies,Binders,Consumer,3,97.68,8.26,0.15,2023-02-01,0.08456183456183455
2023-04-05,North America,Technology,Accessories,Corporate,1,292.95,-159.29,0.5,2023-04-01,-0.5437446663253115
2024-10-20,Asia Pacific,Office Supplies,Binders,Consumer,2,63.37,12.59,0.15,2024-10-01,0.19867445163326497
2024-11-20,Latin America,Furniture,Bookcases,Consumer,5,860.74,-10.6,0.1,2024-11-01,-0.012314984780537677
2024-07-30,Latin America,Office Supplies,Binders,Consumer,2,24.8,3.99,0.15,2024-07-01,0.16088709677419355
2024-12-29,North America,Technology,Accessories,Consumer,4,2022.26,467.29,0.0,2024-12-01,0.2310731557762108
2024-02-07,North America,Office Supplies,Binders,Home Office,4,196.82,44.14,0.1,2024-02-01,0.2242658266436338
2023-10-24,Asia Pacific,Office Supplies,Art,Corporate,4,253.41,81.98,0.1,2023-10-01,0.32350735961485344
2024-04-16,Asia Pacific,Office Supplies,Paper,Consumer,3,110.88,13.06,0.15,2024-04-01,0.1177849927849928
2023-01-04,Latin America,Furniture,Furnishings,Consumer,4,237.87,-29.4,0.2,2023-01-01,-0.12359692268886366
2024-09-01,Asia Pacific,Technology,Machines,Consumer,2,894.52,81.4,0.15,2024-09-01,0.09099852434825383
2023-07-30,Asia Pacific,Office Supplies,Binders,Corporate,5,168.29,39.59,0.1,2023-07-01,0.23524867787747344
2024-07-09,Middle East & Africa,Furniture,Bookcases,Corporate,5,1445.21,-24.11,0.15,2024-07-01,-0.01668269663232333
2024-01-18,Latin America,Technology,Copiers,Consumer,5,2442.34,-149.41,0.2,2024-01-01,-0.0611749387882113
2023-05-13,Asia Pacific,Furniture,Furnishings,Consumer,6,1905.45,415.79,0.0,2023-05-01,0.2182109213046787
2024-03-22,Latin America,Technology,Copiers,Consumer,2,475.41,-29.02,0.15,2024-03-01,-0.0610420479165352
2023-07-07,Europe,Office Supplies,Art,Consumer,5,216.0,19.09,0.2,2023-07-01,0.08837962962962963
2023-05-20,Middle East & Africa,Technology,Phones,Home Office,2,452.22,15.97,0.1,2023-05-01,0.0353146698509575
2023-12-03,North America,Office Supplies,Paper,Corporate,4,60.29,-8.65,0.3,2023-12-01,-0.14347321280477693
2023-06-12,Europe,Furniture,Furnishings,Corporate,2,542.33,-81.46,0.2,2023-06-01,-0.15020375048402262
2023-05-25,Asia Pacific,Furniture,Bookcases,Corporate,1,331.84,71.45,0.0,2023-05-01,0.21531460945033754
2024-10-24,Middle East & Africa,Technology,Accessories,Corporate,1,667.88,144.81,0.0,2024-10-01,0.21682038689584957
2023-06-07,Europe,Technology,Machines,Corporate,4,2786.91,-231.16,0.2,2023-06-01,-0.08294491031285546
2024-04-14,Latin America,Technology,Machines,Home Office,2,737.6,183.14,0.0,2024-04-01,0.2482917570498915
2023-10-31,Europe,Technology,Machines,Consumer,3,1344.64,-86.17,0.2,2023-10-01,-0.06408406711089956
2023-08-11,Asia Pacific,Furniture,Chairs,Consumer,4,1118.49,300.8,0.0,2023-08-01,0.2689340092446066
2024-03-03,Latin America,Office Supplies,Binders,Corporate,2,66.14,29.4,0.0,2024-03-01,0.44451164197157544
2023-03-10,Asia Pacific,Office Supplies,Paper,Consumer,2,41.11,4.9,0.2,2023-03-01,0.11919241060569205
2023-03-23,Asia Pacific,Technology,Machines,Consumer,1,301.69,-122.54,0.4,2023-03-01,-0.40617852762769735
2024-07-08,Latin America,Technology,Machines,Consumer,2,425.55,116.25,0.0,2024-07-01,0.27317589002467396
2024-10-05,North America,Technology,Accessories,Consumer,3,1366.84,88.58,0.1,2024-10-01,0.06480641479617219
2023-06-15,North America,Office Supplies,Binders,Consumer,3,78.41,3.96,0.2,2023-06-01,0.05050376227522
2023-09-23,Middle East & Africa,Office Supplies,Paper,Consumer,1,53.92,9.42,0.15,2023-09-01,0.17470326409495548
2024-10-08,North America,Office Supplies,Paper,Corporate,6,239.65,41.8,0.2,2024-10-01,0.17442103066972667
2024-02-06,North America,Technology,Copiers,Consumer,2,806.65,230.18,0.0,2024-02-01,0.28535300316122236
2023-04-10,North America,Technology,Machines,Consumer,3,1471.34,390.21,0.0,2023-04-01,0.26520722606603503
2023-02-16,Europe,Technology,Phones,Home Office,4,1267.99,203.13,0.1,2023-02-01,0.160198424277794
2023-07-03,Asia Pacific,Furniture,Bookcases,Home Office,4,1390.74,292.59,0.0,2023-07-01,0.21038439967211697
2024-01-25,Middle East & Africa,Office Supplies,Paper,Consumer,2,53.37,13.39,0.1,2024-01-01,0.2508900131159828
2023-02-20,North America,Office Supplies,Paper,Corporate,2,41.32,-4.48,0.3,2023-02-01,-0.10842207163601163
2024-04-14,North America,Office Supplies,Binders,Corporate,3,128.83,57.95,0.0,2024-04-01,0.44981758907086855
2024-04-30,Europe,Office Supplies,Binders,Home Office,1,39.02,8.22,0.15,2024-04-01,0.2106611993849308
2024-11-14,Asia Pacific,Office Supplies,Binders,Consumer,1,51.12,5.92,0.2,2024-11-01,0.11580594679186229
2024-06-18,North America,Office Supplies,Storage,Corporate,3,76.26,33.12,0.0,2024-06-01,0.4343036978756884
2023-08-17,Asia Pacific,Office Supplies,Binders,Consumer,5,268.32,113.12,0.0,2023-08-01,0.4215861657722123
2024-12-22,Latin America,Office Supplies,Binders,Consumer,2,94.0,40.7,0.0,2024-12-01,0.43297872340425536
2024-12-14,North America,Technology,Phones,Home Office,5,1955.4,432.55,0.0,2024-12-01,0.22120793699498822
2023-10-26,Latin America,Technology,Accessories,Home Office,5,1179.95,-570.18,0.4,2023-10-01,-0.48322386541802614
2024-03-20,Latin America,Office Supplies,Paper,Consumer,3,133.61,50.68,0.0,2024-03-01,0.3793129256792156
2023-03-15,Europe,Furniture,Tables,Corporate,1,236.09,-27.6,0.2,2023-03-01,-0.11690457029099073
2023-02-07,Europe,Office Supplies,Storage,Corporate,1,7.3,-0.99,0.3,2023-02-01,-0.13561643835616438
2024-02-10,Latin America,Technology,Machines,Consumer,2,465.74,21.66,0.15,2024-02-01,0.04650663460299738
2023-06-20,North America,Technology,Machines,Consumer,5,3415.69,-1052.75,0.3,2023-06-01,-0.3082100541911005
2023-08-01,Asia Pacific,Furniture,Bookcases,Consumer,1,218.3,52.33,0.0,2023-08-01,0.23971598717361428
2023-12-13,Latin America,Technology,Copiers,Corporate,1,718.38,228.42,0.0,2023-12-01,0.3179654221999499
2024-05-28,Middle East & Africa,Office Supplies,Storage,Corporate,4,215.86,92.31,0.0,2024-05-01,0.42763828407301024
2024-08-19,North America,Technology,Machines,Corporate,1,676.74,174.47,0.0,2024-08-01,0.25780949847799745
2024-07-11,Europe,Technology,Machines,Home Office,3,1042.6,-7.45,0.15,2024-07-01,-0.007145597544600039
2023-09-07,Europe,Furniture,Bookcases,Corporate,1,220.4,42.66,0.0,2023-09-01,0.193557168784029
2024-12-05,North America,Furniture,Tables,Corporate,1,524.32,-36.9,0.15,2024-12-01,-0.07037686908758009
2024-03-16,Middle East & Africa,Furniture,Furnishings,Consumer,3,370.21,-233.83,0.5,2024-03-01,-0.631614489073769
2024-09-07,Europe,Office Supplies,Art,Consumer,4,180.57,63.56,0.0,2024-09-01,0.35199645566816196
2024-05-02,North America,Furniture,Chairs,Corporate,3,893.92,-5.58,0.15,2024-05-01,-0.006242169321639521
2024-12-09,Asia Pacific,Technology,Phones,Home Office,2,900.17,212.21,0.0,2024-12-01,0.23574435939878025
2024-07-02,North America,Technology,Machines,Consumer,1,338.2,7.21,0.15,2024-07-01,0.021318746303962154
2023-05-03,Middle East & Africa,Office Supplies,Art,Consumer,3,123.57,29.67,0.1,2023-05-01,0.24010682204418551
2023-10-06,Latin America,Office Supplies,Binders,Corporate,2,105.75,15.18,0.15,2023-10-01,0.14354609929078013
2024-12-13,Europe,Furniture,Tables,Home Office,3,1145.11,-474.3,0.4,2024-12-01,-0.4141960161032565
2023-05-14,North America,Technology,Machines,Corporate,2,935.23,91.01,0.15,2023-05-01,0.09731296044823198
2024-02-14,Latin America,Technology,Machines,Corporate,1,331.11,83.87,0.0,2024-02-01,0.25329950771646886
2023-11-22,Europe,Office Supplies,Art,Consumer,2,132.62,54.89,0.0,2023-11-01,0.4138893077967124
2024-09-14,North America,Office Supplies,Binders,Consumer,1,53.23,20.0,0.0,2024-09-01,0.375727972947586
2024-03-12,Middle East & Africa,Technology,Copiers,Corporate,1,415.52,51.9,0.1,2024-03-01,0.12490373507893723
2023-06-05,North America,Office Supplies,Storage,Corporate,1,29.97,14.33,0.0,2023-06-01,0.4781448114781448
2023-06-17,North America,Technology,Copiers,Consumer,4,680.52,196.84,0.0,2023-06-01,0.28924939751954387
2023-07-22,Asia Pacific,Office Supplies,Paper,Corporate,1,32.58,6.24,0.15,2023-07-01,0.19152854511970535
2023-10-17,North America,Furniture,Tables,Corporate,4,1236.26,-89.17,0.15,2023-10-01,-0.07212884021160597
2023-07-21,Europe,Office Supplies,Paper,Corporate,4,169.95,58.6,0.0,2023-07-01,0.34480729626360695
2023-11-09,Europe,Office Supplies,Binders,Consumer,1,64.31,14.12,0.1,2023-11-01,0.2195614989892707
2024-10-06,Asia Pacific,Office Supplies,Storage,Home Office,3,137.31,27.13,0.1,2024-10-01,0.19758211346588012
2023-12-02,Europe,Office Supplies,Binders,Home Office,2,136.55,39.94,0.0,2023-12-01,0.29249359209080916
2023-09-14,North America,Office Supplies,Binders,Consumer,4,144.0,39.2,0.1,2023-09-01,0.27222222222222225
2024-05-23,North America,Furniture,Bookcases,Home Office,2,715.84,20.11,0.1,2024-05-01,0.02809286991506482
2024-03-16,Europe,Office Supplies,Art,Corporate,4,130.25,43.55,0.0,2024-03-01,0.33435700575815736
2024-11-29,Europe,Office Supplies,Paper,Corporate,5,188.31,75.08,0.0,2024-11-01,0.3987042642451277
2023-09-04,Middle East & Africa,Technology,Phones,Home Office,1,321.46,39.18,0.1,2023-09-01,0.12188141603932061
2023-05-03,Asia Pacific,Technology,Copiers,Home Office,1,243.55,-123.18,0.5,2023-05-01,-0.5057688359679737
2024-08-15,Asia Pacific,Furniture,Furnishings,Consumer,2,9.78,-0.23,0.15,2024-08-01,-0.02351738241308794
2024-04-09,Asia Pacific,Furniture,Tables,Corporate,2,562.01,-254.37,0.4,2024-04-01,-0.45260760484688883
2024-03-12,Europe,Office Supplies,Storage,Corporate,1,18.03,6.31,0.0,2024-03-01,0.3499722684414864
2023-02-27,North America,Office Supplies,Art,Consumer,3,121.67,30.79,0.1,2023-02-01,0.25306155995726143
2023-09-13,North America,Office Supplies,Storage,Consumer,2,12.66,0.9,0.2,2023-09-01,0.07109004739336493
2023-06-29,Latin America,Office Supplies,Paper,Consumer,1,11.26,2.65,0.15,2023-06-01,0.2353463587921847
2024-04-27,Asia Pacific,Office Supplies,Art,Consumer,1,43.56,16.18,0.0,2024-04-01,0.37144168962350776
2023-11-15,Asia Pacific,Furniture,Bookcases,Corporate,5,1287.79,231.17,0.0,2023-11-01,0.17950908144961522
2024-02-16,Asia Pacific,Technology,Phones,Consumer,2,748.5,160.06,0.0,2024-02-01,0.21384101536406147
2023-09-21,North America,Office Supplies,Binders,Corporate,1,50.26,21.27,0.0,2023-09-01,0.42319936331078395
2023-05-30,Europe,Technology,Phones,Home Office,5,2899.17,212.9,0.1,2023-05-01,0.07343481065270405
2024-01-01,Asia Pacific,Furniture,Furnishings,Corporate,2,869.79,102.07,0.0,2024-01-01,0.11735016498235205
2023-11-21,Middle East & Africa,Office Supplies,Art,Consumer,2,76.02,31.45,0.0,2023-11-01,0.4137069192317811
2024-12-14,North America,Office Supplies,Binders,Consumer,1,23.06,2.63,0.15,2024-12-01,0.11405030355594102
2023-03-15,Middle East & Africa,Furniture,Furnishings,Corporate,3,1280.8,-54.38,0.15,2023-03-01,-0.042457838850718306
2023-01-02,Asia Pacific,Technology,Machines,Consumer,2,963.67,11.99,0.2,2023-01-01,0.012442018533315348
2023-03-07,Middle East & Africa,Furniture,Tables,Corporate,1,271.72,71.18,0.0,2023-03-01,0.26196084204327985
2024-08-08,North America,Office Supplies,Paper,Consumer,1,21.67,9.09,0.0,2024-08-01,0.41947392708814024
2024-06-17,North America,Office Supplies,Paper,Consumer,3,175.31,58.85,0.0,2024-06-01,0.3356910615481148
2024-11-24,Latin America,Office Supplies,Paper,Consumer,3,186.75,78.78,0.0,2024-11-01,0.4218473895582329
2023-04-30,Europe,Furniture,Bookcases,Corporate,1,292.9,-38.83,0.2,2023-04-01,-0.13257084329122568
2024-12-01,Europe,Technology,Accessories,Corporate,1,252.22,8.2,0.1,2024-12-01,0.03251129965902783
2023-08-19,Asia Pacific,Technology,Accessories,Consumer,1,143.73,0.39,0.2,2023-08-01,0.0027134209977040286
2023-08-05,North America,Technology,Machines,Corporate,4,1684.94,485.81,0.0,2023-08-01,0.28832480681804695
2024-06-02,North America,Technology,Machines,Home Office,4,2152.8,514.46,0.0,2024-06-01,0.23897250092902267
2024-04-15,North America,Technology,Machines,Corporate,3,1029.12,103.91,0.1,2024-04-01,0.10096976057213931
2023-06-07,Europe,Office Supplies,Art,Consumer,2,62.42,6.98,0.15,2023-06-01,0.11182313361102211
2023-04-14,North America,Technology,Machines,Consumer,2,1143.63,-265.97,0.3,2023-04-01,-0.23256647691998286
2024-09-10,Latin America,Technology,Copiers,Consumer,2,306.38,-11.45,0.2,2024-09-01,-0.03737189111560807
2023-10-27,Asia Pacific,Office Supplies,Paper,Home Office,2,28.92,5.66,0.1,2023-10-01,0.19571230982019364
2023-05-13,Europe,Office Supplies,Art,Consumer,2,93.66,24.88,0.1,2023-05-01,0.2656416826820414
2024-07-13,Middle East & Africa,Office Supplies,Binders,Corporate,7,443.39,42.17,0.15,2024-07-01,0.09510814407181038
2023-05-15,Asia Pacific,Technology,Accessories,Corporate,4,2091.94,-139.48,0.2,2023-05-01,-0.06667495243649435
2023-05-10,North America,Technology,Copiers,Corporate,3,1828.75,508.27,0.0,2023-05-01,0.277933014354067
2024-03-29,Middle East & Africa,Office Supplies,Storage,Consumer,6,169.7,61.58,0.0,2024-03-01,0.36287566293459045
2023-04-24,North America,Office Supplies,Art,Home Office,1,62.53,-17.37,0.4,2023-04-01,-0.277786662402047
2024-11-24,Europe,Office Supplies,Storage,Corporate,4,180.77,47.55,0.1,2024-11-01,0.26304143386623885
2023-03-15,Latin America,Office Supplies,Art,Corporate,1,36.11,3.44,0.15,2023-03-01,0.09526446967599003
2024-08-09,North America,Technology,Copiers,Consumer,3,1633.63,473.26,0.0,2024-08-01,0.28969840171887146
2024-10-16,North America,Technology,Machines,Consumer,4,1140.04,293.9,0.0,2024-10-01,0.2577979720009824
2024-12-21,North America,Office Supplies,Storage,Corporate,4,299.45,86.12,0.0,2024-12-01,0.28759392219068297
2024-12-14,Middle East & Africa,Furniture,Tables,Corporate,4,1605.99,345.35,0.0,2024-12-01,0.21503869887110133
2023-10-03,North America,Furniture,Furnishings,Home Office,2,373.0,-10.9,0.15,2023-10-01,-0.029222520107238605
2023-03-26,Asia Pacific,Technology,Machines,Corporate,2,1299.11,-108.7,0.2,2023-03-01,-0.0836726682113139
2024-06-14,Asia Pacific,Office Supplies,Binders,Home Office,2,84.65,-39.21,0.5,2024-06-01,-0.4632014176018901
2024-10-21,Asia Pacific,Office Supplies,Storage,Consumer,2,120.34,-43.03,0.4,2024-10-01,-0.35757021771647
2023-12-10,North America,Furniture,Chairs,Home Office,1,286.95,-128.38,0.4,2023-12-01,-0.4473950165534065
2023-05-23,North America,Technology,Phones,Consumer,3,813.35,-199.44,0.3,2023-05-01,-0.24520808999815577
2023-12-14,Europe,Office Supplies,Storage,Consumer,4,29.0,9.77,0.0,2023-12-01,0.3368965517241379
2023-09-09,North America,Technology,Copiers,Home Office,5,1579.52,377.95,0.0,2023-09-01,0.2392815538897893
2024-03-13,North America,Office Supplies,Binders,Consumer,3,146.21,8.3,0.2,2024-03-01,0.05676766295055058
2024-12-11,North America,Technology,Accessories,Consumer,3,2001.66,8.06,0.15,2024-12-01,0.004026657873964609
2023-11-09,North America,Technology,Accessories,Consumer,2,1244.62,282.85,0.0,2023-11-01,0.22725811894393474
2024-01-19,Latin America,Furniture,Furnishings,Consumer,3,687.89,-37.18,0.15,2024-01-01,-0.05404933928389714
2024-12-14,Asia Pacific,Office Supplies,Art,Corporate,1,72.72,29.52,0.0,2024-12-01,0.40594059405940597
2023-02-16,Latin America,Furniture,Furnishings,Consumer,4,1341.83,252.22,0.0,2023-02-01,0.18796717915086114
2024-03-23,North America,Technology,Copiers,Home Office,3,470.01,101.98,0.0,2024-03-01,0.21697410693389504
2024-02-03,Europe,Office Supplies,Art,Corporate,2,44.34,6.11,0.2,2024-02-01,0.13779882724402345
2023-07-12,Europe,Office Supplies,Art,Consumer,4,32.91,12.55,0.0,2023-07-01,0.38134305682163483
2023-07-30,Asia Pacific,Technology,Copiers,Consumer,2,817.99,21.45,0.1,2023-07-01,0.02622281445983447
2024-01-14,North America,Technology,Phones,Home Office,4,2510.38,634.34,0.0,2024-01-01,0.252686844222787
2023-10-23,North America,Furniture,Tables,Consumer,2,495.16,-41.95,0.2,2023-10-01,-0.0847200904758058
2024-10-11,Latin America,Office Supplies,Paper,Consumer,1,33.13,4.33,0.2,2024-10-01,0.13069725324479323
2024-09-18,Asia Pacific,Furniture,Tables,Corporate,2,435.49,35.08,0.15,2024-09-01,0.08055294036602448
2023-07-08,Middle East & Africa,Office Supplies,Binders,Consumer,2,122.5,44.58,0.0,2023-07-01,0.3639183673469388
2024-04-26,Asia Pacific,Furniture,Chairs,Consumer,1,142.25,-8.65,0.15,2024-04-01,-0.06080843585237258
2024-02-21,Asia Pacific,Office Supplies,Art,Consumer,3,121.02,20.48,0.1,2024-02-01,0.16922822673938193
2024-05-04,North America,Furniture,Furnishings,Home Office,1,79.29,14.38,0.0,2024-05-01,0.1813595661495775
2023-04-20,North America,Technology,Accessories,Consumer,4,1346.51,232.65,0.0,2023-04-01,0.17278000163385346
2023-07-29,Asia Pacific,Office Supplies,Binders,Home Office,3,127.59,40.89,0.0,2023-07-01,0.3204796614154714
2023-01-26,North America,Furniture,Bookcases,Corporate,3,572.09,6.37,0.15,2023-01-01,0.011134611686972329
2023-04-29,North America,Office Supplies,Paper,Home Office,6,126.53,28.53,0.0,2023-04-01,0.22548012329091915
2023-09-03,North America,Technology,Accessories,Home Office,1,346.7,6.84,0.15,2023-09-01,0.019728872223824634
2024-02-03,Europe,Office Supplies,Paper,Consumer,1,33.71,13.12,0.0,2024-02-01,0.38920201720557696
2024-10-20,Latin America,Office Supplies,Binders,Consumer,4,260.14,96.97,0.0,2024-10-01,0.37276082109633274
2023-03-10,Latin America,Office Supplies,Storage,Consumer,4,144.08,25.77,0.1,2023-03-01,0.17885896724042197
2024-10-09,Asia Pacific,Office Supplies,Paper,Consumer,1,39.66,-0.06,0.2,2024-10-01,-0.0015128593040847202
2023-07-21,North America,Office Supplies,Binders,Corporate,2,47.35,17.19,0.0,2023-07-01,0.3630411826821542
2024-03-28,Asia Pacific,Office Supplies,Paper,Corporate,4,186.59,31.41,0.15,2024-03-01,0.16833699555174447
2024-08-28,North America,Furniture,Bookcases,Consumer,4,722.3,98.51,0.0,2024-08-01,0.13638377405510177
2023-01-17,Europe,Technology,Machines,Consumer,1,291.18,-148.02,0.5,2023-01-01,-0.5083453533896559
2023-09-08,Europe,Technology,Machines,Home Office,4,492.81,39.03,0.15,2023-09-01,0.07919887989285931
2023-10-24,Asia Pacific,Office Supplies,Art,Home Office,1,43.84,-19.14,0.5,2023-10-01,-0.43658759124087587
2024-03-21,North America,Furniture,Chairs,Consumer,4,609.98,-139.94,0.3,2024-03-01,-0.22941735794616216
2023-07-28,North America,Office Supplies,Binders,Home Office,2,103.59,7.57,0.2,2023-07-01,0.07307655179071339
2024-02-11,Europe,Technology,Machines,Consumer,3,1252.11,385.46,0.0,2024-02-01,0.3078483519818546
2023-09-27,Asia Pacific,Technology,Phones,Consumer,4,1521.99,391.17,0.0,2023-09-01,0.2570122011314135
2024-11-08,North America,Office Supplies,Art,Home Office,1,86.3,7.0,0.2,2024-11-01,0.08111239860950174
2024-12-25,Asia Pacific,Technology,Machines,Consumer,1,570.74,188.88,0.0,2024-12-01,0.3309387812313838
2023-12-15,Europe,Office Supplies,Storage,Consumer,5,117.5,53.82,0.0,2023-12-01,0.45804255319148934
2023-12-18,North America,Office Supplies,Art,Consumer,3,100.92,9.68,0.2,2023-12-01,0.09591755846214824
2023-02-26,North America,Technology,Copiers,Corporate,1,489.42,-207.27,0.4,2023-02-01,-0.42350128723795516
2024-07-07,Asia Pacific,Technology,Phones,Consumer,3,681.18,135.86,0.15,2024-07-01,0.19944801667694298
2024-02-28,Asia Pacific,Furniture,Tables,Home Office,4,425.93,-1.94,0.15,2024-02-01,-0.0045547390416265585
2024-12-31,Latin America,Office Supplies,Art,Consumer,5,406.02,163.96,0.0,2024-12-01,0.40382247179941877
2024-11-12,Latin America,Office Supplies,Paper,Corporate,1,30.5,15.67,0.0,2024-11-01,0.5137704918032787
2023-05-03,North America,Technology,Copiers,Consumer,1,433.92,36.92,0.1,2023-05-01,0.08508480825958702
2023-03-12,Middle East & Africa,Technology,Machines,Consumer,2,859.39,243.19,0.0,2023-03-01,0.2829797879891551
2023-02-13,Europe,Furniture,Chairs,Home Office,2,613.9,36.98,0.1,2023-02-01,0.06023782374979638
2024-03-13,North America,Technology,Copiers,Consumer,3,1277.54,352.74,0.0,2024-03-01,0.27610877154531366
2023-12-04,Asia Pacific,Technology,Phones,Consumer,2,867.05,-27.85,0.2,2023-12-01,-0.03212040828095266
2024-05-29,North America,Office Supplies,Binders,Corporate,2,91.97,21.17,0.15,2024-05-01,0.2301837555724693
2023-11-11,North America,Office Supplies,Storage,Consumer,3,182.9,-87.9,0.5,2023-11-01,-0.48059048660470205
2024-06-12,North America,Technology,Phones,Consumer,5,1921.44,-36.32,0.2,2024-06-01,-0.01890248979931718
2024-06-13,Asia Pacific,Office Supplies,Paper,Corporate,3,224.39,103.21,0.0,2024-06-01,0.4599581086501181
2023-05-07,Europe,Furniture,Chairs,Consumer,3,482.45,-109.83,0.3,2023-05-01,-0.2276505337340657
2024-10-29,North America,Office Supplies,Art,Consumer,2,63.15,7.5,0.15,2024-10-01,0.11876484560570072
2024-11-27,North America,Technology,Copiers,Home Office,2,777.24,-80.49,0.15,2024-11-01,-0.10355874633317894
2024-06-16,Europe,Office Supplies,Storage,Home Office,1,50.72,12.81,0.1,2024-06-01,0.2525630914826499
2024-05-23,Latin America,Furniture,Chairs,Consumer,1,86.1,20.79,0.0,2024-05-01,0.24146341463414633
2024-06-14,Asia Pacific,Office Supplies,Art,Corporate,5,202.6,91.71,0.0,2024-06-01,0.45266535044422507
2024-11-22,Asia Pacific,Office Supplies,Binders,Consumer,1,31.38,5.55,0.1,2024-11-01,0.17686424474187382
2023-11-14,North America,Office Supplies,Storage,Consumer,4,190.27,30.33,0.15,2023-11-01,0.15940505597309085
2023-07-24,North America,Office Supplies,Paper,Corporate,2,82.58,32.92,0.0,2023-07-01,0.3986437394042141
2023-10-14,Latin America,Technology,Phones,Corporate,4,845.49,91.9,0.1,2023-10-01,0.1086943665803262
2024-03-28,Asia Pacific,Technology,Accessories,Consumer,1,378.97,5.74,0.2,2024-03-01,0.015146317650473652
2023-06-05,Middle East & Africa,Technology,Machines,Consumer,4,1659.52,342.77,0.0,2023-06-01,0.20654767643655997
2024-10-27,North America,Office Supplies,Art,Corporate,3,113.65,33.14,0.0,2024-10-01,0.29159700835899693
2023-03-30,Asia Pacific,Technology,Accessories,Corporate,3,1302.36,341.54,0.0,2023-03-01,0.26224699775791643
2024-08-25,Latin America,Office Supplies,Binders,Corporate,2,78.81,29.47,0.0,2024-08-01,0.3739373175992894
2024-09-14,Europe,Office Supplies,Paper,Consumer,6,289.04,-39.33,0.3,2024-09-01,-0.13607113202324936
2024-05-13,North America,Furniture,Tables,Corporate,2,407.96,-9.58,0.15,2024-05-01,-0.02348269438180214
2024-08-27,Latin America,Furniture,Bookcases,Consumer,4,806.18,132.98,0.0,2024-08-01,0.16495075541442358
2024-06-14,Middle East & Africa,Office Supplies,Binders,Home Office,3,134.89,37.27,0.15,2024-06-01,0.2762992067610646
2024-10-27,Europe,Furniture,Furnishings,Corporate,1,294.74,49.16,0.0,2024-10-01,0.16679107009567753
2024-06-05,Middle East & Africa,Office Supplies,Storage,Consumer,1,57.83,28.72,0.0,2024-06-01,0.4966280477260937
2024-02-18,Middle East & Africa,Furniture,Furnishings,Consumer,1,144.16,-24.27,0.2,2024-02-01,-0.16835460599334073
2024-08-07,Middle East & Africa,Furniture,Tables,Corporate,3,478.08,99.51,0.0,2024-08-01,0.20814508032128515
2023-09-15,Asia Pacific,Technology,Phones,Consumer,3,1616.35,354.52,0.0,2023-09-01,0.21933368391746838
2024-08-12,Middle East & Africa,Technology,Machines,Consumer,3,998.95,4.13,0.2,2024-08-01,0.004134341058111017
2024-12-18,North America,Furniture,Bookcases,Home Office,4,1497.75,422.99,0.0,2024-12-01,0.2824169587714906
2023-06-12,North America,Technology,Copiers,Corporate,2,866.6,-6.15,0.15,2023-06-01,-0.007096699746134318
2024-05-30,Middle East & Africa,Office Supplies,Binders,Consumer,3,197.55,52.8,0.0,2024-05-01,0.26727410782080485
2024-10-02,Asia Pacific,Technology,Machines,Corporate,1,423.23,95.05,0.0,2024-10-01,0.224582378375824
2024-11-06,Middle East & Africa,Furniture,Bookcases,Corporate,2,1095.3,247.07,0.0,2024-11-01,0.22557290240116865
2023-02-14,Latin America,Office Supplies,Paper,Home Office,2,64.54,18.45,0.0,2023-02-01,0.28586922838549733
2023-11-19,Asia Pacific,Office Supplies,Storage,Home Office,1,60.52,22.11,0.0,2023-11-01,0.3653337739590218
2024-07-04,North America,Furniture,Chairs,Home Office,2,917.01,220.38,0.0,2024-07-01,0.24032453299309714
2023-09-27,North America,Technology,Copiers,Consumer,3,1358.04,297.3,0.0,2023-09-01,0.21891844128302554
2023-10-30,Europe,Furniture,Tables,Consumer,4,975.71,169.67,0.0,2023-10-01,0.173893882403583
2023-03-10,North America,Furniture,Tables,Consumer,1,316.88,-87.73,0.3,2023-03-01,-0.2768555920222166
2024-07-17,North America,Technology,Machines,Consumer,2,326.24,54.39,0.1,2024-07-01,0.16671775380088277
2023-12-19,Europe,Furniture,Tables,Consumer,1,145.31,-21.86,0.2,2023-12-01,-0.15043699676553574
2023-01-13,Middle East & Africa,Office Supplies,Art,Corporate,1,33.2,13.08,0.1,2023-01-01,0.3939759036144578
2023-10-24,Asia Pacific,Office Supplies,Paper,Consumer,3,74.86,14.77,0.1,2023-10-01,0.19730162970878973
2023-01-09,Asia Pacific,Office Supplies,Storage,Corporate,2,106.91,6.57,0.2,2023-01-01,0.061453559068375276
2023-04-02,North America,Technology,Machines,Consumer,1,416.87,103.6,0.0,2023-04-01,0.24851872286324272
2024-03-11,North America,Office Supplies,Paper,Consumer,4,110.84,13.14,0.15,2024-03-01,0.1185492601948755
2024-10-14,Europe,Furniture,Furnishings,Corporate,2,549.71,-70.15,0.2,2024-10-01,-0.12761274126357533
2024-06-24,Latin America,Technology,Phones,Home Office,2,503.35,-202.58,0.4,2024-06-01,-0.402463494586272
2023-11-28,Europe,Office Supplies,Paper,Consumer,5,176.86,58.42,0.1,2023-11-01,0.330317765464209
2024-10-22,Middle East & Africa,Furniture,Furnishings,Consumer,1,298.81,69.88,0.0,2024-10-01,0.23386098189484955
2023-11-04,Europe,Technology,Copiers,Corporate,4,1031.77,275.53,0.0,2023-11-01,0.26704595016331156
2023-03-13,Latin America,Office Supplies,Paper,Consumer,5,315.75,-8.93,0.2,2023-03-01,-0.028281868566904195
2024-05-08,North America,Furniture,Tables,Home Office,1,373.08,27.06,0.1,2024-05-01,0.07253136056609842
2023-03-01,Middle East & Africa,Office Supplies,Paper,Corporate,2,32.77,11.64,0.0,2023-03-01,0.355202929508697
2024-01-16,Middle East & Africa,Office Supplies,Storage,Home Office,2,81.3,16.07,0.15,2024-01-01,0.1976629766297663
2024-06-15,North America,Furniture,Chairs,Home Office,3,192.35,-9.69,0.2,2024-06-01,-0.05037691707824279
2023-08-24,North America,Technology,Machines,Home Office,2,891.0,189.55,0.0,2023-08-01,0.21273849607182943
2024-11-07,Europe,Office Supplies,Art,Consumer,2,141.66,-6.63,0.3,2024-11-01,-0.046802202456586194
2023-04-19,North America,Furniture,Chairs,Consumer,1,175.05,-35.38,0.3,2023-04-01,-0.2021136818051985
2023-12-03,Asia Pacific,Technology,Copiers,Corporate,3,1254.78,326.0,0.0,2023-12-01,0.25980649994421334
2023-05-27,North America,Office Supplies,Storage,Home Office,2,91.22,-35.72,0.5,2023-05-01,-0.39158079368559523
2023-04-15,Asia Pacific,Technology,Phones,Consumer,6,1689.33,275.71,0.1,2023-04-01,0.16320671508823023
2023-12-02,Latin America,Office Supplies,Art,Corporate,3,99.79,27.07,0.1,2023-12-01,0.2712696662992284
2024-05-24,Asia Pacific,Furniture,Bookcases,Corporate,2,161.46,48.48,0.0,2024-05-01,0.3002601263470828
2024-01-13,Latin America,Office Supplies,Paper,Consumer,2,54.22,8.32,0.2,2024-01-01,0.1534489118406492
2023-03-31,Latin America,Office Supplies,Storage,Consumer,3,75.61,1.09,0.2,2023-03-01,0.014416082528766038
2024-05-12,Asia Pacific,Technology,Phones,Consumer,2,265.12,-25.29,0.2,2024-05-01,-0.09539076644538322
2024-10-04,Latin America,Technology,Accessories,Consumer,1,523.21,-68.71,0.2,2024-10-01,-0.13132394258519522
2024-09-12,North America,Technology,Copiers,Corporate,3,1771.6,-98.14,0.2,2024-09-01,-0.05539625197561527
2023-01-19,Latin America,Technology,Phones,Consumer,3,1064.15,280.26,0.0,2023-01-01,0.26336512709674387
2023-03-27,Asia Pacific,Technology,Accessories,Consumer,3,1624.42,-6.21,0.15,2023-03-01,-0.003822902943819948
2023-10-30,North America,Technology,Copiers,Corporate,3,1536.1,406.16,0.0,2023-10-01,0.264409869149144
2023-10-02,Europe,Office Supplies,Storage,Home Office,1,28.13,-8.17,0.4,2023-10-01,-0.29043725559900463
2024-12-27,Latin America,Furniture,Tables,Consumer,3,908.19,19.63,0.1,2024-12-01,0.0216144198901111
2023-04-05,Latin America,Technology,Machines,Corporate,4,1817.89,540.83,0.0,2023-04-01,0.29750424943203385
2024-12-12,Europe,Furniture,Furnishings,Corporate,5,1534.85,2.98,0.1,2024-12-01,0.0019415578069518196
2024-03-08,Asia Pacific,Furniture,Chairs,Consumer,1,335.8,-136.75,0.4,2024-03-01,-0.40723645026801664
2024-10-19,Latin America,Technology,Machines,Consumer,1,222.11,25.85,0.15,2024-10-01,0.11638377380577192
2024-05-17,North America,Office Supplies,Storage,Consumer,4,177.08,75.9,0.0,2024-05-01,0.42861983284391236
2023-05-27,Europe,Office Supplies,Storage,Consumer,2,135.1,58.04,0.0,2023-05-01,0.4296076980014804
2023-10-20,Asia Pacific,Furniture,Bookcases,Consumer,4,583.62,137.38,0.0,2023-10-01,0.23539289263561905
2023-09-23,Europe,Furniture,Tables,Consumer,3,821.28,180.74,0.0,2023-09-01,0.22007110851353986
2023-01-08,Latin America,Technology,Copiers,Consumer,2,759.66,250.53,0.0,2023-01-01,0.32979227549166734
2024-07-04,Latin America,Office Supplies,Binders,Consumer,1,63.99,14.72,0.1,2024-07-01,0.2300359431161119
2024-11-08,Asia Pacific,Technology,Phones,Corporate,1,620.91,50.29,0.1,2024-11-01,0.08099402489893866
2024-06-19,Europe,Furniture,Furnishings,Consumer,1,83.85,1.49,0.2,2024-06-01,0.017769827072152654
2024-04-07,Asia Pacific,Furniture,Bookcases,Consumer,2,627.35,40.76,0.1,2024-04-01,0.06497170638399617
2024-10-02,Europe,Office Supplies,Art,Consumer,2,68.02,5.79,0.2,2024-10-01,0.08512202293443105
2023-10-27,Europe,Furniture,Bookcases,Corporate,1,201.0,-21.17,0.15,2023-10-01,-0.10532338308457713
2023-05-09,Asia Pacific,Technology,Accessories,Corporate,2,962.54,344.61,0.0,2023-05-01,0.35802148482141005
2024-05-15,North America,Office Supplies,Paper,Consumer,5,287.2,111.3,0.0,2024-05-01,0.3875348189415042
2024-04-09,Asia Pacific,Office Supplies,Art,Corporate,4,155.12,65.44,0.0,2024-04-01,0.42186694172253736
2024-07-09,Europe,Technology,Phones,Consumer,4,2007.3,616.54,0.0,2024-07-01,0.3071489064913067
2024-04-14,North America,Office Supplies,Storage,Corporate,1,65.99,12.82,0.1,2024-04-01,0.19427185937263225
2024-06-03,Asia Pacific,Office Supplies,Paper,Consumer,5,230.94,74.76,0.0,2024-06-01,0.3237204468693167
2024-03-31,North America,Technology,Machines,Corporate,3,905.36,256.42,0.0,2024-03-01,0.28322435274366
2023-12-16,Middle East & Africa,Office Supplies,Binders,Consumer,3,54.02,19.19,0.0,2023-12-01,0.3552388004442799
2023-09-09,North America,Technology,Machines,Consumer,1,692.44,10.08,0.15,2023-09-01,0.014557217953902142
2023-08-03,North America,Office Supplies,Binders,Corporate,2,90.0,40.68,0.0,2023-08-01,0.452
2023-11-29,Asia Pacific,Office Supplies,Binders,Consumer,2,87.98,-16.16,0.3,2023-11-01,-0.18367810866105932
2023-07-25,North America,Technology,Phones,Corporate,2,1048.62,-511.94,0.5,2023-07-01,-0.48820354370506003
2024-11-20,North America,Office Supplies,Paper,Consumer,3,216.38,8.04,0.2,2024-11-01,0.03715685368333487
2024-10-21,North America,Technology,Copiers,Consumer,4,2130.06,574.29,0.0,2024-10-01,0.26961212360215203
2023-06-01,Asia Pacific,Office Supplies,Paper,Consumer,2,109.03,0.3,0.2,2023-06-01,0.002751536274419884
2023-08-15,Asia Pacific,Office Supplies,Paper,Corporate,4,168.51,13.23,0.15,2023-08-01,0.07851166102901906
2023-02-26,Europe,Technology,Accessories,Home Office,2,643.2,85.62,0.1,2023-02-01,0.13311567164179106
2023-09-09,Latin America,Furniture,Tables,Home Office,4,1305.11,-37.81,0.15,2023-09-01,-0.02897073809870433
2024-11-04,Asia Pacific,Office Supplies,Paper,Consumer,1,49.05,12.0,0.0,2024-11-01,0.24464831804281348
2024-05-17,Asia Pacific,Office Supplies,Paper,Home Office,5,159.48,64.54,0.0,2024-05-01,0.4046902432906948
2024-07-26,North America,Office Supplies,Storage,Corporate,3,162.08,11.2,0.15,2024-07-01,0.06910167818361303
2023-04-18,Asia Pacific,Technology,Accessories,Consumer,5,1792.2,339.54,0.0,2023-04-01,0.18945430197522597
2023-12-05,North America,Office Supplies,Storage,Consumer,3,267.17,74.61,0.1,2023-12-01,0.27926039600254515
2024-03-25,Europe,Furniture,Bookcases,Consumer,4,247.3,-52.99,0.2,2024-03-01,-0.2142741609381318
2023-06-21,Asia Pacific,Furniture,Chairs,Corporate,3,562.28,122.16,0.0,2023-06-01,0.21725830547058406
2023-09-26,Middle East & Africa,Office Supplies,Storage,Consumer,2,83.17,28.96,0.0,2023-09-01,0.34820247685463507
2023-02-22,Europe,Office Supplies,Art,Consumer,4,210.06,-32.76,0.4,2023-02-01,-0.15595544130248498
2024-06-07,Middle East & Africa,Technology,Machines,Corporate,2,10.18,-6.32,0.5,2024-06-01,-0.6208251473477407
2024-10-22,North America,Office Supplies,Storage,Corporate,3,143.61,19.2,0.15,2024-10-01,0.133695425109672
2024-12-23,Asia Pacific,Furniture,Bookcases,Corporate,1,256.31,-83.09,0.3,2024-12-01,-0.32417775350161915
2024-03-16,Latin America,Technology,Accessories,Consumer,4,2110.62,554.99,0.0,2024-03-01,0.26295117074603674
2023-11-29,Asia Pacific,Technology,Machines,Consumer,4,1684.9,43.43,0.15,2023-11-01,0.02577601044572378
2024-04-17,Latin America,Furniture,Furnishings,Corporate,2,601.17,-13.32,0.15,2024-04-01,-0.022156794251210143
2023-06-26,Latin America,Furniture,Tables,Home Office,3,796.75,157.31,0.0,2023-06-01,0.19743959836837152
2023-04-06,North America,Office Supplies,Art,Home Office,2,61.85,14.44,0.1,2023-04-01,0.23346806790622474
2023-10-08,Europe,Technology,Machines,Corporate,1,341.17,77.32,0.0,2023-10-01,0.22663188439780751
2024-08-22,Latin America,Office Supplies,Binders,Corporate,4,217.37,98.44,0.0,2024-08-01,0.4528683811013479
2023-12-20,Asia Pacific,Office Supplies,Binders,Corporate,2,205.62,10.55,0.2,2023-12-01,0.05130823849820056
2023-05-04,Asia Pacific,Technology,Machines,Home Office,2,408.72,96.74,0.0,2023-05-01,0.2366901546290859
2024-11-20,North America,Technology,Phones,Consumer,3,1721.62,-62.22,0.2,2024-11-01,-0.0361403794100905
2024-07-17,Asia Pacific,Technology,Accessories,Consumer,5,1642.33,450.43,0.0,2024-07-01,0.27426278518933467
2024-03-25,North America,Office Supplies,Paper,Home Office,1,52.94,9.08,0.15,2024-03-01,0.17151492255383455
2024-07-25,Europe,Furniture,Chairs,Consumer,5,1540.78,455.26,0.0,2024-07-01,0.29547372110229886
2024-10-28,Latin America,Technology,Phones,Home Office,3,1294.25,419.48,0.0,2024-10-01,0.32411048870001935
2024-09-04,Asia Pacific,Furniture,Furnishings,Consumer,1,139.75,18.84,0.1,2024-09-01,0.13481216457960643
2024-11-29,Europe,Technology,Accessories,Consumer,4,2294.3,619.87,0.0,2024-11-01,0.270178267881271
2024-02-22,Middle East & Africa,Technology,Copiers,Corporate,1,411.62,66.97,0.0,2024-02-01,0.16269860550993634
2023-06-29,Latin America,Technology,Accessories,Consumer,2,1014.47,291.75,0.0,2023-06-01,0.2875885930584443
2024-08-20,Latin America,Office Supplies,Paper,Home Office,4,163.71,8.65,0.15,2024-08-01,0.05283733431067131
2023-08-06,North America,Furniture,Chairs,Corporate,3,869.56,-73.62,0.15,2023-08-01,-0.0846635079810479
2024-04-19,Europe,Technology,Accessories,Consumer,3,1074.5,-66.93,0.2,2024-04-01,-0.06228943694741741
2023-11-30,Latin America,Furniture,Chairs,Corporate,1,406.53,30.86,0.1,2023-11-01,0.07591075689371019
2024-04-14,Latin America,Furniture,Tables,Consumer,7,3330.75,622.23,0.0,2024-04-01,0.18681378068002702
2024-12-15,Asia Pacific,Office Supplies,Art,Consumer,1,73.48,29.55,0.0,2024-12-01,0.4021502449646162
2024-08-05,North America,Furniture,Tables,Consumer,5,1429.88,343.37,0.0,2024-08-01,0.24013903264609615
2024-09-14,Asia Pacific,Furniture,Tables,Corporate,4,727.26,106.5,0.0,2024-09-01,0.14644006270109727
2023-07-30,Europe,Technology,Machines,Consumer,2,684.26,139.51,0.0,2023-07-01,0.20388448835238066
2024-11-07,Asia Pacific,Office Supplies,Storage,Consumer,2,119.96,40.46,0.0,2024-11-01,0.33727909303101034
2024-04-06,Europe,Office Supplies,Storage,Consumer,2,91.87,11.91,0.2,2024-04-01,0.12963970828344398
2023-01-04,Middle East & Africa,Technology,Accessories,Consumer,3,1173.92,321.59,0.0,2023-01-01,0.2739454136568079
2024-06-24,North America,Technology,Machines,Consumer,1,701.36,59.33,0.1,2024-06-01,0.08459279114862553
2024-03-12,Asia Pacific,Office Supplies,Binders,Home Office,2,65.92,20.13,0.0,2024-03-01,0.30537014563106796
2023-04-10,Europe,Technology,Machines,Consumer,5,1442.88,439.5,0.0,2023-04-01,0.3045991350632069
2024-04-02,Asia Pacific,Technology,Phones,Corporate,2,1160.82,-3.87,0.15,2024-04-01,-0.003333850209334781
2023-01-14,Asia Pacific,Office Supplies,Paper,Corporate,4,150.54,52.21,0.0,2023-01-01,0.3468181214295204
2023-05-16,Latin America,Office Supplies,Paper,Consumer,1,32.71,1.45,0.2,2023-05-01,0.04432895139101192
2023-04-05,North America,Furniture,Bookcases,Consumer,2,393.63,98.38,0.0,2023-04-01,0.24993013743871148
2024-12-14,Latin America,Office Supplies,Paper,Corporate,3,94.31,31.65,0.0,2024-12-01,0.3355953769483618
2023-08-12,Europe,Office Supplies,Paper,Home Office,2,57.81,22.73,0.0,2023-08-01,0.3931845701435738
2024-04-19,Asia Pacific,Technology,Machines,Consumer,2,861.2,198.43,0.0,2024-04-01,0.2304110543427775
2023-04-24,Europe,Office Supplies,Art,Consumer,5,66.09,24.81,0.0,2023-04-01,0.3753971856559237
2023-07-26,Asia Pacific,Furniture,Furnishings,Consumer,4,1084.99,209.19,0.0,2023-07-01,0.19280362030986462
2024-10-27,Europe,Technology,Accessories,Corporate,1,538.02,93.31,0.0,2024-10-01,0.173432214415821
2024-01-24,Middle East & Africa,Technology,Copiers,Consumer,4,801.13,194.92,0.0,2024-01-01,0.24330632980914457
2024-01-29,Middle East & Africa,Furniture,Tables,Home Office,2,482.37,107.83,0.0,2024-01-01,0.22354209424300847
2024-01-24,Asia Pacific,Furniture,Chairs,Corporate,1,192.64,38.46,0.0,2024-01-01,0.19964700996677742
2024-11-28,Middle East & Africa,Office Supplies,Paper,Consumer,1,51.39,10.47,0.1,2024-11-01,0.20373613543490954
2023-10-06,North America,Furniture,Furnishings,Home Office,3,1065.47,-155.79,0.2,2023-10-01,-0.14621716237904397
2024-10-21,North America,Technology,Machines,Home Office,3,1734.95,478.59,0.0,2024-10-01,0.2758523300383296
2024-09-29,North America,Furniture,Furnishings,Consumer,2,467.79,77.33,0.0,2024-09-01,0.16530921994912245
2024-05-17,North America,Office Supplies,Paper,Home Office,1,21.65,2.68,0.2,2024-05-01,0.1237875288683603
2023-01-28,North America,Office Supplies,Paper,Corporate,1,20.78,8.86,0.0,2023-01-01,0.4263715110683349
2023-03-06,North America,Technology,Machines,Corporate,4,2127.75,-261.78,0.3,2023-03-01,-0.1230313711667254
2024-12-13,North America,Technology,Machines,Corporate,5,1785.51,-314.86,0.3,2024-12-01,-0.17634177349888827
2023-11-07,Asia Pacific,Office Supplies,Paper,Consumer,2,99.36,21.7,0.15,2023-11-01,0.2183977455716586
2024-11-16,Europe,Office Supplies,Paper,Consumer,5,308.84,-101.43,0.4,2024-11-01,-0.32842248413417957
2023-02-27,North America,Furniture,Bookcases,Corporate,3,535.68,154.5,0.0,2023-02-01,0.288418458781362
2024-12-04,North America,Office Supplies,Paper,Corporate,2,52.92,5.62,0.15,2024-12-01,0.10619803476946334
2024-01-24,Latin America,Office Supplies,Binders,Corporate,1,18.92,-1.76,0.3,2024-01-01,-0.09302325581395349
2024-02-22,North America,Furniture,Tables,Home Office,3,585.54,133.85,0.0,2024-02-01,0.22859241042456535
2024-02-16,North America,Office Supplies,Storage,Consumer,5,131.13,33.25,0.1,2024-02-01,0.25356516434073056
2023-04-28,Asia Pacific,Office Supplies,Paper,Home Office,3,58.54,18.24,0.1,2023-04-01,0.311581824393577
2023-06-25,Latin America,Furniture,Tables,Consumer,2,620.21,154.21,0.0,2023-06-01,0.24864158913916254
2024-10-23,Europe,Technology,Copiers,Corporate,2,886.14,-43.65,0.2,2024-10-01,-0.049258582165346336
2024-10-08,Europe,Technology,Copiers,Corporate,3,745.64,37.31,0.15,2024-10-01,0.05003755163349606
2024-10-29,Asia Pacific,Office Supplies,Paper,Corporate,2,54.34,3.53,0.2,2024-10-01,0.06496135443503864
2023-05-19,Middle East & Africa,Technology,Accessories,Corporate,2,1003.08,340.84,0.0,2023-05-01,0.3397934362164533
2023-03-20,Europe,Furniture,Bookcases,Consumer,2,701.57,-39.31,0.2,2023-03-01,-0.056031472269338765
2023-04-30,Europe,Furniture,Furnishings,Corporate,3,543.54,-54.1,0.2,2023-04-01,-0.09953269308606544
2024-09-07,Europe,Office Supplies,Binders,Consumer,3,34.07,6.34,0.15,2024-09-01,0.18608746697974757
2023-04-29,Asia Pacific,Technology,Copiers,Consumer,2,673.87,34.39,0.15,2023-04-01,0.051033582144924095
2024-01-31,Asia Pacific,Office Supplies,Art,Consumer,2,48.9,19.79,0.0,2024-01-01,0.40470347648261756
2023-09-22,Europe,Technology,Phones,Consumer,4,1751.69,300.97,0.0,2023-09-01,0.17181693107798757
2024-04-19,Latin America,Technology,Accessories,Consumer,1,309.8,74.02,0.0,2024-04-01,0.23892834086507422
2023-03-25,North America,Office Supplies,Art,Consumer,1,38.2,9.64,0.1,2023-03-01,0.2523560209424084
2024-09-03,Asia Pacific,Furniture,Tables,Consumer,2,317.62,-88.91,0.3,2024-09-01,-0.27992569737422074
2023-02-13,Latin America,Technology,Machines,Corporate,3,1261.2,-501.22,0.4,2023-02-01,-0.3974151601649223
2023-10-26,Europe,Office Supplies,Art,Consumer,2,13.31,4.84,0.0,2023-10-01,0.3636363636363636
2023-07-12,Europe,Furniture,Furnishings,Corporate,3,473.99,-242.27,0.5,2023-07-01,-0.511128926770607
2024-04-16,Middle East & Africa,Technology,Machines,Consumer,2,1186.18,285.74,0.0,2024-04-01,0.24089092717799995
2023-01-08,North America,Furniture,Chairs,Home Office,1,353.06,-21.71,0.2,2023-01-01,-0.061490964708548125
2024-05-06,Asia Pacific,Furniture,Furnishings,Home Office,4,1255.22,-187.04,0.2,2024-05-01,-0.14900973534519843
2023-01-21,Asia Pacific,Technology,Copiers,Home Office,2,906.73,0.17,0.15,2023-01-01,0.00018748690348835927
2024-07-23,Asia Pacific,Office Supplies,Art,Home Office,2,92.87,35.08,0.0,2024-07-01,0.377732313987294
2023-02-10,Europe,Technology,Accessories,Consumer,4,1528.79,288.45,0.0,2023-02-01,0.18867862819615513
2023-09-14,Latin America,Furniture,Furnishings,Consumer,2,695.8,30.92,0.1,2023-09-01,0.04443805691290601
2024-08-23,Asia Pacific,Technology,Copiers,Corporate,4,1132.45,175.21,0.1,2024-08-01,0.15471764757825954
2023-10-27,Middle East & Africa,Technology,Machines,Corporate,2,561.83,62.65,0.1,2023-10-01,0.11151059929160065
2023-04-06,Asia Pacific,Office Supplies,Binders,Consumer,4,171.37,64.6,0.0,2023-04-01,0.3769621287273151
2024-02-09,Middle East & Africa,Furniture,Tables,Corporate,2,297.82,92.64,0.0,2024-02-01,0.31106037203680076
2023-12-27,North America,Office Supplies,Art,Consumer,7,642.05,62.65,0.2,2023-12-01,0.0975780702437505
2023-05-31,North America,Office Supplies,Paper,Consumer,2,64.21,26.06,0.0,2023-05-01,0.4058557857031615
2023-02-03,North America,Office Supplies,Paper,Consumer,1,23.58,11.08,0.0,2023-02-01,0.4698897370653096
2023-06-04,Middle East & Africa,Office Supplies,Paper,Consumer,1,43.76,-10.53,0.4,2023-06-01,-0.2406307129798903
2023-01-04,Europe,Furniture,Tables,Consumer,2,614.3,142.62,0.0,2023-01-01,0.23216669379781868
2023-03-10,Asia Pacific,Technology,Accessories,Corporate,4,2811.8,909.16,0.0,2023-03-01,0.32333736396614265
2023-05-19,Europe,Office Supplies,Storage,Corporate,2,106.88,21.88,0.15,2023-05-01,0.20471556886227546
2023-05-28,North America,Technology,Accessories,Corporate,4,909.65,265.22,0.0,2023-05-01,0.29156268894629805
2024-05-03,Asia Pacific,Technology,Copiers,Home Office,5,398.73,76.07,0.0,2024-05-01,0.19078072881398436
2023-06-28,North America,Office Supplies,Storage,Consumer,1,64.31,5.05,0.15,2023-06-01,0.0785258902192505
2023-07-26,Europe,Office Supplies,Storage,Consumer,2,88.78,2.98,0.2,2023-07-01,0.03356611849515657
2023-09-18,Middle East & Africa,Office Supplies,Binders,Corporate,2,81.71,34.27,0.0,2023-09-01,0.41941010892179664
2024-11-24,Asia Pacific,Office Supplies,Paper,Consumer,1,39.71,16.33,0.0,2024-11-01,0.4112314278519264
2024-05-03,North America,Technology,Copiers,Home Office,1,445.5,-101.31,0.3,2024-05-01,-0.22740740740740742
2023-03-29,Asia Pacific,Office Supplies,Paper,Consumer,5,196.06,65.08,0.0,2023-03-01,0.3319392022850148
2024-11-22,Latin America,Office Supplies,Art,Consumer,1,53.84,-14.36,0.4,2024-11-01,-0.26671619613670133
2024-10-09,North America,Technology,Machines,Consumer,3,1105.75,37.04,0.15,2024-10-01,0.03349762604567036
2023-10-20,Asia Pacific,Office Supplies,Binders,Corporate,2,87.56,12.0,0.2,2023-10-01,0.13704888076747374
2024-12-20,Asia Pacific,Furniture,Furnishings,Consumer,2,772.55,167.56,0.0,2024-12-01,0.21689211054300694
2024-04-03,Asia Pacific,Office Supplies,Storage,Home Office,4,215.98,5.44,0.2,2024-04-01,0.025187517362718775
2024-09-07,North America,Technology,Phones,Home Office,4,2649.38,-31.38,0.15,2024-09-01,-0.011844280548656666
2023-10-25,Latin America,Office Supplies,Storage,Corporate,2,82.43,25.81,0.1,2023-10-01,0.3131141574669416
2023-08-22,Middle East & Africa,Technology,Copiers,Consumer,4,1283.96,333.08,0.0,2023-08-01,0.25941618118944515
2024-01-15,Latin America,Office Supplies,Paper,Consumer,3,129.12,33.7,0.1,2024-01-01,0.26099752168525403
2024-09-09,North America,Furniture,Tables,Corporate,2,696.71,181.89,0.0,2024-09-01,0.26106988560520156
2023-06-25,North America,Office Supplies,Paper,Corporate,1,49.14,0.88,0.2,2023-06-01,0.01790801790801791
2023-10-18,North America,Technology,Phones,Consumer,6,1824.42,168.7,0.1,2023-10-01,0.09246774317317283
2024-12-16,Asia Pacific,Technology,Phones,Corporate,3,2250.88,590.9,0.0,2024-12-01,0.2625195479101507
2023-12-09,Asia Pacific,Office Supplies,Paper,Consumer,1,52.89,19.81,0.0,2023-12-01,0.37455095481187367
2024-11-08,Latin America,Office Supplies,Storage,Consumer,3,115.05,11.95,0.15,2024-11-01,0.10386788352890047
2024-09-24,Europe,Office Supplies,Binders,Consumer,1,34.88,13.78,0.0,2024-09-01,0.3950688073394495
2023-12-25,Asia Pacific,Furniture,Bookcases,Consumer,1,40.57,-5.39,0.2,2023-12-01,-0.13285679073206802
2023-06-22,Asia Pacific,Office Supplies,Storage,Consumer,1,37.35,9.03,0.1,2023-06-01,0.24176706827309236
2024-10-25,Asia Pacific,Technology,Phones,Home Office,1,452.59,136.07,0.0,2024-10-01,0.3006473850504872
2023-10-21,Europe,Office Supplies,Storage,Consumer,4,89.51,33.65,0.0,2023-10-01,0.37593564964808396
2023-02-17,Asia Pacific,Technology,Accessories,Consumer,1,22.78,6.5,0.0,2023-02-01,0.28533801580333623
2023-09-20,Europe,Office Supplies,Art,Home Office,4,152.49,59.46,0.0,2023-09-01,0.38992720834153055
2023-09-14,North America,Technology,Machines,Consumer,1,358.46,13.89,0.15,2023-09-01,0.03874909334374826
2023-04-08,North America,Technology,Phones,Corporate,2,445.5,-22.57,0.2,2023-04-01,-0.050662177328843996
2023-03-03,North America,Technology,Copiers,Corporate,3,509.96,149.69,0.0,2023-03-01,0.29353282610400816
2023-07-10,Asia Pacific,Furniture,Tables,Home Office,4,1896.13,-121.88,0.2,2023-07-01,-0.06427829315500519
2024-02-22,Europe,Office Supplies,Paper,Consumer,2,90.17,11.69,0.15,2024-02-01,0.12964400576688476
2024-12-31,Europe,Office Supplies,Art,Consumer,5,230.02,90.76,0.0,2024-12-01,0.3945743848361012
2024-05-03,North America,Furniture,Bookcases,Corporate,2,444.01,103.26,0.0,2024-05-01,0.23256232967725954
2024-07-28,Middle East & Africa,Technology,Phones,Consumer,3,1402.43,367.47,0.0,2024-07-01,0.26202377302253943
2023-10-04,North America,Office Supplies,Binders,Corporate,2,72.44,25.44,0.0,2023-10-01,0.3511871893981226
2023-06-11,Latin America,Technology,Phones,Consumer,4,1927.96,387.54,0.0,2023-06-01,0.20101039440652296
2024-08-09,Europe,Furniture,Bookcases,Consumer,1,285.58,-5.56,0.15,2024-08-01,-0.019469150500735347
2024-03-28,Latin America,Office Supplies,Binders,Consumer,2,127.9,47.48,0.0,2024-03-01,0.3712275215011728
2024-12-07,Europe,Technology,Copiers,Consumer,6,3384.18,739.91,0.0,2024-12-01,0.2186378975113617
2024-06-27,Europe,Furniture,Bookcases,Corporate,2,751.34,32.63,0.1,2024-06-01,0.04342907338887854
2024-10-05,Europe,Technology,Machines,Consumer,3,970.13,-203.39,0.3,2024-10-01,-0.20965231463824435
2023-09-19,Asia Pacific,Office Supplies,Binders,Corporate,4,171.35,4.13,0.2,2023-09-01,0.024102713743799242
2023-02-23,North America,Technology,Copiers,Corporate,1,318.01,124.63,0.0,2023-02-01,0.3919059149083362
2023-02-10,Middle East & Africa,Office Supplies,Paper,Consumer,3,89.31,32.49,0.0,2023-02-01,0.36378904937856904
2024-04-27,Asia Pacific,Technology,Accessories,Corporate,4,1905.37,-16.99,0.2,2024-04-01,-0.008916903278628298
2024-03-27,Asia Pacific,Furniture,Bookcases,Corporate,2,629.52,120.68,0.0,2024-03-01,0.1917016139280722
2023-09-29,North America,Technology,Phones,Consumer,3,1014.21,357.58,0.0,2023-09-01,0.3525699805760148
2023-10-20,Europe,Technology,Phones,Consumer,1,558.02,122.02,0.0,2023-10-01,0.21866599763449338
2024-03-09,Europe,Furniture,Bookcases,Consumer,4,1276.69,273.91,0.0,2024-03-01,0.21454699261371202
2024-11-30,Asia Pacific,Office Supplies,Binders,Home Office,2,152.98,65.45,0.0,2024-11-01,0.4278337037521245
2024-09-07,Asia Pacific,Office Supplies,Art,Consumer,2,89.68,29.55,0.0,2024-09-01,0.32950490633363066
2024-11-14,North America,Office Supplies,Storage,Corporate,3,164.18,11.09,0.2,2024-11-01,0.0675478133755634
2024-11-13,Europe,Office Supplies,Paper,Home Office,1,68.94,26.24,0.0,2024-11-01,0.38062082970699157
2024-07-20,Asia Pacific,Office Supplies,Binders,Consumer,1,70.38,23.95,0.0,2024-07-01,0.3402955385052572
2024-10-26,Latin America,Furniture,Chairs,Corporate,2,255.49,59.59,0.0,2024-10-01,0.23323809151043093
2024-12-06,North America,Technology,Machines,Consumer,1,698.24,196.07,0.0,2024-12-01,0.28080602658111825
2024-05-25,North America,Technology,Machines,Consumer,3,1744.05,30.35,0.2,2024-05-01,0.017402024024540583
2023-08-31,North America,Technology,Phones,Corporate,1,262.24,-3.46,0.15,2023-08-01,-0.013194020744356313
2024-05-22,North America,Office Supplies,Storage,Consumer,3,70.12,3.63,0.15,2024-05-01,0.051768397033656585
2023-07-30,Europe,Office Supplies,Binders,Consumer,1,25.09,5.01,0.1,2023-07-01,0.19968114786767635
2024-06-17,Asia Pacific,Technology,Machines,Home Office,2,979.25,265.33,0.0,2024-06-01,0.2709522593821802
2023-05-15,Europe,Office Supplies,Binders,Corporate,2,49.22,20.34,0.0,2023-05-01,0.4132466477041853
2024-06-13,Asia Pacific,Furniture,Bookcases,Corporate,2,430.37,69.14,0.0,2024-06-01,0.1606524618351651
2023-11-01,North America,Technology,Copiers,Home Office,3,2298.81,687.54,0.0,2023-11-01,0.29908517885340674
2024-09-16,North America,Office Supplies,Storage,Consumer,2,82.74,27.17,0.0,2024-09-01,0.3283780517283056
2023-05-03,North America,Technology,Machines,Consumer,5,1554.87,525.31,0.0,2023-05-01,0.33784818023371727
2023-07-15,Europe,Furniture,Bookcases,Corporate,2,275.89,48.44,0.0,2023-07-01,0.17557722280619087
2024-06-28,North America,Technology,Accessories,Corporate,2,1126.35,221.45,0.0,2024-06-01,0.1966085142273716
2023-10-06,Middle East & Africa,Office Supplies,Storage,Corporate,1,25.96,11.77,0.0,2023-10-01,0.45338983050847453
2024-07-17,Asia Pacific,Technology,Phones,Corporate,4,2164.38,459.95,0.0,2024-07-01,0.21250889400197745
2024-08-25,North America,Furniture,Chairs,Home Office,1,170.23,39.4,0.0,2024-08-01,0.23145156552899018
2023-07-28,Europe,Office Supplies,Storage,Corporate,2,66.37,4.47,0.2,2023-07-01,0.06734970619255687
2024-11-11,Latin America,Office Supplies,Storage,Consumer,3,209.53,77.8,0.0,2024-11-01,0.3713072113778456
2023-09-25,Europe,Technology,Copiers,Home Office,5,2635.8,352.53,0.1,2023-09-01,0.13374687002048713
2023-04-17,North America,Furniture,Tables,Corporate,1,238.24,55.51,0.0,2023-04-01,0.23300033579583612
2024-06-02,Europe,Office Supplies,Paper,Corporate,1,35.85,4.57,0.15,2024-06-01,0.1274755927475593
2024-11-09,Middle East & Africa,Technology,Accessories,Corporate,1,455.74,-141.29,0.4,2024-11-01,-0.3100232588756747
2024-08-15,North America,Office Supplies,Paper,Corporate,3,168.35,14.75,0.15,2024-08-01,0.08761508761508761
2023-12-04,Asia Pacific,Technology,Accessories,Home Office,6,1626.54,361.65,0.0,2023-12-01,0.22234313327677155
2023-09-25,Europe,Office Supplies,Binders,Corporate,3,115.65,8.45,0.2,2023-09-01,0.07306528318201469
2023-03-13,Latin America,Technology,Accessories,Consumer,3,1207.67,373.36,0.0,2023-03-01,0.30915730290559507
2024-08-07,Europe,Technology,Phones,Corporate,2,926.96,259.2,0.0,2024-08-01,0.2796237162337102
2023-01-04,Asia Pacific,Technology,Copiers,Consumer,3,806.86,276.23,0.0,2023-01-01,0.34235183303175276
2024-12-27,Latin America,Office Supplies,Paper,Home Office,3,211.83,25.29,0.15,2024-12-01,0.11938818864183542
2024-06-20,Asia Pacific,Office Supplies,Paper,Consumer,4,178.55,4.11,0.2,2024-06-01,0.023018762251470176
2023-05-13,Asia Pacific,Technology,Accessories,Consumer,3,1360.18,388.26,0.0,2023-05-01,0.285447514299578
2024-04-23,Asia Pacific,Technology,Machines,Corporate,1,370.09,70.59,0.0,2024-04-01,0.1907373882028696
2023-05-21,Europe,Office Supplies,Paper,Consumer,1,36.17,13.73,0.0,2023-05-01,0.37959635056676805
2024-10-09,Europe,Technology,Phones,Consumer,3,1636.57,91.19,0.1,2024-10-01,0.055720195286483316
2023-11-29,Middle East & Africa,Furniture,Tables,Home Office,3,992.87,158.22,0.0,2023-11-01,0.15935620977570075
2023-08-18,Middle East & Africa,Technology,Accessories,Home Office,1,375.25,7.49,0.15,2023-08-01,0.019960026648900734
2024-09-18,North America,Office Supplies,Paper,Corporate,3,144.14,55.79,0.0,2024-09-01,0.3870542528097683
2023-01-07,Europe,Office Supplies,Paper,Consumer,2,59.73,3.83,0.15,2023-01-01,0.06412188180143982
2024-11-03,Asia Pacific,Furniture,Tables,Corporate,5,1679.38,-44.8,0.15,2024-11-01,-0.026676511569745973
2024-01-22,Europe,Furniture,Chairs,Consumer,2,432.28,-27.7,0.2,2024-01-01,-0.06407883779032109
2024-05-27,Asia Pacific,Technology,Copiers,Consumer,3,606.11,33.99,0.15,2024-05-01,0.056078929567240275
2024-12-13,North America,Office Supplies,Art,Consumer,4,353.6,174.25,0.0,2024-12-01,0.4927884615384615
2023-04-03,Latin America,Technology,Machines,Home Office,2,737.22,91.92,0.1,2023-04-01,0.12468462602750875
2024-12-25,Europe,Furniture,Bookcases,Consumer,2,259.04,62.96,0.0,2024-12-01,0.24305126621371215
2024-12-21,Latin America,Furniture,Furnishings,Home Office,3,1494.23,-227.28,0.2,2024-12-01,-0.15210509760880186
2024-09-09,Asia Pacific,Technology,Copiers,Consumer,3,934.13,64.26,0.1,2024-09-01,0.0687912817273827
2023-07-17,North America,Office Supplies,Paper,Corporate,4,171.09,45.36,0.1,2023-07-01,0.2651236191478169
2023-12-19,North America,Technology,Phones,Consumer,3,1730.47,16.5,0.15,2023-12-01,0.009534981825746762
2024-07-15,North America,Office Supplies,Paper,Corporate,3,142.14,-14.44,0.3,2024-07-01,-0.10158998170817504
2023-07-28,Asia Pacific,Technology,Accessories,Home Office,3,549.06,162.77,0.0,2023-07-01,0.29645211816559214
2024-07-25,Europe,Technology,Phones,Home Office,4,1941.61,-306.92,0.2,2024-07-01,-0.15807499961372265
2023-09-15,Europe,Furniture,Furnishings,Corporate,1,243.97,59.08,0.0,2023-09-01,0.24216092142476534
2024-03-18,Asia Pacific,Office Supplies,Binders,Consumer,3,107.09,-14.35,0.3,2024-03-01,-0.13399943972359696
2024-01-15,Asia Pacific,Furniture,Tables,Home Office,5,966.68,-517.96,0.5,2024-01-01,-0.5358132991269087
2023-01-30,North America,Furniture,Bookcases,Consumer,3,874.09,-135.77,0.2,2023-01-01,-0.15532725463053004
2023-09-28,North America,Technology,Copiers,Consumer,2,274.05,88.26,0.0,2023-09-01,0.32205801860974276
2023-06-04,Asia Pacific,Office Supplies,Binders,Consumer,3,110.54,15.86,0.1,2023-06-01,0.14347747421747784
2023-05-15,Asia Pacific,Technology,Copiers,Corporate,4,1551.69,105.14,0.15,2023-05-01,0.0677583795732395
2024-06-23,Europe,Office Supplies,Storage,Corporate,1,57.66,21.7,0.0,2024-06-01,0.3763440860215054
2024-08-11,Latin America,Technology,Phones,Consumer,3,380.48,19.34,0.15,2024-08-01,0.0508305298570227
2024-01-06,North America,Furniture,Bookcases,Consumer,3,608.5,126.93,0.0,2024-01-01,0.20859490550534102
2023-06-01,North America,Technology,Machines,Corporate,3,489.25,16.38,0.15,2023-06-01,0.03347981604496678
2024-02-10,Europe,Technology,Machines,Consumer,5,1862.41,610.45,0.0,2024-02-01,0.3277742280163874
2023-01-16,Latin America,Office Supplies,Paper,Corporate,2,81.77,32.19,0.0,2023-01-01,0.3936651583710407
2024-09-26,Latin America,Office Supplies,Art,Consumer,2,60.58,25.62,0.0,2024-09-01,0.4229118520964015
2024-01-18,North America,Office Supplies,Binders,Corporate,2,118.36,52.7,0.0,2024-01-01,0.4452517742480568
2023-06-02,North America,Office Supplies,Binders,Corporate,1,18.12,7.57,0.0,2023-06-01,0.41777041942604853
2023-09-10,North America,Furniture,Furnishings,Consumer,3,717.51,22.18,0.15,2023-09-01,0.03091246115036724
2024-03-28,North America,Furniture,Furnishings,Consumer,3,242.29,41.42,0.0,2024-03-01,0.17095216476123654
2024-05-14,Asia Pacific,Office Supplies,Art,Home Office,4,211.19,26.72,0.1,2024-05-01,0.12652114209953122
2024-10-18,North America,Office Supplies,Paper,Consumer,4,191.68,50.27,0.1,2024-10-01,0.26226001669449084
2023-10-30,North America,Office Supplies,Storage,Corporate,3,110.28,42.85,0.0,2023-10-01,0.38855640188610807
2024-08-17,Asia Pacific,Furniture,Furnishings,Corporate,3,641.15,-15.6,0.1,2024-08-01,-0.024331279731732044
2024-11-17,Europe,Office Supplies,Binders,Corporate,1,25.39,9.75,0.0,2024-11-01,0.3840094525403702
2023-04-14,Asia Pacific,Office Supplies,Binders,Consumer,1,15.38,-3.2,0.4,2023-04-01,-0.20806241872561768
2024-08-23,Asia Pacific,Technology,Copiers,Corporate,4,1556.0,419.02,0.1,2024-08-01,0.269293059125964
2023-03-05,Middle East & Africa,Furniture,Furnishings,Home Office,3,1420.86,54.73,0.1,2023-03-01,0.0385189251580029
2024-01-04,North America,Office Supplies,Paper,Consumer,6,314.62,125.08,0.0,2024-01-01,0.3975589600152565
2024-03-27,Asia Pacific,Office Supplies,Binders,Consumer,3,137.5,52.94,0.0,2024-03-01,0.3850181818181818
2024-02-14,North America,Technology,Accessories,Corporate,1,517.09,-15.03,0.15,2024-02-01,-0.02906650679765611
2024-12-31,Latin America,Technology,Machines,Corporate,4,1172.27,1.64,0.15,2024-12-01,0.0013989951120475658
2024-02-23,Asia Pacific,Technology,Copiers,Consumer,4,1329.38,270.92,0.0,2024-02-01,0.203794249951105
2024-02-11,North America,Office Supplies,Storage,Home Office,4,130.76,46.89,0.0,2024-02-01,0.35859590088712145
2024-01-12,Latin America,Furniture,Chairs,Home Office,2,368.99,70.14,0.0,2024-01-01,0.19008645220737688
2023-09-03,Europe,Technology,Copiers,Consumer,1,635.58,186.45,0.0,2023-09-01,0.2933541017653167
2023-06-04,Middle East & Africa,Technology,Machines,Consumer,4,1327.99,-116.96,0.2,2023-06-01,-0.08807295235656895
2024-07-14,Asia Pacific,Furniture,Chairs,Corporate,4,1232.34,46.18,0.1,2024-07-01,0.03747342454192837
2023-12-20,Latin America,Office Supplies,Storage,Consumer,5,263.71,80.94,0.0,2023-12-01,0.3069280649197983
2024-09-25,Asia Pacific,Technology,Copiers,Corporate,1,443.81,105.92,0.0,2024-09-01,0.23866068813230887
2024-09-21,North America,Office Supplies,Art,Consumer,3,95.45,-13.36,0.4,2024-09-01,-0.13996856993190152
2024-07-16,North America,Furniture,Tables,Corporate,2,556.81,211.75,0.0,2024-07-01,0.38029130223954316
2024-07-23,Europe,Office Supplies,Binders,Corporate,4,331.55,135.18,0.0,2024-07-01,0.40772130900316694
2023-12-28,North America,Office Supplies,Binders,Consumer,2,63.38,-11.28,0.3,2023-12-01,-0.17797412432944146
2023-12-19,Asia Pacific,Technology,Accessories,Corporate,5,1201.63,347.78,0.0,2023-12-01,0.289423533034295
2024-06-11,North America,Furniture,Bookcases,Consumer,3,507.9,-13.58,0.15,2024-06-01,-0.026737546761173462
2024-12-20,Middle East & Africa,Furniture,Furnishings,Consumer,4,1455.65,279.49,0.0,2024-12-01,0.19200357228729434
2024-01-23,Europe,Furniture,Chairs,Corporate,2,675.01,-382.08,0.5,2024-01-01,-0.5660360587250559
2024-04-04,North America,Furniture,Tables,Corporate,3,718.96,130.66,0.0,2024-04-01,0.18173472794035828
2023-04-13,Europe,Furniture,Tables,Home Office,1,176.64,-22.8,0.2,2023-04-01,-0.12907608695652176
2024-09-25,Asia Pacific,Office Supplies,Paper,Corporate,3,185.29,44.15,0.1,2024-09-01,0.23827513627286956
2023-12-20,Middle East & Africa,Office Supplies,Storage,Home Office,5,187.65,60.66,0.0,2023-12-01,0.32326139088729017
2024-10-06,Asia Pacific,Office Supplies,Binders,Home Office,1,27.38,4.7,0.1,2024-10-01,0.17165814463111762
2024-01-08,Europe,Office Supplies,Art,Corporate,2,114.07,43.35,0.0,2024-01-01,0.3800298062593145
2023-09-30,Europe,Technology,Phones,Corporate,5,2850.37,-1483.9,0.5,2023-09-01,-0.5205990801194231
2023-02-08,Middle East & Africa,Technology,Accessories,Consumer,3,613.92,-89.19,0.2,2023-02-01,-0.14527951524628616
2024-09-17,Europe,Office Supplies,Storage,Corporate,4,166.36,55.1,0.0,2024-09-01,0.3312094253426304
2023-11-09,Asia Pacific,Technology,Copiers,Home Office,2,1328.49,-337.55,0.3,2023-11-01,-0.254085465453259
2023-02-25,North America,Office Supplies,Paper,Home Office,5,172.04,60.71,0.0,2023-02-01,0.352883050453383
2024-06-03,Asia Pacific,Technology,Phones,Corporate,2,812.02,144.35,0.0,2024-06-01,0.17776655747395384
2024-07-09,Middle East & Africa,Technology,Accessories,Consumer,1,449.53,120.96,0.0,2024-07-01,0.26908104019753964
2024-04-27,Europe,Office Supplies,Art,Consumer,3,86.38,-4.48,0.3,2024-04-01,-0.051863857374392225
2023-10-13,Middle East & Africa,Technology,Phones,Consumer,1,474.09,106.11,0.0,2023-10-01,0.22381826235524901
2024-10-17,Latin America,Office Supplies,Binders,Consumer,1,42.01,11.25,0.1,2024-10-01,0.2677933825279695
2023-10-13,Latin America,Office Supplies,Binders,Corporate,3,158.23,-86.88,0.5,2023-10-01,-0.5490741325917967
2023-09-16,Latin America,Technology,Copiers,Home Office,2,318.3,-60.36,0.3,2023-09-01,-0.18963242224316681
2023-02-08,North America,Office Supplies,Storage,Consumer,5,64.5,15.81,0.1,2023-02-01,0.24511627906976746
2024-09-26,Latin America,Furniture,Bookcases,Corporate,2,454.44,81.57,0.0,2024-09-01,0.17949564298917348
2024-08-17,North America,Furniture,Chairs,Consumer,4,378.26,99.86,0.0,2024-08-01,0.26399830804208746
2024-06-25,Latin America,Technology,Accessories,Consumer,1,493.13,55.83,0.1,2024-06-01,0.11321558209802689
2024-06-08,Latin America,Technology,Machines,Consumer,2,421.6,136.71,0.0,2024-06-01,0.32426470588235295
2023-03-08,Europe,Technology,Phones,Home Office,2,661.85,50.68,0.15,2023-03-01,0.0765732416710735
2023-09-26,Asia Pacific,Technology,Phones,Home Office,2,652.38,72.54,0.1,2023-09-01,0.11119286305527454
2023-09-19,North America,Technology,Copiers,Corporate,1,429.28,-89.02,0.3,2023-09-01,-0.20737048080506895
2023-03-31,Asia Pacific,Technology,Machines,Consumer,2,907.24,167.84,0.1,2023-03-01,0.18500066134650148
2023-01-04,Europe,Technology,Copiers,Consumer,3,862.17,308.07,0.0,2023-01-01,0.35731932217544105
2024-01-05,North America,Office Supplies,Storage,Consumer,4,36.9,13.33,0.0,2024-01-01,0.36124661246612466
2024-10-22,North America,Office Supplies,Storage,Consumer,2,135.08,61.05,0.0,2024-10-01,0.45195439739413673
2023-03-18,Europe,Technology,Phones,Corporate,1,342.64,90.49,0.0,2023-03-01,0.26409642773756714
2024-03-23,Europe,Furniture,Chairs,Consumer,1,219.98,-24.12,0.2,2024-03-01,-0.10964633148468043
2023-09-25,Asia Pacific,Furniture,Chairs,Consumer,3,713.84,156.93,0.0,2023-09-01,0.2198391796481004
2024-10-17,Asia Pacific,Technology,Accessories,Consumer,3,1587.99,-75.46,0.2,2024-10-01,-0.047519190926895
2024-03-30,North America,Office Supplies,Binders,Home Office,1,53.77,24.98,0.0,2024-03-01,0.46457132229867953
2023-08-21,Europe,Technology,Machines,Corporate,3,698.85,187.7,0.0,2023-08-01,0.2685841024540316
2023-02-03,Europe,Office Supplies,Binders,Home Office,2,46.68,18.88,0.0,2023-02-01,0.40445586975149955
2023-11-24,Europe,Office Supplies,Storage,Consumer,2,163.17,-16.49,0.3,2023-11-01,-0.10106024391738677
2023-01-11,North America,Office Supplies,Binders,Corporate,1,71.12,25.42,0.0,2023-01-01,0.3574240719910011
2024-06-10,North America,Technology,Machines,Home Office,2,890.61,-243.62,0.3,2024-06-01,-0.2735428526515534
2024-09-22,Asia Pacific,Furniture,Tables,Consumer,2,459.06,94.95,0.0,2024-09-01,0.20683570775062085
2023-04-27,Europe,Office Supplies,Art,Consumer,5,156.14,2.94,0.2,2023-04-01,0.01882925579608044
2023-06-08,Europe,Technology,Copiers,Home Office,2,651.75,117.12,0.1,2023-06-01,0.17970080552359033
2023-12-30,Latin America,Furniture,Bookcases,Home Office,3,1374.23,200.63,0.0,2023-12-01,0.14599448418387023
2023-03-22,Europe,Office Supplies,Binders,Home Office,3,43.46,-14.85,0.4,2023-03-01,-0.34169351127473535
2024-07-04,North America,Office Supplies,Binders,Consumer,4,298.44,71.06,0.1,2024-07-01,0.23810481168744138
2023-10-22,Asia Pacific,Office Supplies,Paper,Corporate,2,78.19,17.77,0.1,2023-10-01,0.22726691392761222
2024-09-01,North America,Furniture,Bookcases,Corporate,1,210.91,37.71,0.0,2024-09-01,0.1787966431179176
2024-08-08,Asia Pacific,Office Supplies,Binders,Consumer,4,191.36,74.34,0.0,2024-08-01,0.3884824414715719
2023-03-06,Asia Pacific,Office Supplies,Paper,Corporate,3,198.36,17.64,0.2,2023-03-01,0.08892921960072595
2023-05-02,Europe,Office Supplies,Storage,Consumer,4,141.43,28.69,0.1,2023-05-01,0.20285653680265855
2024-11-26,North America,Office Supplies,Art,Corporate,5,353.56,136.46,0.0,2024-11-01,0.3859599502206132
2023-04-06,Asia Pacific,Technology,Phones,Consumer,2,691.52,79.11,0.15,2023-04-01,0.1144001619620546
2023-12-29,Europe,Office Supplies,Paper,Consumer,2,126.95,47.3,0.0,2023-12-01,0.37258763292634894
2023-05-31,Middle East & Africa,Furniture,Chairs,Corporate,3,1286.51,269.46,0.0,2023-05-01,0.20945037349107273
2024-02-11,Europe,Technology,Machines,Corporate,1,384.32,-14.06,0.15,2024-02-01,-0.036584096586178186
2024-01-21,Europe,Furniture,Furnishings,Consumer,3,907.75,119.65,0.1,2024-01-01,0.131809418892867
2024-06-07,Europe,Technology,Copiers,Consumer,2,1091.23,274.68,0.0,2024-06-01,0.25171595355699533
2023-07-30,North America,Furniture,Furnishings,Home Office,4,684.01,-348.78,0.4,2023-07-01,-0.5099048259528369
2023-03-25,North America,Technology,Copiers,Corporate,3,1419.67,161.22,0.1,2023-03-01,0.11356160234420674
2024-09-10,Europe,Technology,Machines,Home Office,3,1293.52,414.5,0.0,2024-09-01,0.3204434411528233
2024-12-08,North America,Office Supplies,Art,Consumer,2,80.36,27.77,0.0,2024-12-01,0.3455699352911896
2023-05-30,Latin America,Technology,Phones,Corporate,5,1968.32,-687.97,0.4,2023-05-01,-0.34952141928141767
2024-10-05,North America,Technology,Machines,Consumer,2,832.19,-270.9,0.4,2024-10-01,-0.32552662252610576
2023-11-26,North America,Furniture,Tables,Home Office,1,263.13,-4.94,0.2,2023-11-01,-0.018773990042944555
2023-12-10,North America,Office Supplies,Art,Home Office,5,368.59,-21.47,0.3,2023-12-01,-0.058249002957215336
2024-02-11,Middle East & Africa,Office Supplies,Storage,Home Office,4,87.86,15.86,0.1,2024-02-01,0.18051445481447756
2023-04-19,Latin America,Furniture,Tables,Consumer,2,404.11,10.9,0.2,2023-04-01,0.026972853925911262
2023-05-30,North America,Technology,Phones,Consumer,4,1885.26,533.88,0.0,2023-05-01,0.28318640399732664
2023-02-26,Asia Pacific,Technology,Machines,Consumer,1,228.17,11.18,0.15,2023-02-01,0.048998553709953103
2023-04-13,Latin America,Office Supplies,Art,Home Office,4,180.78,78.59,0.0,2023-04-01,0.4347272928421286
2023-05-05,Middle East & Africa,Technology,Machines,Corporate,1,658.03,156.83,0.0,2023-05-01,0.23833259881768312
2024-07-20,North America,Technology,Accessories,Home Office,2,729.55,175.56,0.0,2024-07-01,0.2406414913302721
2023-05-17,Asia Pacific,Technology,Copiers,Consumer,1,495.37,-208.81,0.4,2023-05-01,-0.4215233058118174
2023-08-22,Europe,Office Supplies,Binders,Corporate,1,35.99,-10.84,0.4,2023-08-01,-0.3011947763267574
2023-08-27,North America,Office Supplies,Art,Corporate,1,18.18,6.53,0.0,2023-08-01,0.3591859185918592
2023-06-18,Europe,Office Supplies,Storage,Corporate,2,98.37,34.27,0.0,2023-06-01,0.34837857070244993
2024-10-22,Europe,Office Supplies,Storage,Consumer,1,48.2,17.38,0.0,2024-10-01,0.3605809128630705
2023-02-16,North America,Furniture,Furnishings,Corporate,3,541.12,18.43,0.1,2023-02-01,0.034058988764044944
2023-07-27,Europe,Furniture,Chairs,Consumer,4,830.57,-40.43,0.15,2023-07-01,-0.048677414305838156
2023-11-17,Asia Pacific,Office Supplies,Paper,Home Office,4,106.67,32.33,0.0,2023-11-01,0.3030842786162932
2023-08-21,Middle East & Africa,Office Supplies,Storage,Consumer,2,51.02,14.03,0.1,2023-08-01,0.27499019992159934
2024-05-01,North America,Technology,Accessories,Consumer,1,391.66,106.55,0.0,2024-05-01,0.27204718378185155
2023-09-07,North America,Office Supplies,Storage,Corporate,4,201.73,91.23,0.0,2023-09-01,0.4522381400882368
2024-05-20,Asia Pacific,Office Supplies,Binders,Consumer,2,71.29,28.97,0.0,2024-05-01,0.40636835460793935
2024-06-23,North America,Technology,Phones,Consumer,2,810.25,-79.26,0.3,2024-06-01,-0.0978216599814872
2024-04-16,North America,Office Supplies,Storage,Consumer,7,399.12,146.24,0.0,2024-04-01,0.36640609340549213
2024-04-14,Asia Pacific,Technology,Accessories,Corporate,1,628.46,3.02,0.15,2024-04-01,0.004805397320434076
2024-01-17,North America,Office Supplies,Storage,Corporate,3,108.75,40.35,0.0,2024-01-01,0.3710344827586207
2023-09-12,Latin America,Furniture,Bookcases,Consumer,1,134.29,23.41,0.1,2023-09-01,0.17432422369498846
2023-01-26,North America,Technology,Machines,Corporate,2,647.27,-36.39,0.2,2023-01-01,-0.05622074250312853
2023-07-20,Europe,Technology,Copiers,Corporate,3,1706.1,435.7,0.0,2023-07-01,0.25537776214758806
2023-06-16,Europe,Furniture,Bookcases,Consumer,4,758.06,39.16,0.1,2023-06-01,0.05165818009128565
2024-02-28,Latin America,Technology,Phones,Home Office,3,1454.47,57.89,0.15,2024-02-01,0.03980143969968442
2024-07-23,North America,Technology,Accessories,Corporate,5,2861.03,-38.0,0.15,2024-07-01,-0.01328192993432435
2023-06-23,Europe,Technology,Phones,Corporate,1,492.82,99.06,0.0,2023-06-01,0.20100645266020048
2023-05-04,North America,Office Supplies,Art,Consumer,1,34.23,8.41,0.1,2023-05-01,0.24569091440257088
2024-05-21,North America,Office Supplies,Binders,Consumer,4,200.21,19.95,0.15,2024-05-01,0.09964537235902302
2023-12-24,Middle East & Africa,Furniture,Bookcases,Corporate,4,1409.2,251.67,0.0,2023-12-01,0.17859068975305137
2024-09-06,Europe,Technology,Copiers,Home Office,1,313.7,-59.69,0.3,2024-09-01,-0.19027733503347147
2024-11-05,North America,Furniture,Tables,Consumer,2,295.64,-41.06,0.2,2024-11-01,-0.1388851305641997
2024-12-19,Asia Pacific,Office Supplies,Art,Corporate,2,92.98,24.37,0.1,2024-12-01,0.2620993762099376
2023-01-26,Asia Pacific,Technology,Machines,Corporate,3,989.2,166.23,0.0,2023-01-01,0.16804488475535784
2024-03-18,Europe,Furniture,Furnishings,Home Office,1,231.47,36.23,0.0,2024-03-01,0.15652136345962758
2024-05-03,Asia Pacific,Office Supplies,Binders,Consumer,3,170.76,-9.15,0.3,2024-05-01,-0.053583977512297966
2023-04-02,Latin America,Office Supplies,Art,Consumer,3,160.5,53.67,0.0,2023-04-01,0.334392523364486
2023-11-20,Europe,Furniture,Chairs,Consumer,4,1176.49,278.74,0.0,2023-11-01,0.23692509073600287
2024-05-09,Europe,Office Supplies,Art,Consumer,4,220.11,74.75,0.0,2024-05-01,0.3396029258098223
2023-08-23,Latin America,Office Supplies,Paper,Consumer,2,67.28,20.21,0.0,2023-08-01,0.30038644470868014
2024-08-19,Middle East & Africa,Office Supplies,Art,Home Office,4,180.47,50.05,0.1,2024-08-01,0.27733141242311743
2024-04-06,Europe,Furniture,Chairs,Consumer,4,105.09,11.92,0.0,2024-04-01,0.11342658673517937
2024-10-20,North America,Furniture,Tables,Corporate,6,1729.61,434.63,0.0,2024-10-01,0.2512878625817381
2024-09-04,Latin America,Furniture,Furnishings,Consumer,1,222.67,63.78,0.0,2024-09-01,0.286432837831769
2023-02-04,Asia Pacific,Furniture,Furnishings,Consumer,4,879.22,227.63,0.0,2023-02-01,0.25889993403243783
2024-01-31,North America,Technology,Machines,Corporate,1,343.17,74.87,0.0,2024-01-01,0.21817175160998922
2024-10-15,Europe,Office Supplies,Storage,Consumer,3,47.39,20.25,0.0,2024-10-01,0.4273053386790462
2023-12-29,Middle East & Africa,Technology,Phones,Corporate,1,715.52,235.67,0.0,2023-12-01,0.32936885062611804
2024-08-19,North America,Technology,Accessories,Corporate,2,1255.57,389.93,0.0,2024-08-01,0.3105601439983434
2024-09-01,Europe,Furniture,Tables,Corporate,4,1142.36,181.03,0.0,2024-09-01,0.15847018453027067
2024-10-20,North America,Office Supplies,Storage,Corporate,1,32.61,7.04,0.15,2024-10-01,0.2158846979454155
2023-02-27,Asia Pacific,Office Supplies,Storage,Home Office,3,100.09,34.58,0.0,2023-02-01,0.3454890598461384
2023-11-24,North America,Office Supplies,Paper,Home Office,2,190.75,81.62,0.0,2023-11-01,0.4278899082568808
2023-02-18,Middle East & Africa,Office Supplies,Art,Consumer,6,137.29,36.68,0.0,2023-02-01,0.2671716803845874
2023-07-09,Latin America,Technology,Phones,Consumer,3,781.42,38.46,0.1,2023-07-01,0.04921809014358476
2024-09-11,Middle East & Africa,Office Supplies,Binders,Consumer,3,136.46,65.42,0.0,2024-09-01,0.4794078850945332
2024-07-21,North America,Office Supplies,Binders,Corporate,3,232.23,86.48,0.0,2024-07-01,0.3723894415019593
2024-06-19,North America,Office Supplies,Paper,Home Office,2,83.72,21.38,0.1,2024-06-01,0.2553750597228858
2024-02-07,North America,Office Supplies,Binders,Consumer,3,53.96,17.84,0.0,2024-02-01,0.33061527057079315
2023-11-07,Europe,Office Supplies,Binders,Consumer,1,75.39,-1.98,0.2,2023-11-01,-0.02626343016315161
2024-06-13,Asia Pacific,Furniture,Chairs,Consumer,2,210.08,15.63,0.1,2024-06-01,0.0744002284843869
2024-07-18,North America,Office Supplies,Storage,Consumer,1,22.91,9.93,0.0,2024-07-01,0.4334351811436054
2023-05-29,Asia Pacific,Technology,Accessories,Consumer,4,573.96,130.9,0.0,2023-05-01,0.2280646734964109
2024-08-13,Asia Pacific,Office Supplies,Storage,Home Office,2,95.35,31.53,0.0,2024-08-01,0.33067645516518096
2024-02-13,North America,Office Supplies,Paper,Consumer,5,149.21,32.88,0.1,2024-02-01,0.2203605656457342
2024-08-16,North America,Office Supplies,Art,Corporate,2,74.48,9.09,0.1,2024-08-01,0.12204618689581095
2024-04-15,North America,Office Supplies,Binders,Consumer,3,220.74,40.52,0.1,2024-04-01,0.18356437437709522
2024-12-27,Europe,Furniture,Furnishings,Consumer,1,449.49,-11.88,0.15,2024-12-01,-0.026429953947807516
2023-02-14,North America,Furniture,Bookcases,Corporate,3,342.9,11.69,0.15,2023-02-01,0.03409157188684748
2024-12-27,Europe,Office Supplies,Paper,Consumer,1,94.83,-9.51,0.3,2024-12-01,-0.10028472002530844
2024-08-18,Europe,Furniture,Chairs,Corporate,3,558.97,-152.63,0.3,2024-08-01,-0.2730557990589835
2024-02-15,Asia Pacific,Technology,Machines,Home Office,6,2928.25,237.69,0.15,2024-02-01,0.0811713480747887
2024-05-09,Latin America,Office Supplies,Paper,Home Office,4,146.71,35.49,0.1,2024-05-01,0.24190580055892577
2023-07-11,Latin America,Office Supplies,Art,Home Office,1,29.9,10.52,0.0,2023-07-01,0.35183946488294315
2023-03-20,Asia Pacific,Furniture,Tables,Home Office,2,478.95,-33.0,0.2,2023-03-01,-0.0689007203257125
2024-06-20,Asia Pacific,Office Supplies,Storage,Corporate,5,182.12,61.7,0.0,2024-06-01,0.3387876125631452
2024-01-11,Europe,Office Supplies,Paper,Corporate,3,121.72,36.95,0.0,2024-01-01,0.3035655603023332
2023-01-20,Europe,Technology,Copiers,Consumer,3,660.22,225.22,0.0,2023-01-01,0.34112871467086725
2023-06-27,Europe,Office Supplies,Binders,Consumer,3,88.03,-9.63,0.3,2023-06-01,-0.10939452459388846
2023-12-03,Europe,Technology,Copiers,Corporate,4,2342.63,-54.57,0.2,2023-12-01,-0.023294331584586554
2023-05-17,Middle East & Africa,Office Supplies,Storage,Home Office,5,151.97,60.69,0.0,2023-05-01,0.399355135882082
2024-01-26,Asia Pacific,Office Supplies,Art,Consumer,1,52.1,16.58,0.0,2024-01-01,0.31823416506717844
2024-07-15,Europe,Office Supplies,Art,Consumer,1,27.07,8.73,0.0,2024-07-01,0.32249722940524567
2024-03-09,Latin America,Office Supplies,Storage,Home Office,2,101.41,35.26,0.0,2024-03-01,0.3476974657331624
2024-05-14,Latin America,Technology,Phones,Home Office,2,683.03,159.16,0.0,2024-05-01,0.23302051154414888
2024-10-06,Asia Pacific,Technology,Machines,Consumer,1,218.67,-58.6,0.3,2024-10-01,-0.26798371976036955
2024-11-24,Latin America,Technology,Copiers,Home Office,3,609.87,162.29,0.0,2024-11-01,0.2661058914194828
2023-11-26,Latin America,Furniture,Bookcases,Consumer,4,2090.35,-184.49,0.2,2023-11-01,-0.08825794723371685
2023-12-17,North America,Technology,Machines,Consumer,5,3738.06,881.27,0.0,2023-12-01,0.23575598037484685
2023-11-30,Europe,Technology,Machines,Home Office,3,1118.05,262.23,0.0,2023-11-01,0.23454228343991773
2023-08-28,North America,Furniture,Furnishings,Consumer,4,718.03,55.72,0.1,2023-08-01,0.0776012144339373
2023-10-27,North America,Furniture,Furnishings,Corporate,5,1163.42,-38.66,0.15,2023-10-01,-0.03322961613174949
2023-07-01,North America,Furniture,Chairs,Corporate,4,1189.72,318.65,0.0,2023-07-01,0.2678361295094644
2023-01-01,Latin America,Office Supplies,Art,Home Office,3,53.71,12.14,0.15,2023-01-01,0.22602867250046546
2024-04-07,Europe,Office Supplies,Storage,Home Office,3,148.48,6.41,0.2,2024-04-01,0.04317079741379311
2024-03-24,North America,Office Supplies,Art,Consumer,4,20.0,7.41,0.0,2024-03-01,0.3705
2023-01-03,North America,Furniture,Furnishings,Home Office,2,328.34,30.24,0.1,2023-01-01,0.09209965279892794
2023-06-25,Europe,Technology,Phones,Consumer,3,1180.02,-101.42,0.2,2023-06-01,-0.08594769580176607
2023-05-11,Latin America,Technology,Machines,Home Office,1,474.55,48.2,0.15,2023-05-01,0.10156990833421137
2024-02-28,North America,Technology,Copiers,Consumer,1,191.91,31.0,0.0,2024-02-01,0.1615340524204054
2023-07-04,North America,Furniture,Tables,Consumer,1,255.62,73.17,0.0,2023-07-01,0.28624520773022455
2023-02-02,North America,Furniture,Tables,Consumer,3,568.38,166.0,0.0,2023-02-01,0.29205813012421267
2024-01-31,Middle East & Africa,Office Supplies,Art,Consumer,1,50.51,19.93,0.0,2024-01-01,0.39457533161750147
2023-04-13,Middle East & Africa,Office Supplies,Binders,Home Office,2,70.12,-9.28,0.3,2023-04-01,-0.132344552196235
2023-09-27,North America,Furniture,Furnishings,Corporate,2,609.66,129.25,0.0,2023-09-01,0.21200341173768988
2024-11-03,Europe,Furniture,Furnishings,Consumer,3,1534.14,65.29,0.15,2024-11-01,0.04255804554994981
2023-11-18,North America,Office Supplies,Binders,Corporate,3,265.94,-138.92,0.5,2023-11-01,-0.522373467699481
2024-08-26,North America,Office Supplies,Binders,Consumer,3,142.76,51.36,0.0,2024-08-01,0.35976463995516955
2024-06-28,Middle East & Africa,Technology,Machines,Corporate,1,383.07,3.1,0.1,2024-06-01,0.008092515728195892
2024-06-23,Middle East & Africa,Technology,Copiers,Consumer,2,1328.79,326.35,0.0,2024-06-01,0.24559937988696487
2024-08-09,Asia Pacific,Furniture,Tables,Consumer,3,1028.5,206.89,0.0,2024-08-01,0.20115702479338843
2023-11-16,Europe,Office Supplies,Art,Corporate,6,428.27,159.93,0.0,2023-11-01,0.3734326476288323
2023-08-05,Middle East & Africa,Furniture,Bookcases,Home Office,1,349.84,-2.82,0.15,2023-08-01,-0.008060827806997484
2024-05-23,North America,Office Supplies,Paper,Corporate,3,170.7,20.37,0.15,2024-05-01,0.1193321616871705
2023-02-25,North America,Furniture,Furnishings,Consumer,1,141.49,6.66,0.15,2023-02-01,0.04707046434376987
2024-02-24,Middle East & Africa,Office Supplies,Paper,Consumer,4,164.95,35.03,0.1,2024-02-01,0.2123673840557745
2023-12-12,Middle East & Africa,Office Supplies,Art,Home Office,2,116.28,20.46,0.15,2023-12-01,0.1759545923632611
2023-10-12,Europe,Office Supplies,Binders,Consumer,4,152.47,37.42,0.1,2023-10-01,0.24542532957303076
2024-12-30,North America,Office Supplies,Binders,Home Office,4,304.95,-138.72,0.5,2024-12-01,-0.45489424495818986
2024-05-25,Asia Pacific,Furniture,Bookcases,Consumer,1,392.89,92.44,0.0,2024-05-01,0.23528214003919673
2023-12-18,Europe,Office Supplies,Art,Consumer,4,242.77,69.87,0.1,2023-12-01,0.2878032705853277
2024-05-12,Asia Pacific,Technology,Copiers,Consumer,1,625.23,-7.55,0.2,2024-05-01,-0.012075556195320122
2023-05-16,Middle East & Africa,Furniture,Furnishings,Consumer,2,784.11,148.49,0.0,2023-05-01,0.18937393988088408
2024-09-01,Middle East & Africa,Office Supplies,Art,Corporate,2,90.97,34.63,0.0,2024-09-01,0.3806749477849841
2024-07-30,Asia Pacific,Office Supplies,Binders,Corporate,3,135.74,54.36,0.0,2024-07-01,0.40047148961249446
2023-09-26,North America,Office Supplies,Storage,Corporate,3,153.03,-44.24,0.4,2023-09-01,-0.2890936417695877
2023-06-10,Asia Pacific,Technology,Machines,Corporate,1,230.41,8.28,0.15,2023-06-01,0.035935940280369776
2023-08-31,Europe,Technology,Accessories,Consumer,2,1080.92,167.16,0.1,2023-08-01,0.15464604226029677
2023-09-06,Europe,Furniture,Bookcases,Corporate,3,701.56,-120.91,0.3,2023-09-01,-0.17234448942357034
2024-03-04,North America,Office Supplies,Paper,Consumer,2,118.27,42.89,0.0,2024-03-01,0.3626447958062062
2024-01-24,North America,Furniture,Furnishings,Consumer,2,584.2,-13.11,0.15,2024-01-01,-0.02244094488188976
2023-10-15,North America,Technology,Machines,Consumer,2,948.14,-90.53,0.2,2023-10-01,-0.09548167992068682
2024-07-27,Europe,Technology,Phones,Corporate,5,2504.43,189.37,0.1,2024-07-01,0.07561401197078776
2023-06-25,North America,Technology,Accessories,Home Office,5,1617.28,-66.19,0.2,2023-06-01,-0.04092674119509299
2024-05-03,North America,Office Supplies,Paper,Consumer,3,57.89,23.96,0.0,2024-05-01,0.4138884090516497
2024-06-11,North America,Technology,Copiers,Corporate,1,371.35,86.55,0.0,2024-06-01,0.23306853372828865
2024-02-05,Europe,Office Supplies,Paper,Consumer,4,125.28,24.5,0.15,2024-02-01,0.19556194125159643
2024-03-08,Europe,Office Supplies,Storage,Home Office,3,124.54,44.84,0.0,2024-03-01,0.3600449654729404
2023-06-07,Middle East & Africa,Furniture,Chairs,Corporate,2,697.51,-10.37,0.1,2023-06-01,-0.014867170363148914
2023-03-12,Europe,Technology,Phones,Corporate,2,995.43,223.19,0.0,2023-03-01,0.22421466100077356
2023-04-23,Asia Pacific,Furniture,Furnishings,Consumer,1,204.99,-96.95,0.4,2023-04-01,-0.4729498999951217
2024-09-05,North America,Office Supplies,Binders,Consumer,2,10.0,4.38,0.0,2024-09-01,0.438
2024-01-14,Asia Pacific,Office Supplies,Art,Corporate,2,84.92,35.73,0.0,2024-01-01,0.42074894017899195
2023-08-03,North America,Office Supplies,Art,Consumer,1,50.5,19.92,0.0,2023-08-01,0.3944554455445545
2023-06-21,Middle East & Africa,Furniture,Bookcases,Corporate,2,512.18,113.67,0.0,2023-06-01,0.22193369518528644
2023-09-04,North America,Office Supplies,Binders,Corporate,1,47.37,13.29,0.1,2023-09-01,0.2805573147561748
2024-11-11,North America,Technology,Accessories,Corporate,1,398.83,122.11,0.0,2024-11-01,0.30617054885540207
2024-04-07,Europe,Office Supplies,Storage,Consumer,3,170.01,-53.74,0.4,2024-04-01,-0.31609905299688257
2023-07-25,Europe,Office Supplies,Art,Corporate,1,56.54,20.07,0.0,2023-07-01,0.35496993279094446
2023-07-17,Latin America,Office Supplies,Storage,Corporate,2,50.67,1.08,0.2,2023-07-01,0.021314387211367674
2023-09-05,Asia Pacific,Technology,Copiers,Consumer,3,1827.16,322.67,0.0,2023-09-01,0.17659646664769368
2024-01-15,Europe,Office Supplies,Art,Home Office,2,38.39,14.27,0.0,2024-01-01,0.3717113831727012
2023-09-09,Latin America,Technology,Phones,Consumer,2,642.17,-79.67,0.2,2023-09-01,-0.12406372144447733
2024-01-27,Europe,Furniture,Furnishings,Consumer,1,327.93,83.6,0.0,2024-01-01,0.25493245509712437
2024-07-24,North America,Technology,Machines,Home Office,3,709.17,108.51,0.1,2024-07-01,0.1530098565929185
2023-08-27,North America,Office Supplies,Art,Corporate,3,95.88,16.92,0.1,2023-08-01,0.17647058823529416
2023-05-18,North America,Furniture,Furnishings,Consumer,2,541.79,129.63,0.0,2023-05-01,0.2392624448587091
2023-08-25,North America,Office Supplies,Paper,Corporate,2,58.92,22.03,0.0,2023-08-01,0.3738968092328581
2024-07-16,Asia Pacific,Office Supplies,Binders,Corporate,2,59.94,24.03,0.0,2024-07-01,0.4009009009009009
2023-01-20,Latin America,Furniture,Bookcases,Consumer,4,1422.74,283.38,0.0,2023-01-01,0.19917904887751803
2024-11-26,Europe,Office Supplies,Storage,Consumer,1,35.97,3.94,0.2,2024-11-01,0.10953572421462329
2024-10-02,Latin America,Technology,Accessories,Consumer,5,2296.67,625.27,0.0,2024-10-01,0.27225069339522
2024-04-19,Asia Pacific,Office Supplies,Art,Corporate,6,293.72,16.38,0.2,2024-04-01,0.05576739752144899
2024-10-20,North America,Furniture,Chairs,Consumer,2,596.07,-71.45,0.2,2024-10-01,-0.11986847182377908
2024-06-07,North America,Technology,Phones,Home Office,5,1577.26,374.9,0.0,2024-06-01,0.23769067877204772
2024-08-09,North America,Office Supplies,Binders,Corporate,4,221.86,-26.77,0.3,2024-08-01,-0.12066167853601369
2024-11-03,Asia Pacific,Furniture,Furnishings,Consumer,2,952.48,1.73,0.15,2024-11-01,0.0018163111036452208
2024-02-18,Europe,Office Supplies,Storage,Corporate,1,38.61,4.75,0.15,2024-02-01,0.12302512302512303
2023-10-07,North America,Office Supplies,Paper,Consumer,1,39.6,-18.97,0.5,2023-10-01,-0.479040404040404
2024-01-11,Europe,Technology,Accessories,Consumer,3,1367.33,-3.39,0.15,2024-01-01,-0.002479284444867004
2023-05-31,Europe,Technology,Copiers,Corporate,4,2075.45,286.32,0.1,2023-05-01,0.1379556240815245
2024-08-25,North America,Office Supplies,Storage,Consumer,2,48.74,-9.04,0.3,2024-08-01,-0.18547394337299958
2023-12-21,Asia Pacific,Technology,Accessories,Corporate,2,1172.59,297.39,0.0,2023-12-01,0.2536180591681662
2023-10-22,Asia Pacific,Technology,Machines,Consumer,2,959.73,244.51,0.0,2023-10-01,0.2547695706084003
2024-12-16,Europe,Furniture,Chairs,Home Office,1,388.82,19.51,0.1,2024-12-01,0.05017746000720128
2023-11-15,Asia Pacific,Technology,Accessories,Home Office,2,1196.2,334.36,0.0,2023-11-01,0.279518475171376
2023-05-21,Middle East & Africa,Technology,Copiers,Consumer,2,834.2,113.25,0.1,2023-05-01,0.1357588108367298
2023-10-13,Middle East & Africa,Furniture,Bookcases,Home Office,1,368.21,111.93,0.0,2023-10-01,0.30398413948561964
2023-10-31,Asia Pacific,Furniture,Bookcases,Corporate,3,689.62,132.04,0.0,2023-10-01,0.19146776485600764
2023-10-09,Latin America,Technology,Copiers,Consumer,2,10.0,1.92,0.0,2023-10-01,0.192
2023-11-16,Latin America,Office Supplies,Storage,Corporate,3,273.17,91.84,0.0,2023-11-01,0.33620090053812646
2024-11-22,Middle East & Africa,Technology,Machines,Home Office,6,4373.93,1496.23,0.0,2024-11-01,0.34207909134348286
2023-07-11,Asia Pacific,Technology,Copiers,Consumer,4,2238.2,684.28,0.0,2023-07-01,0.3057278169958002
2024-11-01,Asia Pacific,Furniture,Bookcases,Corporate,1,406.55,6.21,0.1,2024-11-01,0.015274873939244865
2023-03-15,North America,Technology,Accessories,Consumer,4,827.61,-5.47,0.15,2023-03-01,-0.006609393313275576
2023-12-24,Latin America,Office Supplies,Paper,Corporate,3,229.08,92.54,0.0,2023-12-01,0.4039636808101973
2024-12-02,Latin America,Office Supplies,Paper,Consumer,2,107.23,31.21,0.1,2024-12-01,0.29105660729273525
2023-07-25,Asia Pacific,Technology,Phones,Consumer,1,378.43,92.36,0.0,2023-07-01,0.24406098882223926
2024-03-14,Middle East & Africa,Technology,Phones,Consumer,4,1017.05,137.01,0.1,2024-03-01,0.1347131409468561
2023-10-29,North America,Office Supplies,Binders,Corporate,3,129.41,35.54,0.0,2023-10-01,0.27463101769569587
2024-07-26,Europe,Office Supplies,Art,Consumer,2,103.96,39.83,0.0,2024-07-01,0.38312812620238557
2023-05-05,North America,Office Supplies,Storage,Consumer,5,158.84,41.57,0.1,2023-05-01,0.261709896751448
2024-04-28,Asia Pacific,Technology,Accessories,Corporate,1,419.28,98.96,0.0,2024-04-01,0.23602365960694524
2023-08-05,Asia Pacific,Office Supplies,Paper,Consumer,3,72.79,26.24,0.0,2023-08-01,0.36048907817007825
2024-11-23,North America,Technology,Phones,Corporate,3,1637.41,448.61,0.0,2024-11-01,0.2739753635314307
2023-06-13,Europe,Furniture,Furnishings,Corporate,3,1071.62,-109.09,0.15,2023-06-01,-0.10179914521938749
2024-02-19,Asia Pacific,Office Supplies,Binders,Home Office,1,26.38,-2.13,0.3,2024-02-01,-0.08074298711144806
2023-05-20,Latin America,Furniture,Furnishings,Corporate,6,1594.17,-982.6,0.5,2023-05-01,-0.6163709014722395
2023-08-14,North America,Office Supplies,Art,Consumer,3,178.54,56.3,0.0,2023-08-01,0.3153354990478324
2024-09-19,Middle East & Africa,Technology,Accessories,Consumer,2,216.67,17.95,0.1,2024-09-01,0.08284487930954909
2024-09-28,Middle East & Africa,Office Supplies,Paper,Consumer,3,77.26,-11.07,0.3,2024-09-01,-0.14328242298731556
2023-03-12,Latin America,Office Supplies,Art,Home Office,4,158.97,30.72,0.1,2023-03-01,0.19324400830345348
2024-10-04,Middle East & Africa,Office Supplies,Storage,Corporate,3,143.15,27.41,0.15,2024-10-01,0.19147747118407266
2024-01-19,Europe,Furniture,Furnishings,Corporate,1,186.18,20.28,0.0,2024-01-01,0.1089268449887206
2023-01-10,Middle East & Africa,Office Supplies,Paper,Home Office,4,150.91,22.1,0.15,2023-01-01,0.14644490093433174
2023-11-20,Latin America,Technology,Copiers,Corporate,3,1493.77,6.17,0.15,2023-11-01,0.0041304886294409445
2023-09-04,North America,Furniture,Bookcases,Corporate,3,797.09,5.36,0.15,2023-09-01,0.006724460224065036
2023-01-11,Asia Pacific,Office Supplies,Art,Consumer,1,39.49,5.4,0.15,2023-01-01,0.13674347936186376
2023-01-14,Asia Pacific,Furniture,Tables,Consumer,4,1252.22,-358.41,0.3,2023-01-01,-0.28621967385922603
2023-08-06,Europe,Office Supplies,Storage,Consumer,1,50.58,18.94,0.0,2023-08-01,0.3744563068406485
2023-09-04,North America,Technology,Accessories,Consumer,2,381.22,79.59,0.0,2023-09-01,0.20877708409842086
2023-08-01,Asia Pacific,Office Supplies,Storage,Home Office,4,233.22,-66.8,0.4,2023-08-01,-0.2864248349198182
2024-01-19,Asia Pacific,Office Supplies,Art,Corporate,4,98.62,33.66,0.0,2024-01-01,0.3413100790914621
2024-05-30,North America,Office Supplies,Binders,Corporate,4,109.15,34.86,0.0,2024-05-01,0.3193770041227668
2023-05-26,Asia Pacific,Office Supplies,Paper,Home Office,2,91.09,0.68,0.2,2023-05-01,0.007465144362718191
2023-04-10,North America,Furniture,Bookcases,Consumer,1,208.9,-10.56,0.2,2023-04-01,-0.05055050263283868
2023-07-18,North America,Furniture,Furnishings,Consumer,3,1369.72,-457.35,0.3,2023-07-01,-0.3339003591975002
2023-04-03,Latin America,Office Supplies,Art,Consumer,3,112.09,-25.69,0.4,2023-04-01,-0.2291908287982871
2024-10-27,Latin America,Furniture,Tables,Home Office,6,1968.51,-0.91,0.15,2024-10-01,-0.00046227857618198536
2024-09-19,North America,Furniture,Tables,Consumer,2,497.62,88.34,0.0,2024-09-01,0.17752501909087257
2023-09-18,Asia Pacific,Furniture,Chairs,Consumer,3,982.69,307.77,0.0,2023-09-01,0.31319134213231026
2023-06-27,Latin America,Office Supplies,Binders,Corporate,4,211.34,-63.68,0.4,2023-06-01,-0.30131541591747896
2023-10-14,Middle East & Africa,Office Supplies,Paper,Consumer,3,181.9,-67.85,0.5,2023-10-01,-0.3730071467839472
2024-07-19,North America,Office Supplies,Art,Corporate,2,103.12,23.26,0.1,2024-07-01,0.22556245151280063
2024-05-17,North America,Furniture,Furnishings,Home Office,1,549.23,25.58,0.1,2024-05-01,0.04657429492198168
2023-09-29,North America,Office Supplies,Binders,Consumer,2,49.58,9.66,0.15,2023-09-01,0.19483662767244858
2023-01-13,North America,Furniture,Chairs,Corporate,2,641.32,-100.14,0.2,2023-01-01,-0.15614669743653714
2024-10-02,North America,Technology,Phones,Home Office,3,1333.15,362.97,0.0,2024-10-01,0.27226493642875893
2024-11-02,North America,Technology,Copiers,Consumer,1,392.06,24.31,0.1,2024-11-01,0.062005815436412794
2023-01-12,North America,Furniture,Chairs,Home Office,1,190.75,-10.5,0.2,2023-01-01,-0.05504587155963303
2023-08-18,Europe,Office Supplies,Binders,Consumer,3,125.09,51.06,0.0,2023-08-01,0.4081861060036774
2024-09-12,Middle East & Africa,Technology,Accessories,Consumer,3,963.86,215.65,0.0,2024-09-01,0.22373581225489178
2024-02-23,Europe,Technology,Copiers,Consumer,3,1157.66,63.42,0.1,2024-02-01,0.05478292417462813
2024-04-01,North America,Office Supplies,Binders,Corporate,1,24.21,6.63,0.1,2024-04-01,0.2738537794299876
2024-09-17,North America,Office Supplies,Paper,Consumer,1,25.29,10.55,0.0,2024-09-01,0.4171609331751681
2024-07-02,Middle East & Africa,Technology,Copiers,Corporate,3,1155.99,78.64,0.15,2024-07-01,0.06802827014074517
2023-06-16,Europe,Office Supplies,Art,Corporate,4,158.71,51.89,0.0,2023-06-01,0.32694852246235273
2023-01-10,Middle East & Africa,Office Supplies,Art,Corporate,2,124.1,45.01,0.0,2023-01-01,0.3626913779210314
2024-07-06,Latin America,Office Supplies,Art,Corporate,4,234.81,29.54,0.15,2024-07-01,0.12580384140368808
2024-04-25,Europe,Office Supplies,Art,Home Office,3,155.84,60.59,0.0,2024-04-01,0.38879620123203285
2024-01-24,North America,Technology,Machines,Home Office,4,2115.33,-17.79,0.15,2024-01-01,-0.008410035313639007
2024-02-12,North America,Office Supplies,Paper,Consumer,2,80.45,29.8,0.0,2024-02-01,0.3704164077066501
2024-02-28,Asia Pacific,Furniture,Chairs,Consumer,3,1119.48,66.74,0.2,2024-02-01,0.05961696501947332
2023-10-13,Asia Pacific,Technology,Phones,Consumer,2,913.09,-253.11,0.3,2023-10-01,-0.2772015902046896
2023-10-22,Asia Pacific,Furniture,Chairs,Consumer,4,658.88,160.65,0.0,2023-10-01,0.24382285089849443
2024-12-19,Europe,Technology,Machines,Corporate,4,2604.62,83.35,0.2,2024-12-01,0.03200082929563621
2023-02-02,Europe,Office Supplies,Paper,Corporate,1,35.02,-3.15,0.3,2023-02-01,-0.0899486007995431
2024-04-16,Middle East & Africa,Office Supplies,Binders,Consumer,4,91.74,41.28,0.0,2024-04-01,0.4499672988881622
2024-03-22,North America,Technology,Copiers,Corporate,4,2020.7,404.68,0.0,2024-03-01,0.20026723412678774
2023-10-28,Asia Pacific,Office Supplies,Art,Home Office,3,76.18,8.16,0.2,2023-10-01,0.10711472827513782
2023-08-21,Asia Pacific,Technology,Phones,Home Office,1,534.46,-34.79,0.2,2023-08-01,-0.0650937394753583
2024-02-24,Europe,Office Supplies,Art,Consumer,3,106.66,44.55,0.0,2024-02-01,0.4176823551471967
2023-02-11,North America,Technology,Accessories,Consumer,3,1367.87,-475.58,0.4,2023-02-01,-0.3476792385241288
2024-11-07,Europe,Furniture,Tables,Consumer,3,1051.67,-54.69,0.2,2024-11-01,-0.0520030047448344
2023-03-06,Europe,Office Supplies,Art,Corporate,2,39.49,15.46,0.0,2023-03-01,0.39149151683970623
2024-01-20,Asia Pacific,Technology,Accessories,Home Office,2,977.84,300.41,0.0,2024-01-01,0.30721794976683303
2024-07-17,North America,Furniture,Furnishings,Corporate,4,1007.11,180.77,0.0,2024-07-01,0.1794937990884809
2023-03-10,Asia Pacific,Office Supplies,Art,Consumer,4,213.66,37.17,0.15,2023-03-01,0.17396798652064027
2023-01-30,Europe,Office Supplies,Paper,Corporate,1,29.89,0.98,0.2,2023-01-01,0.03278688524590164
2023-08-21,Europe,Technology,Copiers,Corporate,3,1362.07,148.7,0.1,2023-08-01,0.10917206898323874
2024-08-13,Latin America,Technology,Machines,Corporate,2,685.09,-366.31,0.5,2024-08-01,-0.534688872994789
2023-05-21,Europe,Office Supplies,Binders,Corporate,1,46.19,-0.07,0.2,2023-05-01,-0.0015154795410261964
2023-12-13,North America,Technology,Accessories,Corporate,1,645.9,174.92,0.0,2023-12-01,0.270815915776436
2023-10-28,Latin America,Furniture,Bookcases,Corporate,4,998.63,262.65,0.0,2023-10-01,0.2630103241440774
2023-01-15,North America,Furniture,Bookcases,Home Office,1,300.03,-86.02,0.3,2023-01-01,-0.28670466286704666
2023-08-14,North America,Technology,Machines,Corporate,3,1687.55,298.03,0.0,2023-08-01,0.17660513762555183
2023-11-29,Middle East & Africa,Technology,Copiers,Corporate,3,1246.55,144.28,0.1,2023-11-01,0.11574345192731941
2023-12-23,Asia Pacific,Office Supplies,Art,Corporate,4,349.49,141.3,0.0,2023-12-01,0.40430341354545196
2024-12-20,Asia Pacific,Office Supplies,Storage,Corporate,1,88.58,28.54,0.1,2024-12-01,0.32219462632648455
2023-04-09,Europe,Office Supplies,Binders,Corporate,1,35.9,12.99,0.0,2023-04-01,0.36183844011142063
2023-02-10,North America,Technology,Copiers,Home Office,1,409.79,118.67,0.0,2023-02-01,0.28958734961809707
2024-02-12,North America,Office Supplies,Paper,Consumer,3,112.1,46.31,0.0,2024-02-01,0.4131132917038359
2024-03-30,Europe,Office Supplies,Paper,Consumer,3,73.72,28.69,0.0,2024-03-01,0.38917525773195877
2023-08-05,Latin America,Technology,Phones,Consumer,1,262.95,32.79,0.1,2023-08-01,0.12470051340559042
2023-09-12,North America,Office Supplies,Art,Consumer,2,42.82,14.82,0.0,2023-09-01,0.3460999532928538
2023-09-05,Asia Pacific,Office Supplies,Storage,Consumer,6,140.27,21.46,0.15,2023-09-01,0.15299066086832536
2024-05-20,Europe,Office Supplies,Storage,Consumer,2,87.34,-9.4,0.3,2024-05-01,-0.1076253721089993
2024-01-23,North America,Furniture,Tables,Home Office,3,495.97,-366.97,0.5,2024-01-01,-0.7399036232030163
2024-06-20,North America,Technology,Copiers,Consumer,3,1577.86,448.71,0.0,2024-06-01,0.2843788422293486
2024-09-23,Europe,Office Supplies,Paper,Corporate,2,75.75,32.18,0.0,2024-09-01,0.4248184818481848
2024-11-29,North America,Office Supplies,Binders,Corporate,3,200.28,81.97,0.0,2024-11-01,0.4092770121829439
2024-12-13,Asia Pacific,Office Supplies,Art,Consumer,4,274.3,125.31,0.0,2024-12-01,0.45683558148013126
2023-05-24,Europe,Technology,Accessories,Home Office,2,431.33,-127.07,0.3,2023-05-01,-0.29460042195071057
2023-06-28,North America,Technology,Copiers,Corporate,2,379.14,108.04,0.0,2023-06-01,0.28496070053278477
2024-10-04,North America,Office Supplies,Binders,Corporate,1,51.38,20.28,0.0,2024-10-01,0.3947061113273647
2024-11-19,Middle East & Africa,Office Supplies,Art,Home Office,1,65.13,-24.89,0.5,2024-11-01,-0.3821587594042684
2024-09-16,North America,Office Supplies,Storage,Home Office,2,49.32,18.2,0.0,2024-09-01,0.3690186536901865
2023-04-20,Europe,Furniture,Tables,Consumer,2,291.01,67.87,0.0,2023-04-01,0.2332222260403423
2023-10-15,Europe,Technology,Machines,Home Office,3,1629.01,-954.74,0.5,2023-10-01,-0.5860860277100816
2023-07-28,Latin America,Technology,Phones,Consumer,2,1071.08,-80.67,0.2,2023-07-01,-0.07531650296896591
2024-04-08,North America,Technology,Machines,Corporate,2,862.18,175.94,0.0,2024-04-01,0.20406411654178944
2023-02-09,Asia Pacific,Office Supplies,Binders,Home Office,1,38.7,14.5,0.0,2023-02-01,0.3746770025839793
2024-05-06,Europe,Furniture,Chairs,Corporate,1,259.95,-62.14,0.3,2024-05-01,-0.23904597037891903
2024-09-02,North America,Furniture,Chairs,Corporate,3,435.91,-16.66,0.15,2024-09-01,-0.038218898396457986
2024-02-18,Latin America,Furniture,Chairs,Corporate,2,453.26,103.0,0.0,2024-02-01,0.22724264219211932
2024-07-23,Europe,Technology,Phones,Home Office,2,926.36,-329.02,0.4,2024-07-01,-0.3551750939159722
2024-07-23,Asia Pacific,Office Supplies,Storage,Consumer,2,76.83,-12.99,0.3,2024-07-01,-0.16907458024209293
2024-11-16,North America,Technology,Accessories,Home Office,4,978.94,130.97,0.1,2024-11-01,0.13378756614297097
2023-02-17,North America,Furniture,Chairs,Home Office,5,405.19,-61.06,0.15,2023-02-01,-0.15069473580295664
2024-02-20,Asia Pacific,Furniture,Furnishings,Corporate,4,703.91,216.87,0.0,2024-02-01,0.3080933642084926
2023-03-06,Latin America,Office Supplies,Binders,Corporate,5,109.3,33.7,0.0,2023-03-01,0.30832570905763956
2024-12-18,Asia Pacific,Technology,Accessories,Home Office,4,1735.46,310.92,0.0,2024-12-01,0.17915711108294055
2023-02-21,Europe,Technology,Machines,Corporate,3,1031.09,204.18,0.0,2023-02-01,0.19802345091117168
2024-10-07,Asia Pacific,Technology,Phones,Consumer,5,1663.33,309.26,0.0,2024-10-01,0.18592822831308278
2024-11-25,Europe,Office Supplies,Binders,Consumer,1,47.98,20.21,0.0,2024-11-01,0.42121717382242607
2024-01-22,Asia Pacific,Office Supplies,Binders,Consumer,1,59.22,26.4,0.0,2024-01-01,0.44579533941236066
2023-11-19,Asia Pacific,Office Supplies,Storage,Home Office,7,351.97,-51.41,0.3,2023-11-01,-0.14606358496462765
2024-04-23,Latin America,Technology,Accessories,Corporate,4,1027.57,64.13,0.15,2024-04-01,0.062409373570656984
2023-09-07,Middle East & Africa,Office Supplies,Storage,Consumer,2,63.59,9.27,0.15,2023-09-01,0.1457776379933952
2023-06-19,Europe,Office Supplies,Storage,Consumer,1,30.58,14.2,0.0,2023-06-01,0.4643557880967953
2024-11-01,Middle East & Africa,Technology,Copiers,Consumer,2,1186.96,81.98,0.1,2024-11-01,0.06906719687268316
2024-07-20,Latin America,Office Supplies,Art,Corporate,2,118.02,42.32,0.0,2024-07-01,0.35858329096763264
2023-11-24,Latin America,Office Supplies,Art,Corporate,1,56.7,10.46,0.1,2023-11-01,0.18447971781305114
2023-09-14,Middle East & Africa,Furniture,Bookcases,Corporate,3,776.74,-49.74,0.15,2023-09-01,-0.0640368720549991
2023-03-10,Europe,Technology,Copiers,Consumer,4,2247.43,626.05,0.0,2023-03-01,0.2785626248648456
2024-08-30,North America,Office Supplies,Storage,Corporate,4,242.71,-56.47,0.4,2024-08-01,-0.232664496724486
2023-05-04,Europe,Office Supplies,Binders,Home Office,2,65.73,27.95,0.0,2023-05-01,0.4252244028601856
2024-11-05,Europe,Furniture,Furnishings,Consumer,6,2784.92,672.14,0.0,2024-11-01,0.24134984128808007
2024-12-24,Middle East & Africa,Office Supplies,Paper,Corporate,2,154.44,44.89,0.1,2024-12-01,0.29066304066304066
2023-05-21,Europe,Technology,Accessories,Corporate,1,228.7,60.21,0.0,2023-05-01,0.26327066025360735
2024-09-21,Asia Pacific,Technology,Machines,Home Office,3,1138.65,184.69,0.1,2024-09-01,0.16220085188600533
2023-12-02,Europe,Office Supplies,Storage,Consumer,2,144.73,17.31,0.15,2023-12-01,0.11960201754992054
2023-02-12,Asia Pacific,Furniture,Bookcases,Consumer,1,215.07,46.63,0.0,2023-02-01,0.21681313060863908
2023-08-28,Europe,Furniture,Tables,Consumer,1,214.6,52.8,0.0,2023-08-01,0.24603914259086673
2023-04-19,Asia Pacific,Technology,Machines,Consumer,2,448.84,110.18,0.0,2023-04-01,0.24547723019338744
2023-03-25,Europe,Office Supplies,Paper,Corporate,2,117.53,14.65,0.15,2023-03-01,0.12464902578065175
2023-07-24,North America,Technology,Accessories,Home Office,2,1127.05,-257.41,0.3,2023-07-01,-0.22839270662348612
2024-08-23,Europe,Office Supplies,Storage,Consumer,2,81.71,34.16,0.0,2024-08-01,0.4180638844694652
2024-09-09,Latin America,Furniture,Furnishings,Consumer,2,564.44,118.84,0.0,2024-09-01,0.21054496492098362
2023-07-13,Asia Pacific,Technology,Accessories,Consumer,1,325.53,109.59,0.0,2023-07-01,0.33665099990784264
2023-07-13,North America,Furniture,Furnishings,Consumer,2,538.28,-29.0,0.15,2023-07-01,-0.05387530653191648
2024-06-28,Latin America,Furniture,Bookcases,Corporate,1,169.16,33.19,0.0,2024-06-01,0.19620477654291793
2024-03-24,Europe,Office Supplies,Paper,Consumer,5,331.23,132.98,0.0,2024-03-01,0.4014732965009208
2024-04-24,North America,Technology,Machines,Consumer,1,492.1,-4.78,0.15,2024-04-01,-0.009713472871367609
2024-07-07,Latin America,Technology,Accessories,Home Office,4,1313.96,-387.24,0.3,2024-07-01,-0.2947121677981065
2023-05-14,Asia Pacific,Technology,Copiers,Consumer,4,1345.58,385.07,0.0,2023-05-01,0.2861739918845405
2024-04-09,Europe,Office Supplies,Binders,Home Office,4,292.32,99.46,0.0,2024-04-01,0.3402435686918445
2023-11-19,Asia Pacific,Technology,Accessories,Consumer,1,551.59,143.53,0.0,2023-11-01,0.2602113888939248
2024-01-17,Latin America,Office Supplies,Binders,Corporate,1,26.85,11.51,0.0,2024-01-01,0.4286778398510242
2024-03-25,North America,Office Supplies,Paper,Consumer,2,128.77,30.16,0.1,2024-03-01,0.23421604410965285
2024-06-27,Europe,Furniture,Chairs,Corporate,1,240.13,32.71,0.0,2024-06-01,0.13621788198059384
2024-05-01,North America,Office Supplies,Art,Corporate,1,47.46,1.55,0.2,2024-05-01,0.0326590813316477
2023-08-14,North America,Technology,Machines,Consumer,1,444.21,103.2,0.0,2023-08-01,0.23232255014520162
2024-06-29,Asia Pacific,Office Supplies,Binders,Consumer,4,198.8,96.96,0.0,2024-06-01,0.4877263581488933
2023-01-02,Asia Pacific,Office Supplies,Paper,Consumer,3,158.93,50.52,0.0,2023-01-01,0.317875794374882
2024-11-24,Latin America,Furniture,Tables,Consumer,2,796.79,-98.41,0.2,2024-11-01,-0.12350807615557424
2024-01-11,Latin America,Technology,Copiers,Consumer,4,1727.39,-128.19,0.2,2024-01-01,-0.07421022467421948
2024-05-22,Europe,Office Supplies,Storage,Corporate,2,47.81,19.25,0.0,2024-05-01,0.40263543191800877
2023-07-02,Europe,Office Supplies,Art,Consumer,3,175.02,66.04,0.0,2023-07-01,0.377328305336533
2023-03-09,North America,Technology,Machines,Corporate,1,191.29,-31.4,0.2,2023-03-01,-0.16414867478697265
2023-09-02,North America,Furniture,Bookcases,Consumer,1,206.91,48.93,0.0,2023-09-01,0.23647962882412643
2024-06-08,Latin America,Office Supplies,Art,Corporate,3,79.48,35.73,0.0,2024-06-01,0.44954705586311017
2024-07-23,Europe,Furniture,Bookcases,Consumer,3,615.27,-49.96,0.15,2024-07-01,-0.08120012352300617
2024-07-14,Latin America,Furniture,Bookcases,Corporate,5,815.73,153.44,0.0,2024-07-01,0.18810145513834234
2023-11-13,Middle East & Africa,Office Supplies,Binders,Consumer,3,222.74,54.5,0.1,2023-11-01,0.24467989584268654
2024-07-05,North America,Furniture,Tables,Consumer,1,290.28,2.28,0.1,2024-07-01,0.007854485324514262
2024-09-05,North America,Furniture,Chairs,Consumer,2,655.24,144.94,0.0,2024-09-01,0.22120139185641902
2023-09-02,Asia Pacific,Technology,Phones,Consumer,4,1658.27,-26.71,0.15,2023-09-01,-0.016107147810670158
2024-12-29,North America,Furniture,Tables,Corporate,3,1329.64,185.09,0.0,2024-12-01,0.13920309256640895
2023-08-11,Middle East & Africa,Furniture,Tables,Consumer,4,935.69,73.66,0.1,2023-08-01,0.07872265387040579
2023-01-21,Latin America,Furniture,Furnishings,Corporate,2,363.7,119.23,0.0,2023-01-01,0.32782513060214463
2024-04-08,North America,Technology,Copiers,Corporate,1,4.92,0.57,0.1,2024-04-01,0.11585365853658536
2024-06-05,Asia Pacific,Office Supplies,Paper,Corporate,4,219.16,49.02,0.1,2024-06-01,0.22367220295674395
2024-04-21,Middle East & Africa,Technology,Copiers,Consumer,1,345.75,-94.55,0.3,2024-04-01,-0.27346348517715113
2023-03-14,North America,Technology,Machines,Consumer,2,686.11,173.74,0.0,2023-03-01,0.2532247015784641
2023-08-09,North America,Office Supplies,Paper,Consumer,4,80.62,33.14,0.0,2023-08-01,0.41106425204663855
2023-07-26,Europe,Technology,Machines,Corporate,3,1622.74,460.51,0.0,2023-07-01,0.28378544930179816
2023-07-29,Europe,Furniture,Chairs,Consumer,2,224.42,54.62,0.0,2023-07-01,0.24338294269672936
2023-08-02,Latin America,Technology,Copiers,Corporate,5,2213.66,430.59,0.0,2023-08-01,0.19451496616463232
2023-03-16,North America,Furniture,Tables,Consumer,5,474.37,117.5,0.0,2023-03-01,0.24769694542234963
2023-08-02,Latin America,Technology,Accessories,Corporate,1,477.45,-9.09,0.2,2023-08-01,-0.019038642789820925
2023-12-25,Asia Pacific,Office Supplies,Art,Corporate,3,195.31,10.92,0.15,2023-12-01,0.05591111566228048
2023-08-31,Asia Pacific,Technology,Accessories,Home Office,4,2302.91,576.48,0.0,2023-08-01,0.25032676048998875
2024-11-11,Europe,Technology,Phones,Corporate,3,2112.07,411.97,0.0,2024-11-01,0.19505508813628336
2023-11-18,Middle East & Africa,Technology,Copiers,Home Office,4,3382.62,1082.22,0.0,2023-11-01,0.31993543466307184
2024-08-07,Asia Pacific,Office Supplies,Binders,Home Office,3,140.16,21.41,0.1,2024-08-01,0.15275399543378995
2024-05-16,North America,Office Supplies,Paper,Consumer,4,64.8,11.83,0.1,2024-05-01,0.18256172839506174
2024-07-10,Europe,Office Supplies,Binders,Consumer,2,75.84,28.62,0.0,2024-07-01,0.377373417721519
2024-03-05,Asia Pacific,Office Supplies,Art,Consumer,1,33.97,6.05,0.15,2024-03-01,0.17809832204886664
2024-08-08,North America,Furniture,Chairs,Consumer,2,58.41,-18.02,0.4,2024-08-01,-0.3085088169833933
2024-12-23,North America,Office Supplies,Art,Consumer,2,131.95,18.87,0.15,2024-12-01,0.14300871542250854
2023-04-01,Asia Pacific,Office Supplies,Storage,Home Office,1,9.71,1.92,0.1,2023-04-01,0.19773429454170954
2023-09-10,Europe,Office Supplies,Art,Corporate,4,108.15,51.83,0.0,2023-09-01,0.47924179380490056
2023-01-07,Latin America,Office Supplies,Art,Corporate,3,30.72,10.89,0.0,2023-01-01,0.35449218750000006
2024-01-16,North America,Furniture,Furnishings,Corporate,4,580.35,30.14,0.15,2024-01-01,0.051934177651417245
2024-11-17,Europe,Office Supplies,Storage,Consumer,1,50.95,21.28,0.0,2024-11-01,0.41766437684003926
2024-10-10,Europe,Technology,Phones,Consumer,2,810.25,222.37,0.0,2024-10-01,0.27444615859302685
2024-06-25,Asia Pacific,Technology,Phones,Corporate,1,281.98,77.13,0.0,2024-06-01,0.2735300375913185
2023-09-06,Asia Pacific,Technology,Phones,Consumer,3,892.53,252.32,0.0,2023-09-01,0.28270198200620705
2024-01-27,North America,Furniture,Chairs,Home Office,6,672.5,173.22,0.0,2024-01-01,0.2575762081784387
2024-03-13,Europe,Furniture,Furnishings,Consumer,2,444.64,-264.37,0.5,2024-03-01,-0.5945708888089241
2023-01-18,Asia Pacific,Furniture,Bookcases,Consumer,3,1080.1,108.85,0.0,2023-01-01,0.10077770576798445
2023-12-13,Middle East & Africa,Technology,Accessories,Corporate,1,176.64,52.68,0.0,2023-12-01,0.29823369565217395
2024-01-14,Middle East & Africa,Furniture,Bookcases,Home Office,3,670.84,-7.17,0.15,2024-01-01,-0.010688092540695247
2023-06-06,Europe,Technology,Copiers,Corporate,2,321.16,83.21,0.0,2023-06-01,0.25909204135010583
2024-11-16,North America,Office Supplies,Binders,Consumer,1,74.33,36.49,0.0,2024-11-01,0.4909188752858873
2023-02-03,Asia Pacific,Furniture,Chairs,Corporate,3,552.09,111.26,0.0,2023-02-01,0.20152511365900486
2024-05-02,Europe,Furniture,Tables,Consumer,2,381.47,36.25,0.1,2024-05-01,0.09502713188455186
2024-10-30,North America,Furniture,Chairs,Consumer,1,272.16,50.82,0.0,2024-10-01,0.1867283950617284
2024-04-18,Asia Pacific,Office Supplies,Binders,Corporate,1,38.9,-17.91,0.5,2024-04-01,-0.4604113110539846
2024-04-25,Asia Pacific,Technology,Phones,Home Office,3,427.57,91.28,0.0,2024-04-01,0.21348551114437403
2024-04-19,Latin America,Technology,Phones,Corporate,4,2339.26,588.99,0.0,2024-04-01,0.2517847524430803
2024-11-27,Latin America,Technology,Accessories,Consumer,3,1493.94,31.87,0.15,2024-11-01,0.021332851386267185
2023-07-30,Latin America,Office Supplies,Storage,Corporate,2,33.08,14.23,0.0,2023-07-01,0.4301692865779928
2023-12-01,Europe,Furniture,Bookcases,Corporate,3,509.95,50.14,0.1,2023-12-01,0.09832336503578783
2024-05-08,Europe,Technology,Phones,Consumer,5,2835.2,684.06,0.0,2024-05-01,0.2412739841986456
2024-09-09,Asia Pacific,Technology,Phones,Corporate,4,1309.1,-334.18,0.3,2024-09-01,-0.255274616148499
2023-09-17,North America,Technology,Copiers,Corporate,2,513.29,5.05,0.15,2023-09-01,0.009838492859786866
2023-10-21,Asia Pacific,Technology,Copiers,Consumer,4,2051.99,256.53,0.1,2023-10-01,0.12501522911905028
2023-10-04,Asia Pacific,Technology,Machines,Consumer,3,1543.03,-58.55,0.2,2023-10-01,-0.037944822848551225
2023-08-26,Latin America,Technology,Machines,Corporate,4,1806.37,-375.08,0.3,2023-08-01,-0.2076429524405299
2024-02-28,Middle East & Africa,Office Supplies,Paper,Corporate,2,66.02,23.25,0.0,2024-02-01,0.3521660102999091
2023-11-03,Middle East & Africa,Office Supplies,Paper,Home Office,1,25.68,3.83,0.15,2023-11-01,0.14914330218068536
2024-01-19,North America,Office Supplies,Binders,Home Office,2,99.7,15.2,0.1,2024-01-01,0.15245737211634905
2024-11-17,Asia Pacific,Furniture,Tables,Consumer,3,1630.06,-58.19,0.15,2024-11-01,-0.035698072463590295
2024-10-09,North America,Furniture,Tables,Consumer,5,1418.94,-345.75,0.3,2024-10-01,-0.24366780836399002
2024-05-28,North America,Furniture,Chairs,Corporate,3,688.21,50.33,0.1,2024-05-01,0.0731317475770477
2023-08-09,Europe,Office Supplies,Paper,Consumer,4,61.86,9.25,0.15,2023-08-01,0.14953119948270288
2023-07-19,Europe,Furniture,Tables,Home Office,1,258.16,-2.86,0.1,2023-07-01,-0.011078400991633094
2023-03-10,Latin America,Furniture,Tables,Consumer,2,605.71,-56.59,0.15,2023-03-01,-0.09342754783642337
2023-07-06,Middle East & Africa,Office Supplies,Paper,Consumer,1,47.55,-6.36,0.3,2023-07-01,-0.13375394321766562
2024-01-17,Asia Pacific,Technology,Accessories,Corporate,1,438.9,111.2,0.0,2024-01-01,0.253360674413306
2023-06-03,Europe,Technology,Phones,Corporate,3,707.99,199.0,0.0,2023-06-01,0.2810774163476885
2024-02-28,Middle East & Africa,Office Supplies,Binders,Consumer,2,92.66,4.79,0.2,2024-02-01,0.05169436650118714
2024-07-07,Asia Pacific,Office Supplies,Storage,Consumer,4,82.73,23.22,0.0,2024-07-01,0.28067206575607395
2023-06-22,North America,Furniture,Bookcases,Consumer,3,782.47,96.06,0.0,2023-06-01,0.12276509003540072
2023-02-20,Asia Pacific,Technology,Phones,Home Office,4,1527.67,401.34,0.0,2023-02-01,0.2627138059921318
2024-11-10,Europe,Technology,Machines,Consumer,4,3193.15,789.22,0.1,2024-11-01,0.24716032757621784
2024-05-30,North America,Furniture,Tables,Corporate,1,178.58,-14.37,0.15,2024-05-01,-0.08046813752939858
2023-01-30,Europe,Furniture,Tables,Corporate,4,1093.85,235.39,0.0,2023-01-01,0.21519403940211182
2023-12-14,Middle East & Africa,Technology,Machines,Consumer,3,1783.12,510.55,0.0,2023-12-01,0.28632397146574545
2024-01-05,North America,Office Supplies,Paper,Consumer,2,113.09,18.52,0.1,2024-01-01,0.16376337430365195
2024-07-21,Middle East & Africa,Office Supplies,Paper,Corporate,5,172.89,49.1,0.1,2024-07-01,0.2839956041413616
2023-02-17,Latin America,Technology,Accessories,Home Office,1,140.25,13.41,0.1,2023-02-01,0.09561497326203208
2023-07-14,Latin America,Office Supplies,Paper,Corporate,5,199.97,-16.81,0.3,2023-07-01,-0.08406260939140871
2023-12-16,North America,Furniture,Bookcases,Consumer,1,317.38,91.64,0.0,2023-12-01,0.28873905097989794
2024-01-14,Latin America,Technology,Phones,Consumer,1,501.75,129.16,0.0,2024-01-01,0.2574190333831589
2023-02-12,Latin America,Office Supplies,Storage,Consumer,5,146.39,13.86,0.2,2023-02-01,0.0946785982649088
2023-11-06,Europe,Technology,Copiers,Corporate,6,2689.09,31.91,0.15,2023-11-01,0.011866467838562487
2023-04-14,Europe,Office Supplies,Storage,Consumer,4,200.63,-47.59,0.4,2023-04-01,-0.2372028111448936
2023-09-30,North America,Office Supplies,Art,Consumer,3,61.65,24.94,0.0,2023-09-01,0.4045417680454177
2023-10-18,Europe,Furniture,Furnishings,Corporate,2,529.88,-3.43,0.15,2023-10-01,-0.0064731637351853255
2023-07-30,North America,Technology,Copiers,Corporate,3,1259.54,-754.53,0.5,2023-07-01,-0.5990520348698731
2024-05-28,North America,Office Supplies,Art,Consumer,1,63.43,21.42,0.0,2024-05-01,0.3376950969572758
2023-01-05,Europe,Office Supplies,Binders,Corporate,3,103.74,19.4,0.1,2023-01-01,0.1870059764796607
2024-07-27,Latin America,Technology,Copiers,Corporate,1,347.2,28.48,0.15,2024-07-01,0.08202764976958525
2023-04-20,Asia Pacific,Office Supplies,Storage,Consumer,2,75.31,22.75,0.0,2023-04-01,0.3020847165051122
2024-04-26,Asia Pacific,Office Supplies,Art,Home Office,2,77.93,28.73,0.0,2024-04-01,0.36866418580777616
2024-02-08,North America,Technology,Copiers,Corporate,2,789.79,-49.73,0.2,2024-02-01,-0.06296610491396447
2023-09-20,North America,Furniture,Bookcases,Consumer,3,666.39,42.79,0.1,2023-09-01,0.06421164783385105
2023-09-20,North America,Furniture,Chairs,Corporate,5,1821.2,471.08,0.0,2023-09-01,0.2586646167362179
2023-07-17,Asia Pacific,Furniture,Bookcases,Home Office,4,1161.71,-116.0,0.2,2023-07-01,-0.0998528031952897
2023-05-16,Middle East & Africa,Technology,Accessories,Consumer,5,1477.42,406.98,0.0,2023-05-01,0.27546669193594236
2023-12-21,North America,Furniture,Furnishings,Consumer,1,317.8,-148.71,0.4,2023-12-01,-0.46793580868470736
2023-05-24,North America,Office Supplies,Paper,Consumer,1,43.85,10.42,0.1,2023-05-01,0.23762827822120866
2023-06-07,Asia Pacific,Office Supplies,Art,Consumer,1,36.38,7.3,0.1,2023-06-01,0.20065970313358986
2024-10-05,Middle East & Africa,Furniture,Chairs,Corporate,2,453.31,69.45,0.0,2024-10-01,0.15320641503606805
2023-09-15,Asia Pacific,Technology,Accessories,Consumer,1,326.3,45.63,0.0,2023-09-01,0.1398406374501992
2024-02-15,Latin America,Technology,Machines,Home Office,2,584.85,-33.51,0.2,2024-02-01,-0.057296742754552446
2023-02-02,Latin America,Office Supplies,Art,Consumer,2,64.8,26.82,0.0,2023-02-01,0.4138888888888889
2023-01-04,Europe,Furniture,Furnishings,Consumer,4,794.54,225.07,0.0,2023-01-01,0.2832708233694968
2023-05-17,Europe,Office Supplies,Storage,Corporate,2,94.26,39.72,0.0,2023-05-01,0.42138765117759386
2023-03-30,Latin America,Office Supplies,Binders,Corporate,1,56.63,22.11,0.0,2023-03-01,0.39042910118311847
2024-10-22,North America,Furniture,Chairs,Home Office,4,902.84,172.79,0.0,2024-10-01,0.19138496300562668
2024-10-17,North America,Furniture,Chairs,Consumer,1,251.78,57.82,0.0,2024-10-01,0.22964492811184367
2024-03-26,North America,Furniture,Furnishings,Consumer,1,216.79,54.78,0.0,2024-03-01,0.25268693205406156
2023-12-17,Europe,Office Supplies,Art,Corporate,4,418.05,157.86,0.0,2023-12-01,0.3776103336921421
2024-04-12,North America,Furniture,Chairs,Corporate,1,465.03,-26.61,0.2,2024-04-01,-0.057222114702277276
2024-09-23,North America,Office Supplies,Storage,Home Office,3,98.36,27.49,0.0,2024-09-01,0.27948352989019926
2024-10-19,Europe,Office Supplies,Binders,Consumer,3,134.32,34.86,0.1,2024-10-01,0.25952948183442526
2023-08-09,Europe,Furniture,Furnishings,Consumer,3,259.31,44.07,0.0,2023-08-01,0.16995102387104238
2024-08-28,Middle East & Africa,Office Supplies,Binders,Consumer,1,53.94,19.69,0.0,2024-08-01,0.36503522432332225
2023-05-30,Europe,Technology,Copiers,Consumer,1,573.04,-333.64,0.5,2023-05-01,-0.5822281167108754
2024-09-24,North America,Office Supplies,Art,Corporate,2,92.13,28.61,0.0,2024-09-01,0.31053945511776837
2023-10-13,North America,Office Supplies,Paper,Home Office,2,54.54,21.23,0.0,2023-10-01,0.3892555922258893
2024-04-25,North America,Office Supplies,Paper,Consumer,4,137.52,-13.85,0.3,2024-04-01,-0.10071262361838278
2023-09-18,Europe,Technology,Accessories,Consumer,1,445.49,-69.92,0.3,2023-09-01,-0.1569507733057981
2024-11-23,Asia Pacific,Technology,Accessories,Consumer,1,692.92,226.82,0.0,2024-11-01,0.32733937539687125
2024-10-21,Latin America,Furniture,Furnishings,Consumer,3,197.13,-79.75,0.4,2024-10-01,-0.4045553695530868
2024-12-19,North America,Office Supplies,Art,Consumer,1,68.96,-5.73,0.3,2024-12-01,-0.08309164733178656
2024-12-12,Europe,Office Supplies,Art,Consumer,2,75.2,32.36,0.0,2024-12-01,0.4303191489361702
2024-02-29,North America,Furniture,Chairs,Consumer,3,524.54,-31.83,0.15,2024-02-01,-0.060681740191405806
2023-10-14,Europe,Furniture,Chairs,Consumer,2,483.78,-185.23,0.4,2023-10-01,-0.3828806482285336
2024-12-20,Latin America,Office Supplies,Binders,Consumer,4,215.77,-16.32,0.3,2024-12-01,-0.07563609398896974
2023-09-22,Latin America,Technology,Machines,Corporate,1,496.32,14.29,0.15,2023-09-01,0.028791908446163764
2023-12-05,Europe,Technology,Phones,Consumer,2,1548.4,468.94,0.0,2023-12-01,0.3028545595453371
2023-01-12,Asia Pacific,Technology,Machines,Home Office,3,1316.86,356.28,0.0,2023-01-01,0.27055267834090185
2024-08-02,Europe,Office Supplies,Storage,Home Office,3,122.34,25.63,0.15,2024-08-01,0.20949811999346082
2024-09-16,Europe,Office Supplies,Paper,Consumer,1,32.04,12.25,0.0,2024-09-01,0.382334581772784
2023-06-18,Asia Pacific,Technology,Copiers,Corporate,1,327.11,37.42,0.1,2023-06-01,0.11439576900736756
2023-07-24,North America,Furniture,Chairs,Consumer,2,456.06,45.02,0.0,2023-07-01,0.09871508134894533
2024-04-27,Europe,Office Supplies,Paper,Consumer,3,140.25,53.32,0.0,2024-04-01,0.3801782531194296
2023-05-02,Europe,Office Supplies,Storage,Corporate,5,214.26,54.95,0.1,2023-05-01,0.25646410902641653
2023-04-03,Asia Pacific,Furniture,Tables,Consumer,2,382.84,-15.17,0.15,2023-04-01,-0.03962490857799603
2024-07-13,Europe,Office Supplies,Binders,Home Office,4,216.72,47.51,0.1,2024-07-01,0.21922296050203027
2023-11-25,North America,Technology,Copiers,Consumer,2,1161.01,349.17,0.0,2023-11-01,0.3007467635937675
2024-11-13,North America,Office Supplies,Binders,Consumer,3,94.94,19.63,0.1,2024-11-01,0.20676216557825994
2023-07-19,Asia Pacific,Office Supplies,Storage,Consumer,3,148.52,55.56,0.0,2023-07-01,0.3740910315109076
2023-03-15,Latin America,Technology,Phones,Consumer,1,218.71,28.48,0.1,2023-03-01,0.13021809702345571
2024-04-10,North America,Technology,Machines,Corporate,3,713.64,84.55,0.1,2024-04-01,0.11847710330138445
2024-11-26,Middle East & Africa,Technology,Accessories,Consumer,4,2770.46,663.21,0.0,2024-11-01,0.23938623910830695
2024-10-21,North America,Office Supplies,Binders,Consumer,3,94.87,-14.54,0.3,2024-10-01,-0.15326235901760302
2023-08-12,Europe,Furniture,Furnishings,Corporate,1,465.29,-9.81,0.15,2023-08-01,-0.021083625265963163
2024-08-04,Europe,Office Supplies,Art,Consumer,1,34.88,13.82,0.0,2024-08-01,0.3962155963302752
2024-07-13,Latin America,Furniture,Bookcases,Corporate,5,1188.94,183.63,0.0,2024-07-01,0.15444850034484497
2023-10-21,Asia Pacific,Office Supplies,Binders,Home Office,2,94.56,19.85,0.1,2023-10-01,0.209919627749577
2024-08-14,North America,Office Supplies,Binders,Corporate,3,165.39,47.31,0.0,2024-08-01,0.2860511518229639
2024-01-27,Asia Pacific,Furniture,Furnishings,Home Office,5,911.4,-54.67,0.15,2024-01-01,-0.05998463901689709
2024-11-01,North America,Furniture,Tables,Consumer,3,369.33,105.84,0.0,2024-11-01,0.2865729835106815
2023-04-11,Europe,Furniture,Furnishings,Consumer,5,779.31,92.42,0.15,2023-04-01,0.11859208787260526
2023-10-19,North America,Office Supplies,Storage,Corporate,6,159.74,27.49,0.15,2023-10-01,0.1720921497433329
2024-05-04,Asia Pacific,Furniture,Furnishings,Consumer,1,4.92,0.48,0.1,2024-05-01,0.0975609756097561
2023-03-27,Asia Pacific,Office Supplies,Binders,Corporate,3,184.09,63.84,0.0,2023-03-01,0.34678689771307514
2024-10-11,Asia Pacific,Furniture,Chairs,Consumer,1,200.22,-31.0,0.2,2024-10-01,-0.1548296873439217
2023-03-04,North America,Office Supplies,Paper,Consumer,1,23.91,7.84,0.0,2023-03-01,0.32789627770807195
2024-08-14,Asia Pacific,Office Supplies,Storage,Home Office,3,171.79,57.67,0.0,2024-08-01,0.33570056464287795
2023-10-08,Latin America,Furniture,Tables,Corporate,2,627.59,58.71,0.1,2023-10-01,0.09354833569687215
2023-02-07,Asia Pacific,Technology,Phones,Consumer,5,1530.53,410.87,0.0,2023-02-01,0.2684494913526687
2024-05-27,North America,Technology,Accessories,Corporate,2,739.63,-222.94,0.3,2024-05-01,-0.3014209807606506
2024-06-15,Asia Pacific,Office Supplies,Storage,Home Office,3,75.58,14.0,0.15,2024-06-01,0.18523418893887272
2024-10-04,Middle East & Africa,Furniture,Furnishings,Corporate,3,467.21,87.96,0.0,2024-10-01,0.18826651826801652
2024-03-17,Europe,Technology,Phones,Home Office,1,446.69,129.65,0.0,2024-03-01,0.2902460319237055
2023-05-17,Asia Pacific,Office Supplies,Storage,Corporate,2,44.34,-19.45,0.5,2023-05-01,-0.4386558412268831
2023-09-17,Latin America,Technology,Accessories,Corporate,3,1899.08,-822.7,0.4,2023-09-01,-0.43320976472818423
2023-11-08,North America,Technology,Phones,Corporate,2,1099.27,173.34,0.1,2023-11-01,0.15768646465381572
2024-02-08,North America,Furniture,Chairs,Corporate,5,1328.28,356.15,0.0,2024-02-01,0.26812870780257175
2023-12-24,Europe,Office Supplies,Paper,Corporate,4,264.34,94.43,0.0,2023-12-01,0.3572293258682001
2023-02-01,Latin America,Furniture,Tables,Consumer,4,940.14,231.11,0.0,2023-02-01,0.24582508988023064
2024-11-12,Middle East & Africa,Technology,Copiers,Consumer,3,1508.06,106.08,0.15,2024-11-01,0.07034202883174409
2024-10-08,North America,Office Supplies,Binders,Home Office,4,114.85,38.76,0.0,2024-10-01,0.3374836743578581
2024-11-30,Europe,Technology,Accessories,Consumer,5,3782.3,-26.86,0.15,2024-11-01,-0.007101499087856595
2024-04-23,North America,Technology,Accessories,Corporate,3,1448.32,-93.46,0.15,2024-04-01,-0.06452993813521873
2023-11-01,Asia Pacific,Office Supplies,Art,Consumer,2,96.11,28.5,0.0,2023-11-01,0.2965352200603475
2023-04-17,Latin America,Furniture,Tables,Consumer,4,1476.96,255.67,0.0,2023-04-01,0.17310556819412848
2023-06-05,North America,Furniture,Furnishings,Consumer,4,1175.34,73.01,0.1,2023-06-01,0.062118195585958116
2024-07-31,Europe,Office Supplies,Storage,Home Office,5,205.56,73.37,0.0,2024-07-01,0.3569274177855614
2023-12-14,Asia Pacific,Technology,Accessories,Corporate,3,1707.92,-80.93,0.2,2023-12-01,-0.04738512342498478
2024-07-07,Latin America,Furniture,Chairs,Consumer,2,731.37,182.12,0.0,2024-07-01,0.24901212792430644
2024-04-03,Latin America,Office Supplies,Binders,Consumer,4,182.96,59.66,0.0,2024-04-01,0.32608220376038477
2024-02-07,North America,Office Supplies,Paper,Consumer,3,130.8,42.79,0.0,2024-02-01,0.32714067278287456
2023-02-21,Latin America,Furniture,Chairs,Consumer,3,511.11,-299.76,0.5,2023-02-01,-0.5864882314961554
2024-05-08,Europe,Furniture,Tables,Consumer,3,891.3,-54.96,0.15,2024-05-01,-0.06166273981824302
2024-05-06,North America,Furniture,Tables,Home Office,5,1178.93,228.1,0.0,2024-05-01,0.1934805289542212
2024-04-11,Europe,Furniture,Tables,Home Office,1,214.48,28.27,0.0,2024-04-01,0.13180716150690042
2024-06-22,Europe,Furniture,Chairs,Consumer,3,990.95,181.28,0.0,2024-06-01,0.1829355668802664
2024-10-16,Latin America,Furniture,Bookcases,Home Office,3,752.53,162.53,0.0,2024-10-01,0.21597810054084224
2023-08-26,Asia Pacific,Technology,Copiers,Home Office,4,1107.23,338.59,0.0,2023-08-01,0.30579915645349204
2023-11-15,North America,Technology,Accessories,Corporate,3,572.84,81.23,0.1,2023-11-01,0.14180224844633754
2023-05-23,Asia Pacific,Furniture,Tables,Consumer,1,246.7,-65.17,0.3,2023-05-01,-0.26416700445885694
2024-06-23,Europe,Furniture,Tables,Corporate,2,536.82,158.88,0.0,2024-06-01,0.2959651279758578
2024-07-23,Europe,Technology,Phones,Consumer,4,1871.18,458.01,0.0,2024-07-01,0.24477067946429523
2024-12-04,Europe,Furniture,Bookcases,Corporate,4,1792.35,436.99,0.0,2024-12-01,0.2438084079560354
2024-11-16,North America,Office Supplies,Art,Consumer,2,152.88,49.53,0.0,2024-11-01,0.3239795918367347
2023-09-09,Asia Pacific,Office Supplies,Storage,Consumer,3,95.16,32.54,0.0,2023-09-01,0.34195039932744853
2023-07-16,Asia Pacific,Furniture,Bookcases,Corporate,2,644.33,123.4,0.0,2023-07-01,0.1915167693573169
2023-02-28,Latin America,Furniture,Tables,Corporate,1,192.42,18.37,0.1,2023-02-01,0.09546824654401831
2023-06-15,North America,Office Supplies,Storage,Corporate,4,172.17,76.58,0.0,2023-06-01,0.4447929372132195
2023-03-27,Europe,Technology,Phones,Consumer,2,802.37,258.53,0.0,2023-03-01,0.32220795892169446
2023-12-22,North America,Office Supplies,Storage,Consumer,3,190.53,75.85,0.0,2023-12-01,0.398100036739621
2024-02-04,Latin America,Technology,Accessories,Consumer,3,380.35,100.76,0.0,2024-02-01,0.26491389509662155
2023-10-24,Middle East & Africa,Technology,Phones,Consumer,4,1505.29,-298.6,0.3,2023-10-01,-0.19836709205535147
2024-05-12,Asia Pacific,Office Supplies,Art,Consumer,3,156.16,35.39,0.1,2024-05-01,0.22662653688524592
2023-08-27,North America,Office Supplies,Binders,Corporate,5,98.08,-42.84,0.5,2023-08-01,-0.4367862969004894
2024-07-28,Asia Pacific,Office Supplies,Art,Consumer,4,73.84,27.09,0.0,2024-07-01,0.36687432286023836
2024-07-14,North America,Technology,Accessories,Consumer,4,1248.16,19.39,0.15,2024-07-01,0.01553486732470196
2023-10-05,Europe,Technology,Machines,Home Office,1,176.3,35.49,0.0,2023-10-01,0.20130459444129326
2024-12-13,Middle East & Africa,Furniture,Furnishings,Consumer,1,264.65,67.96,0.0,2024-12-01,0.25679198941998865
2024-08-05,North America,Office Supplies,Binders,Consumer,1,43.3,10.55,0.1,2024-08-01,0.24364896073903006
2024-02-01,Middle East & Africa,Office Supplies,Paper,Home Office,1,39.01,-2.14,0.2,2024-02-01,-0.054857728787490394
2024-01-22,Asia Pacific,Technology,Copiers,Consumer,3,1754.07,83.56,0.15,2024-01-01,0.047637779564099494
2023-10-29,North America,Furniture,Furnishings,Consumer,5,733.02,171.85,0.0,2023-10-01,0.2344410793702764
2023-03-25,Middle East & Africa,Furniture,Tables,Consumer,2,617.41,-182.21,0.3,2023-03-01,-0.2951199365089649
2024-08-01,Asia Pacific,Furniture,Bookcases,Consumer,4,1133.63,-535.21,0.4,2024-08-01,-0.4721205331545566
2023-09-10,Europe,Office Supplies,Binders,Consumer,4,156.68,53.74,0.0,2023-09-01,0.3429920857799336
2024-01-31,Middle East & Africa,Technology,Machines,Corporate,2,859.71,61.49,0.1,2024-01-01,0.07152411859813193
2023-09-21,Europe,Office Supplies,Storage,Consumer,2,79.48,34.13,0.0,2023-09-01,0.4294162053346754
2024-07-21,Latin America,Technology,Accessories,Corporate,2,605.62,155.1,0.0,2024-07-01,0.2561011855619035
2024-02-12,Europe,Technology,Copiers,Consumer,2,368.76,-30.96,0.2,2024-02-01,-0.08395704523267167
2023-12-20,Asia Pacific,Technology,Machines,Consumer,1,1067.11,218.79,0.0,2023-12-01,0.20503040923616123
2024-07-22,North America,Furniture,Chairs,Consumer,3,1023.17,290.75,0.0,2024-07-01,0.2841658766382908
2023-02-26,North America,Office Supplies,Binders,Consumer,1,29.26,11.81,0.0,2023-02-01,0.4036226930963773
2024-11-23,Europe,Technology,Phones,Consumer,3,1657.79,413.08,0.0,2024-11-01,0.24917510661784664
2024-12-26,Middle East & Africa,Technology,Accessories,Consumer,3,2079.79,667.75,0.0,2024-12-01,0.3210660691704451
2023-06-12,North America,Technology,Phones,Consumer,7,1592.2,442.65,0.0,2023-06-01,0.27801155633714353
2024-07-26,North America,Furniture,Tables,Consumer,2,669.53,105.63,0.0,2024-07-01,0.15776738906397025
2024-09-11,Asia Pacific,Office Supplies,Storage,Consumer,2,53.3,21.95,0.0,2024-09-01,0.41181988742964354
2024-08-13,Asia Pacific,Office Supplies,Paper,Consumer,5,32.92,13.27,0.0,2024-08-01,0.4030984204131227
2024-05-26,Latin America,Office Supplies,Binders,Consumer,6,115.27,43.73,0.0,2024-05-01,0.3793701743732107
2024-02-28,Asia Pacific,Office Supplies,Binders,Consumer,5,140.72,-5.17,0.3,2024-02-01,-0.036739624786810685
2024-05-28,Asia Pacific,Furniture,Furnishings,Consumer,2,739.72,-153.5,0.2,2024-05-01,-0.20751095008922293
2024-11-03,Middle East & Africa,Office Supplies,Art,Consumer,4,259.67,82.65,0.0,2024-11-01,0.3182885970655062
2024-04-16,Latin America,Office Supplies,Art,Consumer,3,148.3,65.07,0.0,2024-04-01,0.4387727579231287
2024-10-23,North America,Office Supplies,Art,Consumer,3,212.45,-0.01,0.2,2024-10-01,-4.706989879971758e-05
2024-08-18,Europe,Office Supplies,Art,Corporate,3,121.44,49.91,0.0,2024-08-01,0.41098484848484845
2023-03-27,North America,Furniture,Furnishings,Home Office,1,248.2,41.9,0.0,2023-03-01,0.16881547139403708
2023-11-12,Asia Pacific,Furniture,Chairs,Corporate,3,828.47,-410.91,0.5,2023-11-01,-0.49598657766726617
2024-01-08,North America,Technology,Copiers,Consumer,1,298.11,-20.58,0.15,2024-01-01,-0.06903491999597464
2024-04-18,Middle East & Africa,Office Supplies,Paper,Home Office,3,100.08,6.5,0.15,2024-04-01,0.0649480415667466
2023-04-14,North America,Office Supplies,Binders,Consumer,4,112.87,13.49,0.2,2023-04-01,0.11951802959156552
2023-08-01,Europe,Office Supplies,Storage,Corporate,3,130.84,43.17,0.0,2023-08-01,0.3299449709568939
2023-07-15,Middle East & Africa,Office Supplies,Storage,Corporate,5,221.2,46.36,0.1,2023-07-01,0.20958408679927668
2024-05-14,Latin America,Office Supplies,Art,Consumer,2,53.79,-3.51,0.3,2024-05-01,-0.0652537646402677
2024-02-11,Asia Pacific,Office Supplies,Art,Home Office,2,102.31,-1.62,0.2,2024-02-01,-0.015834229303098427
2024-09-27,Latin America,Office Supplies,Binders,Consumer,3,111.71,38.09,0.0,2024-09-01,0.34097216005729125
2023-03-22,Asia Pacific,Technology,Accessories,Home Office,1,369.97,-16.51,0.2,2023-03-01,-0.044625239884314945
2023-02-13,Europe,Furniture,Bookcases,Consumer,4,547.63,125.81,0.0,2023-02-01,0.22973540529189418
2023-07-04,North America,Technology,Phones,Consumer,3,1248.24,374.15,0.0,2023-07-01,0.2997420367877972
2023-08-10,North America,Technology,Accessories,Consumer,1,426.18,125.25,0.0,2023-08-01,0.293889905673659
2024-10-14,Europe,Office Supplies,Binders,Consumer,6,126.24,-6.06,0.2,2024-10-01,-0.04800380228136882
2024-04-23,Europe,Technology,Phones,Home Office,5,1225.41,320.7,0.0,2024-04-01,0.26170832619286605
2024-08-22,North America,Office Supplies,Paper,Consumer,3,112.26,-12.02,0.3,2024-08-01,-0.10707286655977195
2023-06-09,Asia Pacific,Office Supplies,Art,Corporate,2,83.87,22.07,0.1,2023-06-01,0.26314534398473827
2023-12-27,North America,Office Supplies,Art,Consumer,6,462.38,90.53,0.15,2023-12-01,0.19579134045590207
2024-11-14,North America,Technology,Copiers,Home Office,2,1202.63,146.2,0.1,2024-11-01,0.12156689921255912
2023-10-14,Europe,Furniture,Bookcases,Consumer,3,1027.6,-22.04,0.15,2023-10-01,-0.021448034254573766
2023-08-24,Asia Pacific,Technology,Machines,Consumer,2,768.88,-194.34,0.3,2023-08-01,-0.25275725730933307
2023-10-29,Europe,Office Supplies,Binders,Consumer,2,45.06,5.46,0.15,2023-10-01,0.12117177097203728
2024-07-13,North America,Furniture,Chairs,Corporate,2,729.61,206.15,0.0,2024-07-01,0.28254821068790176
2024-11-21,North America,Technology,Machines,Consumer,4,2126.59,648.3,0.0,2024-11-01,0.3048542502315914
2024-09-28,Europe,Furniture,Chairs,Home Office,5,1177.8,298.05,0.0,2024-09-01,0.25305654610290373
2024-01-09,Asia Pacific,Office Supplies,Paper,Consumer,2,75.83,30.52,0.0,2024-01-01,0.40247922985625745
2023-10-08,Asia Pacific,Furniture,Furnishings,Consumer,4,1312.46,411.56,0.0,2023-10-01,0.31357908050531064
2024-01-27,Asia Pacific,Furniture,Tables,Consumer,3,692.77,-337.7,0.4,2024-01-01,-0.48746337168179915
2024-05-08,North America,Furniture,Chairs,Corporate,4,1297.13,221.03,0.0,2024-05-01,0.17039926607202052
2024-06-18,Latin America,Furniture,Furnishings,Consumer,1,172.16,-1.31,0.15,2024-06-01,-0.007609200743494424
2023-08-19,Asia Pacific,Furniture,Chairs,Consumer,2,469.41,-5.86,0.1,2023-08-01,-0.01248375620459726
2024-01-04,Middle East & Africa,Office Supplies,Binders,Home Office,2,99.25,-14.68,0.3,2024-01-01,-0.14790931989924433
2023-01-20,Latin America,Office Supplies,Storage,Consumer,4,116.22,0.34,0.2,2023-01-01,0.0029254861469626575
2024-05-17,Asia Pacific,Office Supplies,Storage,Home Office,2,99.47,-28.79,0.4,2024-05-01,-0.28943400020106563
2023-06-10,Europe,Furniture,Furnishings,Consumer,4,888.18,7.56,0.15,2023-06-01,0.008511788151050463
2023-02-28,Europe,Technology,Phones,Consumer,6,1441.58,466.54,0.0,2023-02-01,0.32363101596859006
2024-03-21,North America,Technology,Accessories,Consumer,2,1135.54,264.48,0.0,2024-03-01,0.23291121404794196
2024-02-03,North America,Office Supplies,Storage,Corporate,3,60.47,12.17,0.1,2024-02-01,0.2012568215644121
2023-01-19,North America,Office Supplies,Binders,Corporate,1,54.65,10.0,0.15,2023-01-01,0.18298261665141813
2024-12-06,Latin America,Technology,Copiers,Corporate,3,2003.27,586.64,0.0,2024-12-01,0.29284120463042923
2023-10-21,Latin America,Technology,Phones,Consumer,1,347.63,-10.16,0.2,2023-10-01,-0.029226476426085207
2023-11-03,Latin America,Technology,Machines,Home Office,1,271.97,35.77,0.1,2023-11-01,0.13152185902856933
2024-11-28,North America,Technology,Phones,Corporate,1,298.19,-28.37,0.2,2024-11-01,-0.09514068211542977
2024-04-14,Europe,Technology,Accessories,Corporate,1,352.01,-135.12,0.4,2024-04-01,-0.38385273145649274
2024-07-18,North America,Technology,Phones,Corporate,3,808.72,68.55,0.1,2024-07-01,0.08476357701058462
2023-08-03,North America,Technology,Accessories,Consumer,4,1624.41,220.85,0.1,2023-08-01,0.13595705517695655
2023-11-12,Asia Pacific,Technology,Copiers,Consumer,4,2015.98,469.69,0.0,2023-11-01,0.2329834621375212
2024-08-12,North America,Office Supplies,Binders,Home Office,1,57.32,6.82,0.2,2024-08-01,0.11898115840893231
2023-07-17,Europe,Technology,Accessories,Corporate,3,816.71,178.96,0.1,2023-07-01,0.21912306693930525
2023-09-28,Asia Pacific,Office Supplies,Binders,Consumer,2,25.55,10.93,0.0,2023-09-01,0.4277886497064579
2023-11-11,Europe,Technology,Accessories,Corporate,1,988.44,281.24,0.0,2023-11-01,0.2845291570555623
2024-08-28,North America,Office Supplies,Art,Corporate,2,66.6,22.38,0.0,2024-08-01,0.33603603603603605
2024-02-10,North America,Office Supplies,Storage,Consumer,3,86.58,9.95,0.1,2024-02-01,0.11492261492261492
2023-08-22,North America,Technology,Accessories,Consumer,3,1093.28,66.31,0.1,2023-08-01,0.060652348895068056
2024-11-22,Europe,Furniture,Bookcases,Home Office,3,840.81,77.05,0.1,2024-11-01,0.09163782543023989
2023-05-20,Asia Pacific,Technology,Machines,Consumer,2,950.05,177.24,0.0,2023-05-01,0.18655860217883272
2023-06-06,Asia Pacific,Furniture,Tables,Consumer,2,533.64,54.9,0.1,2023-06-01,0.1028783449516528
2024-08-29,Europe,Technology,Machines,Home Office,2,952.96,113.03,0.1,2024-08-01,0.11860938549361988
2023-03-04,North America,Furniture,Chairs,Consumer,6,1218.0,-120.48,0.15,2023-03-01,-0.09891625615763547
2023-01-15,Europe,Office Supplies,Storage,Consumer,4,115.7,47.51,0.0,2023-01-01,0.4106309420916162
2023-05-08,Middle East & Africa,Office Supplies,Binders,Corporate,4,151.62,13.04,0.2,2023-05-01,0.08600448489645164
2024-07-23,Latin America,Office Supplies,Binders,Home Office,2,149.0,48.46,0.0,2024-07-01,0.3252348993288591
2024-09-02,Europe,Technology,Phones,Consumer,2,888.49,311.11,0.0,2024-09-01,0.35015588245225043
2024-08-24,North America,Office Supplies,Paper,Corporate,4,116.99,59.36,0.0,2024-08-01,0.5073937943413968
2024-12-24,Europe,Furniture,Furnishings,Home Office,1,294.34,95.03,0.0,2024-12-01,0.32285791941292385
2024-07-25,Asia Pacific,Office Supplies,Paper,Consumer,3,170.82,70.1,0.0,2024-07-01,0.4103734925652734
2023-12-04,North America,Office Supplies,Binders,Consumer,1,62.11,9.63,0.15,2023-12-01,0.15504749637739496
2023-06-26,North America,Technology,Machines,Home Office,1,603.45,141.05,0.0,2023-06-01,0.23373933217333664
2023-12-13,North America,Office Supplies,Binders,Consumer,2,159.57,60.54,0.0,2023-12-01,0.3793946230494454
2023-03-02,Europe,Office Supplies,Binders,Corporate,3,84.22,20.16,0.1,2023-03-01,0.23937307052956544
2024-06-12,North America,Technology,Phones,Home Office,2,477.27,104.93,0.0,2024-06-01,0.21985458964527418
2023-05-10,Asia Pacific,Furniture,Tables,Corporate,2,463.35,-29.27,0.2,2023-05-01,-0.06317038955433257
2023-07-19,Europe,Furniture,Bookcases,Corporate,3,1032.1,170.54,0.0,2023-07-01,0.1652359267512838
2023-10-05,Asia Pacific,Furniture,Chairs,Consumer,1,247.28,40.22,0.0,2023-10-01,0.16264962795211904
2024-05-02,North America,Furniture,Furnishings,Home Office,3,462.76,22.89,0.1,2024-05-01,0.049464085054888064
2023-02-15,North America,Office Supplies,Binders,Consumer,4,132.83,-43.34,0.4,2023-02-01,-0.326281713468343
2023-05-03,North America,Office Supplies,Binders,Consumer,4,119.14,-9.93,0.3,2023-05-01,-0.08334732247775725
2024-07-31,Asia Pacific,Office Supplies,Paper,Corporate,4,251.27,107.77,0.0,2024-07-01,0.428901181995463
2024-07-17,North America,Furniture,Chairs,Corporate,1,321.65,4.15,0.2,2024-07-01,0.012902222913104307
2023-07-29,North America,Office Supplies,Paper,Corporate,2,66.68,16.1,0.0,2023-07-01,0.2414517096580684
2024-09-01,Europe,Technology,Phones,Corporate,4,1825.44,-592.58,0.4,2024-09-01,-0.3246231045665703
2023-07-24,North America,Office Supplies,Binders,Consumer,4,116.05,1.97,0.2,2023-07-01,0.016975441619991382
2024-01-14,North America,Technology,Machines,Consumer,4,2387.56,434.69,0.0,2024-01-01,0.18206453450384494
2023-09-09,Europe,Office Supplies,Binders,Corporate,3,100.32,16.08,0.15,2023-09-01,0.16028708133971292
2023-08-12,Asia Pacific,Technology,Copiers,Corporate,2,693.75,157.74,0.0,2023-08-01,0.227372972972973
2024-12-23,Asia Pacific,Office Supplies,Art,Consumer,4,291.5,52.74,0.1,2024-12-01,0.180926243567753
2023-06-14,North America,Technology,Phones,Consumer,4,1790.66,580.39,0.0,2023-06-01,0.3241207152669965
2023-09-21,North America,Technology,Machines,Home Office,2,497.95,150.99,0.0,2023-09-01,0.30322321518224726
2024-04-08,Latin America,Office Supplies,Art,Consumer,1,31.91,13.35,0.0,2024-04-01,0.4183641491695393
2023-05-01,Europe,Furniture,Furnishings,Home Office,3,743.6,-232.7,0.3,2023-05-01,-0.3129370629370629
2023-10-17,Asia Pacific,Office Supplies,Art,Consumer,3,114.63,43.12,0.0,2023-10-01,0.37616679752246357
2024-09-19,Latin America,Office Supplies,Art,Consumer,4,118.24,14.91,0.15,2024-09-01,0.12609945872801084
2023-10-03,North America,Technology,Copiers,Corporate,5,2022.83,613.02,0.0,2023-10-01,0.3030506765274393
2023-04-02,North America,Technology,Accessories,Consumer,1,277.34,-15.43,0.2,2023-04-01,-0.055635681834571286
2023-05-03,North America,Office Supplies,Paper,Consumer,2,60.9,12.73,0.1,2023-05-01,0.2090311986863711
2024-08-06,Asia Pacific,Office Supplies,Art,Corporate,4,196.59,88.58,0.0,2024-08-01,0.45058243043898466
2024-08-06,Asia Pacific,Office Supplies,Binders,Consumer,2,132.58,45.22,0.0,2024-08-01,0.3410770855332629
2023-08-31,Asia Pacific,Office Supplies,Paper,Corporate,5,172.64,61.76,0.0,2023-08-01,0.3577386468952734
2023-03-22,Asia Pacific,Office Supplies,Storage,Consumer,4,142.08,34.75,0.1,2023-03-01,0.244580518018018
2023-05-26,North America,Office Supplies,Paper,Consumer,4,108.98,44.56,0.0,2023-05-01,0.4088823637364654
2024-06-23,Asia Pacific,Office Supplies,Paper,Corporate,1,23.43,8.47,0.0,2024-06-01,0.36150234741784043
2024-05-11,Asia Pacific,Office Supplies,Binders,Corporate,1,42.22,-0.28,0.2,2024-05-01,-0.006631927996210328
2023-01-08,Asia Pacific,Technology,Phones,Consumer,1,327.17,83.95,0.0,2023-01-01,0.2565944310297399
2023-08-17,Middle East & Africa,Technology,Phones,Corporate,5,3021.22,71.33,0.15,2023-08-01,0.023609667617717347
2024-11-11,Asia Pacific,Technology,Phones,Consumer,1,572.13,200.92,0.0,2024-11-01,0.35117892786604443
2024-04-03,Europe,Office Supplies,Storage,Consumer,3,77.78,16.99,0.1,2024-04-01,0.21843661609668294
2024-01-09,Europe,Furniture,Bookcases,Consumer,1,342.95,72.21,0.0,2024-01-01,0.2105554745589736
2024-08-16,North America,Furniture,Bookcases,Corporate,3,890.5,55.58,0.1,2024-08-01,0.06241437394722066
2024-12-19,Asia Pacific,Furniture,Chairs,Corporate,5,2409.08,13.41,0.15,2024-12-01,0.00556644030086174
2024-12-21,Middle East & Africa,Office Supplies,Paper,Consumer,5,219.62,2.02,0.2,2024-12-01,0.00919770512703761
2024-05-06,Latin America,Furniture,Tables,Corporate,1,202.01,33.37,0.0,2024-05-01,0.1651898420870254
2024-09-08,North America,Office Supplies,Paper,Consumer,3,48.55,19.45,0.0,2024-09-01,0.40061791967044286
2024-12-19,Latin America,Office Supplies,Storage,Corporate,3,92.71,32.13,0.0,2024-12-01,0.34656455614281095
2023-05-05,North America,Office Supplies,Binders,Consumer,4,96.27,24.39,0.1,2023-05-01,0.2533499532564662
2024-01-26,Asia Pacific,Office Supplies,Paper,Home Office,3,90.28,16.48,0.1,2024-01-01,0.18254319893664156
2024-09-11,North America,Furniture,Furnishings,Consumer,2,654.86,-159.83,0.3,2024-09-01,-0.24406743426075803
2024-11-20,North America,Office Supplies,Art,Consumer,5,213.46,74.18,0.0,2024-11-01,0.3475124145038883
2024-09-23,Latin America,Technology,Machines,Home Office,4,1487.19,-333.88,0.3,2024-09-01,-0.224503930230838
2023-03-09,Europe,Office Supplies,Storage,Consumer,3,142.56,52.75,0.0,2023-03-01,0.3700196408529742
2024-05-02,Latin America,Office Supplies,Storage,Home Office,1,50.5,18.86,0.0,2024-05-01,0.37346534653465346
2024-12-07,Europe,Technology,Machines,Home Office,1,488.77,-37.94,0.2,2024-12-01,-0.07762342205945537
2024-03-02,Europe,Office Supplies,Paper,Corporate,1,57.44,20.8,0.0,2024-03-01,0.36211699164345407
2024-02-22,Europe,Office Supplies,Storage,Consumer,3,77.34,11.21,0.2,2024-02-01,0.14494440134471168
2023-10-02,Middle East & Africa,Technology,Copiers,Home Office,3,1444.56,360.06,0.0,2023-10-01,0.24925236750290747
2023-08-02,Latin America,Office Supplies,Art,Consumer,1,38.46,4.99,0.15,2023-08-01,0.1297451898075923
2023-05-15,Asia Pacific,Office Supplies,Binders,Consumer,5,127.46,54.62,0.0,2023-05-01,0.428526596579319
2023-02-15,Asia Pacific,Technology,Machines,Consumer,1,500.01,17.29,0.15,2023-02-01,0.03457930841383172
2023-03-18,Middle East & Africa,Office Supplies,Storage,Consumer,1,47.97,2.02,0.2,2023-03-01,0.04210965186574943
2023-07-08,North America,Office Supplies,Paper,Consumer,2,89.3,19.25,0.15,2023-07-01,0.21556550951847706
2023-01-20,North America,Furniture,Furnishings,Consumer,3,863.75,202.35,0.0,2023-01-01,0.23426917510853834
2024-12-03,Latin America,Technology,Copiers,Corporate,3,1859.23,-919.91,0.5,2024-12-01,-0.4947800971369868
2023-03-18,North America,Furniture,Bookcases,Corporate,1,278.28,67.67,0.0,2023-03-01,0.24317234440132243
2024-10-24,Europe,Furniture,Furnishings,Consumer,2,546.45,-45.01,0.2,2024-10-01,-0.082368011711959
2023-11-05,North America,Office Supplies,Paper,Consumer,2,125.83,44.7,0.0,2023-11-01,0.35524119844234286
2024-08-04,Asia Pacific,Office Supplies,Art,Consumer,2,75.74,24.12,0.0,2024-08-01,0.3184578822286771
2024-10-01,Middle East & Africa,Office Supplies,Binders,Consumer,4,128.95,3.57,0.15,2024-10-01,0.0276851492826677
2024-10-11,North America,Office Supplies,Storage,Consumer,2,74.68,32.11,0.0,2024-10-01,0.42996786288162825
2024-08-07,Europe,Office Supplies,Paper,Corporate,2,48.15,18.38,0.0,2024-08-01,0.38172377985462097
2023-09-21,North America,Furniture,Bookcases,Corporate,2,512.7,34.1,0.15,2023-09-01,0.06651062999804953
2023-07-18,Europe,Technology,Machines,Corporate,1,296.81,20.87,0.1,2023-07-01,0.07031434250867559
2023-03-09,Asia Pacific,Technology,Copiers,Corporate,2,696.71,80.05,0.1,2023-03-01,0.11489715950682493
2023-11-01,North America,Technology,Accessories,Corporate,1,521.2,128.7,0.0,2023-11-01,0.2469301611665387
2023-07-14,North America,Furniture,Tables,Consumer,4,1019.83,-298.19,0.3,2023-07-01,-0.29239186923310745
2023-01-09,North America,Furniture,Bookcases,Corporate,4,619.55,34.99,0.1,2023-01-01,0.05647647486078606
2024-12-20,Asia Pacific,Technology,Accessories,Consumer,4,3048.28,721.4,0.0,2024-12-01,0.23665804978545277
2024-03-25,North America,Office Supplies,Storage,Home Office,4,128.92,-48.74,0.5,2024-03-01,-0.37806391560657776
2024-12-29,North America,Technology,Phones,Consumer,4,1512.34,560.58,0.0,2024-12-01,0.3706706163957841
2023-06-14,Asia Pacific,Office Supplies,Storage,Consumer,2,73.59,26.48,0.0,2023-06-01,0.35983149884495175
2024-02-28,Europe,Office Supplies,Paper,Corporate,7,118.37,23.07,0.15,2024-02-01,0.19489735574892286
2024-03-15,Middle East & Africa,Office Supplies,Storage,Consumer,4,176.11,33.92,0.1,2024-03-01,0.19260689341888593
2024-10-07,Europe,Furniture,Furnishings,Consumer,3,1229.98,-5.13,0.15,2024-10-01,-0.004170799525195531
2023-11-22,Latin America,Office Supplies,Art,Corporate,4,163.33,77.3,0.0,2023-11-01,0.47327496479519987
2024-08-05,Asia Pacific,Office Supplies,Paper,Consumer,5,226.67,64.65,0.0,2024-08-01,0.28521639387656067
2023-05-27,North America,Office Supplies,Paper,Home Office,3,132.54,64.23,0.0,2023-05-01,0.48460842009959265
2023-07-10,Europe,Furniture,Tables,Consumer,3,270.27,-24.99,0.15,2023-07-01,-0.09246309246309246
2024-08-03,North America,Office Supplies,Art,Consumer,4,119.25,19.36,0.2,2024-08-01,0.16234800838574423
2023-09-06,North America,Office Supplies,Paper,Consumer,1,71.1,33.96,0.0,2023-09-01,0.4776371308016878
2024-02-21,Europe,Technology,Accessories,Consumer,4,2108.11,176.11,0.15,2024-02-01,0.08353928400320666
2023-05-25,North America,Technology,Phones,Corporate,2,661.57,131.45,0.0,2023-05-01,0.19869401575041187
2024-10-17,North America,Office Supplies,Binders,Corporate,1,39.93,2.43,0.2,2024-10-01,0.060856498873027805
2024-08-13,Asia Pacific,Office Supplies,Paper,Corporate,4,179.56,64.46,0.0,2024-08-01,0.3589886388950768
2023-05-06,Asia Pacific,Office Supplies,Storage,Consumer,4,223.81,52.11,0.1,2023-05-01,0.23283141950761807
2023-11-08,Latin America,Office Supplies,Paper,Consumer,2,145.38,65.93,0.0,2023-11-01,0.4535011693492916
2024-11-18,Latin America,Office Supplies,Art,Home Office,4,307.69,138.72,0.0,2024-11-01,0.45084338132535995
2023-04-24,Latin America,Technology,Copiers,Consumer,1,339.41,38.0,0.1,2023-04-01,0.11195898765504846
2023-05-06,Europe,Technology,Machines,Consumer,3,931.45,80.41,0.1,2023-05-01,0.08632776853293252
2024-12-01,Europe,Furniture,Furnishings,Consumer,4,3044.45,600.76,0.0,2024-12-01,0.1973295669168487
2023-08-16,Europe,Technology,Copiers,Consumer,4,2184.69,355.71,0.1,2023-08-01,0.16281943891353004
2024-12-18,Middle East & Africa,Office Supplies,Binders,Consumer,1,35.94,9.21,0.1,2024-12-01,0.2562604340567613
2024-09-22,Asia Pacific,Technology,Accessories,Corporate,2,1047.2,-42.99,0.2,2024-09-01,-0.041052330022918256
2023-05-01,Europe,Office Supplies,Binders,Home Office,4,176.3,63.24,0.0,2023-05-01,0.3587067498581962
2024-01-16,North America,Office Supplies,Storage,Consumer,3,46.06,10.8,0.15,2024-01-01,0.23447676943117673
2023-12-31,Asia Pacific,Technology,Phones,Consumer,2,1186.16,143.83,0.1,2023-12-01,0.12125682875834626
2024-06-26,Latin America,Furniture,Bookcases,Corporate,2,587.33,-5.26,0.15,2024-06-01,-0.008955782949959988
2024-05-18,Europe,Office Supplies,Art,Consumer,5,86.63,-8.84,0.3,2024-05-01,-0.10204317211127785
2024-10-29,Asia Pacific,Technology,Phones,Consumer,4,1454.84,208.13,0.1,2024-10-01,0.14306040526793326
2024-11-09,North America,Office Supplies,Binders,Home Office,2,131.31,48.98,0.0,2024-11-01,0.37301043332571776
2024-06-16,Asia Pacific,Office Supplies,Art,Home Office,2,45.35,17.49,0.0,2024-06-01,0.38566703417861076
2024-02-12,Europe,Furniture,Tables,Consumer,2,553.63,-30.4,0.15,2024-02-01,-0.054910319166230154
2023-11-13,Middle East & Africa,Furniture,Chairs,Corporate,4,1333.96,-306.32,0.3,2023-11-01,-0.2296320729257249
2023-05-24,Asia Pacific,Office Supplies,Binders,Consumer,2,78.89,32.61,0.0,2023-05-01,0.413360375205983
2024-01-08,Latin America,Office Supplies,Storage,Corporate,4,201.04,43.35,0.1,2024-01-01,0.21562873060087545
2023-06-27,Middle East & Africa,Office Supplies,Binders,Corporate,3,167.35,50.12,0.1,2023-06-01,0.2994920824619062
2023-06-30,North America,Office Supplies,Storage,Consumer,6,134.8,51.16,0.0,2023-06-01,0.3795252225519287
2024-11-27,Asia Pacific,Office Supplies,Binders,Home Office,2,135.09,44.6,0.0,2024-11-01,0.33015027019024357
2024-09-17,Latin America,Furniture,Chairs,Consumer,4,966.21,107.0,0.1,2024-09-01,0.11074197120708748
2023-05-24,North America,Office Supplies,Art,Consumer,2,111.26,26.8,0.1,2023-05-01,0.24087722451914434
2024-02-14,Europe,Office Supplies,Binders,Consumer,2,69.6,26.67,0.0,2024-02-01,0.3831896551724138
2024-02-08,Latin America,Office Supplies,Paper,Consumer,5,165.31,-0.95,0.2,2024-02-01,-0.005746778779263202
2023-10-21,Europe,Furniture,Chairs,Consumer,3,1113.27,262.16,0.0,2023-10-01,0.23548644982798425
2024-12-10,Europe,Office Supplies,Paper,Home Office,1,66.45,25.63,0.0,2024-12-01,0.38570353649360417
2023-08-10,North America,Office Supplies,Storage,Home Office,2,111.47,51.45,0.0,2023-08-01,0.4615591639006011
2023-12-21,North America,Office Supplies,Binders,Corporate,2,124.15,3.6,0.2,2023-12-01,0.02899718082964156
2023-07-04,Asia Pacific,Office Supplies,Binders,Consumer,5,210.26,83.12,0.0,2023-07-01,0.3953200799010749
2023-06-07,Europe,Technology,Phones,Consumer,4,1593.27,351.78,0.0,2023-06-01,0.22079120299760868
2024-09-10,North America,Furniture,Chairs,Home Office,5,1570.98,241.87,0.0,2024-09-01,0.1539612216578187
2024-09-18,Latin America,Furniture,Bookcases,Corporate,1,147.27,-80.8,0.5,2024-09-01,-0.548652135533374
2024-02-14,North America,Office Supplies,Paper,Consumer,2,34.48,12.28,0.0,2024-02-01,0.3561484918793504
2023-09-17,Europe,Office Supplies,Paper,Home Office,1,19.77,7.99,0.0,2023-09-01,0.40414769853313104
2024-07-16,North America,Technology,Accessories,Consumer,3,876.6,181.0,0.0,2024-07-01,0.20647958019621263
2023-04-23,Europe,Office Supplies,Art,Home Office,4,170.6,64.37,0.0,2023-04-01,0.3773153575615475
2024-11-16,North America,Office Supplies,Storage,Corporate,1,60.91,7.63,0.1,2024-11-01,0.12526678706287966
2024-06-17,Latin America,Technology,Machines,Consumer,1,73.49,-4.04,0.15,2024-06-01,-0.05497346577765683
2023-05-09,North America,Furniture,Tables,Consumer,4,1395.58,379.78,0.0,2023-05-01,0.272130583699967
2023-02-20,North America,Technology,Copiers,Corporate,2,214.51,-63.02,0.3,2023-02-01,-0.29378583749009374
2024-03-26,North America,Office Supplies,Binders,Consumer,2,105.35,-14.32,0.3,2024-03-01,-0.1359278595158994
2023-02-13,Europe,Furniture,Chairs,Home Office,2,598.1,35.37,0.1,2023-02-01,0.059137268015382036
2024-12-09,Asia Pacific,Technology,Copiers,Consumer,5,3674.65,-91.25,0.15,2024-12-01,-0.02483229695345135
2024-07-07,Middle East & Africa,Technology,Accessories,Corporate,3,629.64,152.54,0.0,2024-07-01,0.24226542151070452
2023-04-26,Asia Pacific,Technology,Accessories,Consumer,1,485.94,128.93,0.0,2023-04-01,0.26532082150059677
2023-09-15,Latin America,Furniture,Chairs,Home Office,3,1161.03,-16.85,0.15,2023-09-01,-0.014512975547574138
2023-01-26,Asia Pacific,Furniture,Tables,Consumer,1,211.73,-123.69,0.5,2023-01-01,-0.5841874084919473
2023-08-22,Asia Pacific,Office Supplies,Storage,Consumer,4,161.39,63.69,0.0,2023-08-01,0.39463411611624016
2023-12-24,Asia Pacific,Office Supplies,Binders,Corporate,5,462.53,169.36,0.0,2023-12-01,0.3661600328627333
2023-10-13,North America,Technology,Phones,Consumer,3,1119.99,288.52,0.0,2023-10-01,0.2576094429414548
2023-05-24,North America,Technology,Copiers,Consumer,4,1127.86,188.06,0.0,2023-05-01,0.16674055290550246
2023-10-21,North America,Furniture,Bookcases,Consumer,4,1557.83,36.0,0.1,2023-10-01,0.02310906838358486
2023-05-26,North America,Furniture,Bookcases,Consumer,2,841.05,-18.11,0.15,2023-05-01,-0.02153260804946198
2023-01-23,North America,Technology,Machines,Consumer,2,301.63,52.75,0.1,2023-01-01,0.17488313496668104
2024-08-19,Asia Pacific,Technology,Machines,Corporate,4,1340.59,-76.58,0.15,2024-08-01,-0.057124102074459754
2023-07-14,Europe,Technology,Machines,Corporate,4,2149.69,-622.66,0.3,2023-07-01,-0.2896510659676511
2024-02-03,Europe,Technology,Machines,Corporate,6,2963.36,614.76,0.1,2024-02-01,0.20745370120403864
2023-04-07,North America,Office Supplies,Art,Home Office,3,138.58,45.43,0.0,2023-04-01,0.32782508298455765
2024-10-11,Latin America,Office Supplies,Art,Corporate,5,148.52,42.93,0.1,2024-10-01,0.28905197953137624
2023-05-15,North America,Furniture,Chairs,Consumer,4,696.85,-274.11,0.4,2023-05-01,-0.393355815455263
2024-09-14,Middle East & Africa,Office Supplies,Paper,Home Office,4,236.25,29.47,0.15,2024-09-01,0.12474074074074074
2023-10-23,Asia Pacific,Technology,Copiers,Corporate,2,844.56,52.27,0.15,2023-10-01,0.06189021502320736
2023-08-29,Latin America,Office Supplies,Art,Home Office,2,76.63,12.31,0.15,2023-08-01,0.1606420461960068
2023-09-23,Asia Pacific,Office Supplies,Art,Corporate,4,167.82,23.53,0.15,2023-09-01,0.1402097485401025
2023-10-04,Asia Pacific,Office Supplies,Paper,Corporate,4,140.2,15.07,0.15,2023-10-01,0.10748930099857348
2023-07-02,North America,Technology,Copiers,Consumer,2,1037.04,309.31,0.0,2023-07-01,0.29826236210753687
2023-12-28,Europe,Technology,Accessories,Consumer,1,748.01,-32.58,0.15,2023-12-01,-0.04355556743893798
2024-06-21,North America,Furniture,Chairs,Home Office,1,186.87,-8.8,0.2,2024-06-01,-0.047091560978220155
2023-06-05,Latin America,Technology,Accessories,Consumer,1,341.01,7.44,0.1,2023-06-01,0.021817542007565763
2024-06-11,Europe,Office Supplies,Binders,Consumer,1,68.79,2.15,0.15,2024-06-01,0.03125454281145515
2024-06-13,Asia Pacific,Furniture,Tables,Corporate,2,503.21,-10.29,0.15,2024-06-01,-0.020448719222590964
2024-01-18,Europe,Office Supplies,Paper,Corporate,2,63.01,6.11,0.15,2024-01-01,0.09696873512140931
2023-09-02,Asia Pacific,Technology,Machines,Corporate,3,1454.5,292.84,0.0,2023-09-01,0.20133379168099003
2024-08-08,Europe,Office Supplies,Binders,Consumer,2,75.87,13.33,0.2,2024-08-01,0.1756952682219586
2024-10-26,Middle East & Africa,Furniture,Furnishings,Home Office,3,1124.33,292.39,0.0,2024-10-01,0.26005710067328985
2023-07-23,North America,Office Supplies,Paper,Home Office,3,112.47,-12.55,0.3,2023-07-01,-0.1115853116386592
2024-11-11,North America,Technology,Copiers,Consumer,1,353.61,0.98,0.15,2024-11-01,0.002771414835553293
2023-10-31,Europe,Furniture,Bookcases,Consumer,7,1773.15,178.76,0.0,2023-10-01,0.10081493387474268
2023-03-30,North America,Furniture,Bookcases,Consumer,2,424.84,94.0,0.0,2023-03-01,0.2212597683833914
2024-05-16,Middle East & Africa,Technology,Machines,Consumer,5,3717.54,-546.78,0.2,2024-05-01,-0.1470811342984877
2024-11-23,Asia Pacific,Office Supplies,Binders,Consumer,2,147.57,27.27,0.1,2024-11-01,0.184793657247408
2023-04-15,Europe,Office Supplies,Art,Corporate,1,28.95,14.29,0.0,2023-04-01,0.4936096718480138
2023-01-22,North America,Technology,Phones,Consumer,2,881.0,62.78,0.15,2023-01-01,0.07125993189557321
2024-09-04,Latin America,Furniture,Tables,Consumer,3,1091.34,290.64,0.0,2024-09-01,0.26631480565176757
2024-07-30,Europe,Technology,Copiers,Corporate,1,387.99,-11.1,0.2,2024-07-01,-0.02860898476764865
2024-09-01,Latin America,Technology,Copiers,Consumer,2,675.28,34.66,0.1,2024-09-01,0.05132685700746357
2023-09-22,North America,Office Supplies,Paper,Corporate,1,48.48,-12.85,0.4,2023-09-01,-0.26505775577557755
2023-06-02,Latin America,Office Supplies,Storage,Corporate,2,122.35,19.39,0.1,2023-06-01,0.1584797711483449
2024-04-24,Asia Pacific,Office Supplies,Art,Corporate,3,125.87,11.6,0.15,2024-04-01,0.09215857630889011
2024-01-07,Middle East & Africa,Furniture,Chairs,Consumer,4,600.31,-64.58,0.2,2024-01-01,-0.1075777514950609
2024-05-16,Asia Pacific,Office Supplies,Paper,Home Office,1,46.67,3.52,0.2,2024-05-01,0.07542318405828155
2023-12-09,North America,Office Supplies,Paper,Corporate,4,359.84,96.34,0.1,2023-12-01,0.2677301022676746
2024-06-12,Europe,Technology,Accessories,Consumer,1,360.54,104.07,0.0,2024-06-01,0.28865035779663833
2023-07-21,North America,Furniture,Tables,Consumer,1,251.57,-4.15,0.15,2023-07-01,-0.016496402591723976
2023-05-17,Asia Pacific,Furniture,Bookcases,Consumer,3,805.16,184.99,0.0,2023-05-01,0.22975557653137266
2024-09-28,North America,Technology,Phones,Corporate,4,1727.71,-4.36,0.15,2024-09-01,-0.0025235716642260566
2024-05-13,North America,Office Supplies,Art,Consumer,1,22.76,8.35,0.0,2024-05-01,0.3668717047451669
2024-03-12,Latin America,Office Supplies,Paper,Home Office,1,50.98,18.69,0.0,2024-03-01,0.36661435857198904
2023-05-11,North America,Office Supplies,Art,Home Office,3,175.93,64.72,0.0,2023-05-01,0.36787358608537485
2023-02-24,North America,Technology,Accessories,Home Office,1,148.98,35.94,0.0,2023-02-01,0.24124043495771244
2024-12-03,Europe,Furniture,Bookcases,Corporate,3,879.84,160.45,0.0,2024-12-01,0.1823627023095108
2024-11-30,North America,Furniture,Tables,Consumer,3,778.15,162.41,0.0,2024-11-01,0.2087129730771702
2023-03-19,Asia Pacific,Furniture,Bookcases,Home Office,4,1060.4,-227.17,0.2,2023-03-01,-0.21423047906450393
2024-06-28,Asia Pacific,Office Supplies,Art,Consumer,4,21.67,5.79,0.1,2024-06-01,0.2671896631287494
2023-12-19,North America,Office Supplies,Storage,Home Office,1,78.28,34.5,0.0,2023-12-01,0.44072560040878894
2023-07-04,Europe,Office Supplies,Paper,Corporate,4,125.31,22.44,0.1,2023-07-01,0.17907589178836486
2024-11-25,Asia Pacific,Office Supplies,Paper,Consumer,2,138.89,5.17,0.2,2024-11-01,0.03722370221038232
2024-07-03,Asia Pacific,Office Supplies,Art,Corporate,2,78.23,-3.5,0.3,2024-07-01,-0.04473986961523712
2023-09-22,Asia Pacific,Technology,Accessories,Consumer,2,867.01,322.65,0.0,2023-09-01,0.3721410364355659
2024-10-10,North America,Technology,Copiers,Home Office,2,994.4,-0.03,0.2,2024-10-01,-3.016894609814964e-05
2024-06-29,Asia Pacific,Office Supplies,Art,Home Office,1,47.89,9.67,0.1,2024-06-01,0.20192106911672583
2024-08-18,North America,Office Supplies,Storage,Corporate,4,67.86,9.16,0.15,2024-08-01,0.13498379015620396
2023-04-23,North America,Technology,Machines,Consumer,3,946.28,-396.82,0.5,2023-04-01,-0.4193473390539798
2023-02-15,Middle East & Africa,Furniture,Furnishings,Corporate,2,405.4,97.62,0.0,2023-02-01,0.2407992106561421
2023-10-06,Europe,Furniture,Bookcases,Corporate,2,503.09,124.37,0.0,2023-10-01,0.24721222842831306
2024-12-05,Latin America,Technology,Machines,Consumer,5,2383.02,-863.79,0.4,2024-12-01,-0.36247702495153206
2024-03-28,Asia Pacific,Technology,Copiers,Consumer,2,1146.37,17.53,0.1,2024-03-01,0.015291746992681248
2024-07-20,North America,Technology,Machines,Consumer,3,1695.24,338.35,0.0,2024-07-01,0.19958825888959678
2024-10-08,Asia Pacific,Office Supplies,Storage,Consumer,4,236.79,88.99,0.0,2024-10-01,0.37581823556738037
2024-01-12,Europe,Furniture,Tables,Home Office,1,172.7,34.41,0.0,2024-01-01,0.1992472495657209
2024-05-13,North America,Technology,Accessories,Corporate,3,1412.79,299.13,0.0,2024-05-01,0.21172998110122523
2023-11-10,Europe,Technology,Phones,Consumer,2,1538.25,134.61,0.1,2023-11-01,0.0875085324232082
2024-03-21,Middle East & Africa,Office Supplies,Art,Corporate,3,147.2,48.66,0.0,2024-03-01,0.33057065217391307
2023-10-25,North America,Furniture,Chairs,Consumer,1,165.22,27.1,0.0,2023-10-01,0.16402372594116935
2023-09-01,North America,Office Supplies,Art,Corporate,6,97.23,5.79,0.2,2023-09-01,0.059549521752545506
2024-06-14,Europe,Office Supplies,Art,Consumer,1,45.27,15.24,0.0,2024-06-01,0.33664678595096087
2023-05-03,Latin America,Technology,Machines,Consumer,3,1623.49,287.74,0.1,2023-05-01,0.17723546187534264
2024-06-30,Europe,Office Supplies,Storage,Consumer,2,116.53,19.98,0.1,2024-06-01,0.17145799364970393
2023-02-17,Europe,Office Supplies,Binders,Consumer,2,66.34,26.92,0.0,2023-02-01,0.4057883629785951
2024-01-09,Latin America,Office Supplies,Paper,Consumer,5,238.42,48.86,0.1,2024-01-01,0.20493247210804463
2023-03-12,Europe,Office Supplies,Binders,Corporate,1,48.35,15.82,0.0,2023-03-01,0.3271975180972079
2024-02-17,North America,Technology,Phones,Corporate,2,601.03,196.6,0.0,2024-02-01,0.32710513618288606
2024-11-18,Europe,Technology,Copiers,Home Office,1,628.93,-39.01,0.15,2024-11-01,-0.062025980633774826
2024-10-09,Europe,Furniture,Bookcases,Consumer,6,1027.48,-471.78,0.4,2024-10-01,-0.4591622221357106
2024-02-29,Asia Pacific,Technology,Accessories,Consumer,1,195.93,-4.56,0.2,2024-02-01,-0.023273618128923593
2023-07-14,Latin America,Office Supplies,Storage,Consumer,3,85.78,20.77,0.0,2023-07-01,0.24213103287479598
2024-10-05,Europe,Furniture,Bookcases,Consumer,3,1237.11,-117.27,0.15,2024-10-01,-0.09479351068215439
2024-11-24,North America,Office Supplies,Binders,Consumer,1,32.27,4.67,0.1,2024-11-01,0.14471645491168267
2024-08-27,Europe,Office Supplies,Storage,Corporate,3,102.48,20.94,0.15,2024-08-01,0.20433255269320844
2023-03-21,North America,Technology,Phones,Consumer,2,715.57,170.61,0.0,2023-03-01,0.23842531129030003
2023-03-22,North America,Furniture,Tables,Corporate,5,2019.54,489.46,0.0,2023-03-01,0.2423621220674015
2024-02-24,Europe,Office Supplies,Binders,Corporate,2,53.9,21.36,0.0,2024-02-01,0.39628942486085345
2024-04-21,Europe,Office Supplies,Storage,Home Office,4,140.55,48.75,0.0,2024-04-01,0.3468516542155816
2023-02-15,Europe,Office Supplies,Paper,Consumer,4,68.31,21.79,0.0,2023-02-01,0.3189869711608842
2024-12-27,Europe,Technology,Machines,Corporate,5,947.32,208.63,0.0,2024-12-01,0.22023181184816112
2024-09-29,Asia Pacific,Furniture,Chairs,Consumer,3,976.09,-0.48,0.15,2024-09-01,-0.0004917579321578953
2023-10-24,Europe,Office Supplies,Paper,Home Office,3,101.45,12.02,0.2,2023-10-01,0.11848201084277969
2023-09-26,Europe,Technology,Copiers,Consumer,1,350.71,5.07,0.15,2023-09-01,0.014456388469105531
2024-10-24,Europe,Technology,Machines,Corporate,1,245.25,16.64,0.15,2024-10-01,0.06784913353720694
2023-06-02,North America,Technology,Phones,Home Office,3,1150.26,190.87,0.0,2023-06-01,0.16593639698850696
2024-02-10,North America,Furniture,Chairs,Consumer,3,367.45,6.84,0.1,2024-02-01,0.018614777520751122
2024-03-01,North America,Office Supplies,Paper,Consumer,2,74.91,25.06,0.0,2024-03-01,0.3345347750634094
2024-03-21,North America,Technology,Phones,Consumer,2,249.43,18.1,0.15,2024-03-01,0.07256544922423125
2024-05-25,North America,Office Supplies,Binders,Corporate,2,61.66,3.28,0.2,2024-05-01,0.05319493999351281
2023-11-24,Latin America,Office Supplies,Paper,Home Office,5,237.43,-21.12,0.3,2023-11-01,-0.08895253337825886
2023-07-02,Europe,Office Supplies,Binders,Consumer,3,198.87,35.3,0.1,2023-07-01,0.17750289133604866
2023-07-05,North America,Technology,Phones,Corporate,1,306.85,63.15,0.0,2023-07-01,0.20580087990875018
2024-06-06,Middle East & Africa,Technology,Phones,Corporate,1,353.61,6.22,0.1,2024-06-01,0.01759000028279743
2023-09-29,Asia Pacific,Technology,Phones,Corporate,1,385.11,75.95,0.0,2023-09-01,0.19721637973565995
2024-06-19,North America,Technology,Copiers,Corporate,1,5.5,0.97,0.0,2024-06-01,0.17636363636363636
2024-08-08,North America,Technology,Machines,Consumer,7,2958.45,665.5,0.0,2024-08-01,0.22494887525562374
2024-06-10,Asia Pacific,Furniture,Chairs,Corporate,6,1088.58,-90.8,0.15,2024-06-01,-0.08341141670800492
2024-10-07,Europe,Office Supplies,Binders,Corporate,3,148.16,49.33,0.0,2024-10-01,0.3329508639308855
2024-06-06,Asia Pacific,Technology,Phones,Corporate,3,1132.51,298.61,0.0,2024-06-01,0.2636709609628171
2023-08-11,Europe,Office Supplies,Storage,Corporate,1,27.18,10.16,0.0,2023-08-01,0.37380426784400295
2023-10-17,North America,Technology,Machines,Consumer,2,553.71,118.77,0.0,2023-10-01,0.21449856423037328
2024-12-07,Asia Pacific,Office Supplies,Storage,Corporate,1,57.98,-8.7,0.3,2024-12-01,-0.1500517419799931
2023-01-03,Asia Pacific,Technology,Copiers,Corporate,5,2190.42,548.27,0.0,2023-01-01,0.2503035947443869
2024-07-21,North America,Furniture,Tables,Consumer,4,964.47,27.37,0.15,2024-07-01,0.028378280299024335
2024-01-21,Middle East & Africa,Office Supplies,Storage,Consumer,5,270.61,105.89,0.0,2024-01-01,0.3913011344739662
2024-12-21,Europe,Technology,Copiers,Consumer,3,1039.9,-70.01,0.2,2024-12-01,-0.06732378113280123
2024-08-13,Europe,Technology,Phones,Home Office,3,1062.91,215.38,0.0,2024-08-01,0.20263239596955526
2023-12-21,North America,Furniture,Furnishings,Corporate,3,518.24,90.17,0.0,2023-12-01,0.1739927446742822
2024-02-06,North America,Office Supplies,Storage,Corporate,3,61.13,9.37,0.1,2024-02-01,0.1532798953050875
2023-05-09,North America,Office Supplies,Storage,Home Office,1,39.71,7.95,0.15,2023-05-01,0.2002014605892722
2023-10-29,Asia Pacific,Office Supplies,Art,Consumer,2,64.27,-2.78,0.3,2023-10-01,-0.0432550178932628
2023-05-31,North America,Office Supplies,Storage,Consumer,3,155.04,-67.16,0.5,2023-05-01,-0.43317853457172345
2024-09-18,Middle East & Africa,Technology,Copiers,Consumer,3,88.15,1.37,0.15,2024-09-01,0.015541690300623936
2023-07-07,Middle East & Africa,Furniture,Tables,Consumer,4,871.72,20.5,0.1,2023-07-01,0.023516725554076995
2023-09-24,North America,Office Supplies,Paper,Corporate,4,157.23,58.99,0.0,2023-09-01,0.37518285314507416
2023-01-23,Asia Pacific,Technology,Machines,Corporate,5,1890.47,-13.22,0.2,2023-01-01,-0.006992970002168773
2024-12-01,North America,Office Supplies,Art,Corporate,2,161.16,56.94,0.0,2024-12-01,0.35331347728965
2024-03-12,North America,Office Supplies,Paper,Corporate,3,56.24,28.46,0.0,2024-03-01,0.5060455192034139
2024-03-01,Middle East & Africa,Office Supplies,Art,Corporate,3,249.16,100.44,0.0,2024-03-01,0.40311446460105954
2024-12-02,Asia Pacific,Office Supplies,Paper,Consumer,2,124.02,14.89,0.15,2024-12-01,0.12006128043863894
2023-05-04,Asia Pacific,Office Supplies,Binders,Consumer,4,145.71,8.52,0.2,2023-05-01,0.05847230800905908
2024-04-06,Asia Pacific,Office Supplies,Paper,Consumer,1,36.1,8.03,0.1,2024-04-01,0.22243767313019389
2023-06-17,Europe,Office Supplies,Binders,Consumer,3,96.72,5.48,0.2,2023-06-01,0.056658395368072795
2023-08-30,Asia Pacific,Office Supplies,Storage,Consumer,5,222.35,48.34,0.15,2023-08-01,0.21740499212952555
2024-09-24,North America,Office Supplies,Art,Corporate,2,71.64,26.58,0.0,2024-09-01,0.3710217755443886
2024-10-06,Europe,Office Supplies,Paper,Consumer,2,57.94,23.7,0.0,2024-10-01,0.4090438384535727
2024-05-23,Europe,Office Supplies,Binders,Consumer,5,136.04,37.58,0.1,2024-05-01,0.27624228168185827
2023-12-09,Europe,Office Supplies,Storage,Consumer,3,246.37,45.08,0.1,2023-12-01,0.18297682347688435
2023-03-07,Europe,Technology,Phones,Consumer,2,765.37,24.21,0.15,2023-03-01,0.03163175980244849
2023-02-23,Europe,Office Supplies,Art,Corporate,2,58.95,3.84,0.15,2023-02-01,0.06513994910941476
2024-10-29,Asia Pacific,Technology,Accessories,Home Office,2,578.72,-331.36,0.5,2024-10-01,-0.57257395631739
2024-04-19,Asia Pacific,Office Supplies,Storage,Consumer,3,57.0,13.76,0.1,2024-04-01,0.24140350877192981
2024-06-23,Asia Pacific,Office Supplies,Art,Consumer,1,31.95,13.39,0.0,2024-06-01,0.4190923317683881
2023-11-01,Europe,Office Supplies,Binders,Corporate,2,55.79,13.46,0.1,2023-11-01,0.24126187488797277
2023-07-19,Asia Pacific,Office Supplies,Storage,Home Office,1,19.77,-1.91,0.3,2023-07-01,-0.09661102680829539
2024-01-12,North America,Office Supplies,Art,Consumer,1,49.03,18.1,0.0,2024-01-01,0.36916173771160515
2024-11-28,North America,Office Supplies,Storage,Corporate,3,196.5,36.35,0.15,2024-11-01,0.18498727735368958
2023-02-26,North America,Technology,Phones,Home Office,1,172.23,-46.33,0.3,2023-02-01,-0.2690007548046217
2023-07-24,Middle East & Africa,Office Supplies,Storage,Consumer,4,129.48,57.98,0.0,2023-07-01,0.44779116465863456
2024-09-28,Europe,Office Supplies,Storage,Home Office,3,126.39,40.19,0.0,2024-09-01,0.3179840177229211
2023-04-30,North America,Office Supplies,Binders,Consumer,6,390.69,149.25,0.0,2023-04-01,0.3820164324656377
2023-04-26,Europe,Office Supplies,Paper,Home Office,1,26.3,5.0,0.1,2023-04-01,0.19011406844106463
2023-04-06,North America,Furniture,Furnishings,Corporate,3,329.57,39.73,0.1,2023-04-01,0.12055102102739933
2024-01-25,Asia Pacific,Technology,Machines,Consumer,4,1993.75,206.46,0.1,2024-01-01,0.10355360501567398
2023-02-28,Europe,Office Supplies,Storage,Corporate,3,48.0,18.53,0.0,2023-02-01,0.38604166666666667
2023-07-24,Latin America,Technology,Phones,Corporate,4,1942.57,706.93,0.0,2023-07-01,0.3639148138805809
2023-04-28,Asia Pacific,Office Supplies,Binders,Consumer,2,66.08,13.6,0.1,2023-04-01,0.20581113801452786
2023-05-23,North America,Office Supplies,Paper,Consumer,2,56.61,23.56,0.0,2023-05-01,0.41618088676912207
2023-01-13,North America,Office Supplies,Paper,Corporate,1,38.39,4.73,0.15,2023-01-01,0.12320916905444126
2024-04-22,Middle East & Africa,Technology,Phones,Consumer,1,328.32,-162.03,0.5,2024-04-01,-0.49351242690058483
2024-10-14,Asia Pacific,Furniture,Chairs,Home Office,1,282.59,74.49,0.0,2024-10-01,0.263597437984359
2023-12-06,North America,Furniture,Chairs,Corporate,2,1049.76,-360.03,0.3,2023-12-01,-0.34296410608139
2024-08-07,Asia Pacific,Furniture,Chairs,Corporate,4,964.27,280.65,0.0,2024-08-01,0.2910491874682402
2023-03-17,North America,Furniture,Bookcases,Corporate,3,627.19,-148.82,0.2,2023-03-01,-0.23728056888662125
2023-06-06,Asia Pacific,Office Supplies,Art,Corporate,2,153.96,6.29,0.2,2023-06-01,0.04085476747207067
2023-12-26,Latin America,Office Supplies,Binders,Corporate,2,220.94,99.43,0.0,2023-12-01,0.45003168280981265
2024-03-14,Asia Pacific,Technology,Accessories,Home Office,1,524.66,150.46,0.0,2024-03-01,0.2867761979186521
2023-07-22,Latin America,Technology,Copiers,Consumer,3,451.35,110.49,0.0,2023-07-01,0.24479893652376203
2023-03-29,Asia Pacific,Office Supplies,Storage,Consumer,1,5.8,0.28,0.15,2023-03-01,0.048275862068965524
2023-03-13,Latin America,Office Supplies,Binders,Home Office,4,145.49,51.82,0.0,2023-03-01,0.3561756821774692
2024-07-06,Europe,Technology,Phones,Consumer,3,1336.58,-262.82,0.3,2024-07-01,-0.19663619087521886
2023-07-14,Europe,Office Supplies,Paper,Corporate,3,212.39,61.88,0.0,2023-07-01,0.29135081689345077
2023-02-22,Europe,Office Supplies,Paper,Consumer,2,26.16,3.43,0.2,2023-02-01,0.13111620795107035
2023-05-19,North America,Office Supplies,Binders,Corporate,5,295.27,61.36,0.1,2023-05-01,0.20780980119890272
2023-09-15,North America,Technology,Phones,Corporate,4,1741.33,494.34,0.0,2023-09-01,0.2838864546065364
2023-12-24,Latin America,Technology,Phones,Corporate,4,2643.85,750.85,0.0,2023-12-01,0.28399871399663373
2024-07-21,North America,Furniture,Chairs,Corporate,4,519.06,-42.8,0.15,2024-07-01,-0.08245674873810349
2023-05-20,Latin America,Furniture,Tables,Corporate,2,721.45,49.67,0.1,2023-05-01,0.06884745997643635
2024-03-22,Latin America,Office Supplies,Binders,Consumer,3,111.11,19.24,0.15,2024-03-01,0.17316173161731616
2023-03-18,Latin America,Office Supplies,Storage,Corporate,2,108.43,43.55,0.0,2023-03-01,0.4016416120999723
2024-12-15,Asia Pacific,Office Supplies,Paper,Home Office,2,80.13,-1.38,0.3,2024-12-01,-0.017222014226881317
2024-07-08,Europe,Office Supplies,Art,Corporate,2,103.81,19.77,0.1,2024-07-01,0.19044408053174067
2024-10-06,Asia Pacific,Office Supplies,Binders,Home Office,2,72.63,11.5,0.15,2024-10-01,0.1583367754371472
2023-09-14,Europe,Furniture,Furnishings,Corporate,3,911.58,55.25,0.1,2023-09-01,0.06060905241448913
2023-08-04,Middle East & Africa,Office Supplies,Storage,Consumer,3,116.35,-1.03,0.3,2023-08-01,-0.008852599914052428
2023-02-14,North America,Furniture,Chairs,Corporate,1,128.01,23.71,0.0,2023-02-01,0.18521990469494573
2024-10-05,North America,Technology,Copiers,Corporate,3,1414.53,239.55,0.1,2024-10-01,0.16934953659519417
2024-11-26,Latin America,Office Supplies,Art,Consumer,5,292.62,112.66,0.0,2024-11-01,0.38500444262183037
2024-08-30,Latin America,Office Supplies,Storage,Consumer,1,45.72,7.67,0.15,2024-08-01,0.16776027996500437
2024-10-02,North America,Office Supplies,Paper,Corporate,3,121.11,31.02,0.1,2024-10-01,0.2561307901907357
2023-05-30,Europe,Technology,Phones,Consumer,1,300.35,4.35,0.15,2023-05-01,0.014483103046445811
2023-04-15,Latin America,Office Supplies,Art,Consumer,5,202.82,61.61,0.0,2023-04-01,0.30376688689478354
2023-01-12,Europe,Technology,Accessories,Home Office,3,1255.71,350.64,0.0,2023-01-01,0.2792364479059655
2024-12-17,Europe,Furniture,Chairs,Corporate,1,69.62,-2.47,0.15,2024-12-01,-0.0354783108302212
2023-03-18,Middle East & Africa,Office Supplies,Paper,Home Office,1,46.51,15.31,0.0,2023-03-01,0.32917652117824125
2024-08-13,North America,Office Supplies,Storage,Corporate,3,64.36,21.31,0.0,2024-08-01,0.3311062771908017
2023-12-19,Latin America,Technology,Accessories,Corporate,1,646.51,41.1,0.1,2023-12-01,0.06357210251968261
2023-02-16,North America,Office Supplies,Art,Consumer,3,96.02,30.2,0.1,2023-02-01,0.31451780878983543
2024-01-27,Latin America,Technology,Accessories,Consumer,4,1922.21,-41.02,0.15,2024-01-01,-0.02134002008105254
2024-10-26,North America,Technology,Machines,Consumer,3,1268.2,322.98,0.0,2024-10-01,0.2546759186248226
2023-03-05,Europe,Office Supplies,Paper,Consumer,1,43.29,15.16,0.0,2023-03-01,0.3501963501963502
2023-02-19,Asia Pacific,Furniture,Furnishings,Consumer,1,314.01,-14.51,0.15,2023-02-01,-0.04620871946753288
2024-07-27,North America,Technology,Machines,Consumer,2,759.37,-103.22,0.3,2024-07-01,-0.1359284670187129
2024-07-05,Latin America,Technology,Copiers,Corporate,5,2107.23,491.87,0.0,2024-07-01,0.2334201771994514
2023-10-30,Latin America,Technology,Accessories,Corporate,3,789.76,192.9,0.0,2023-10-01,0.2442514181523501
2023-06-18,North America,Technology,Phones,Corporate,1,164.76,45.37,0.0,2023-06-01,0.27537023549405193
2024-08-17,North America,Technology,Phones,Consumer,6,2026.75,525.14,0.0,2024-08-01,0.2591044776119403
2024-07-03,Middle East & Africa,Technology,Accessories,Consumer,1,538.61,130.02,0.0,2024-07-01,0.24139915708954532
2024-08-23,Asia Pacific,Office Supplies,Storage,Home Office,4,166.1,34.06,0.1,2024-08-01,0.205057194461168
2023-01-11,Europe,Office Supplies,Storage,Consumer,1,33.88,13.15,0.0,2023-01-01,0.3881345926800472
2023-09-21,North America,Furniture,Furnishings,Consumer,6,1856.53,88.38,0.1,2023-09-01,0.047604940399562624
2023-12-21,North America,Technology,Machines,Corporate,1,770.76,-35.68,0.2,2023-12-01,-0.04629197156053765
2023-09-24,North America,Office Supplies,Art,Home Office,3,132.83,56.76,0.0,2023-09-01,0.42731310697884506
2023-05-06,Latin America,Furniture,Tables,Consumer,2,365.24,-64.09,0.2,2023-05-01,-0.1754736611543095
2024-03-15,Europe,Technology,Accessories,Corporate,3,861.16,-37.1,0.2,2024-03-01,-0.04308142505457755
2023-04-30,Latin America,Furniture,Tables,Consumer,4,625.9,-41.77,0.15,2023-04-01,-0.06673590030356287
2024-11-30,Asia Pacific,Office Supplies,Art,Consumer,1,66.33,18.97,0.0,2024-11-01,0.2859942710688979
2024-02-16,Latin America,Technology,Copiers,Corporate,4,1129.1,-70.65,0.2,2024-02-01,-0.06257195996811621
2024-03-06,North America,Office Supplies,Paper,Corporate,2,83.74,12.33,0.1,2024-03-01,0.14724146166706473
2024-06-03,Europe,Technology,Accessories,Corporate,3,16.5,3.7,0.0,2024-06-01,0.22424242424242424
2023-09-11,North America,Technology,Copiers,Corporate,4,2319.3,-195.92,0.15,2023-09-01,-0.0844737636355797
2023-06-01,Latin America,Office Supplies,Storage,Home Office,3,50.95,20.45,0.0,2023-06-01,0.40137389597644746
2024-07-24,North America,Furniture,Furnishings,Corporate,1,442.87,-179.57,0.4,2024-07-01,-0.4054688734843182
2023-04-06,Europe,Office Supplies,Paper,Consumer,3,162.47,71.6,0.0,2023-04-01,0.44069674401427955
2023-08-27,North America,Technology,Machines,Consumer,2,873.56,256.07,0.0,2023-08-01,0.2931338431246852
2023-01-13,Asia Pacific,Furniture,Chairs,Corporate,5,1796.21,-492.63,0.3,2023-01-01,-0.2742608046943286
2023-09-11,North America,Furniture,Chairs,Home Office,3,1043.84,126.82,0.0,2023-09-01,0.12149371551195585
2023-04-20,North America,Technology,Copiers,Corporate,3,1158.58,257.29,0.0,2023-04-01,0.2220735728219027
2023-12-20,Europe,Technology,Copiers,Corporate,4,2634.24,-379.03,0.2,2023-12-01,-0.14388590257531583
2024-05-22,North America,Technology,Phones,Corporate,1,472.34,114.82,0.0,2024-05-01,0.24308760638523097
2024-07-27,Europe,Technology,Accessories,Corporate,3,1539.07,509.6,0.0,2024-07-01,0.3311090463721598
2023-08-20,North America,Office Supplies,Paper,Consumer,1,54.18,20.45,0.0,2023-08-01,0.3774455518641565
2024-08-05,North America,Office Supplies,Paper,Consumer,4,162.25,40.8,0.1,2024-08-01,0.25146379044684125
2024-05-18,North America,Office Supplies,Paper,Consumer,4,172.3,36.7,0.1,2024-05-01,0.2130005803830528
2024-07-28,Europe,Technology,Machines,Consumer,2,651.93,160.17,0.0,2024-07-01,0.24568588652155907
2024-03-28,Europe,Technology,Accessories,Corporate,5,1888.54,282.69,0.1,2024-03-01,0.14968705984517142
2024-01-04,Europe,Furniture,Chairs,Consumer,1,246.96,59.95,0.0,2024-01-01,0.24275186264982185
2024-12-15,North America,Office Supplies,Paper,Corporate,2,107.16,-14.62,0.3,2024-12-01,-0.1364315042926465
2024-06-05,North America,Office Supplies,Storage,Consumer,6,202.41,-65.17,0.4,2024-06-01,-0.3219702583864434
2024-01-07,North America,Furniture,Chairs,Corporate,3,1172.48,72.28,0.15,2024-01-01,0.06164710698689956
2024-09-12,Middle East & Africa,Technology,Phones,Consumer,2,1036.39,263.74,0.0,2024-09-01,0.2544794913111859
2023-01-11,Middle East & Africa,Technology,Machines,Corporate,2,883.39,-35.89,0.2,2023-01-01,-0.040627582381507606
2024-05-03,Europe,Office Supplies,Art,Consumer,7,35.0,14.2,0.0,2024-05-01,0.4057142857142857
2023-04-19,Europe,Technology,Accessories,Consumer,1,220.1,66.22,0.0,2023-04-01,0.3008632439800091
2023-01-18,Asia Pacific,Furniture,Tables,Corporate,1,290.94,-63.88,0.3,2023-01-01,-0.21956417130679867
2023-12-12,Middle East & Africa,Furniture,Bookcases,Consumer,3,933.5,-22.08,0.15,2023-12-01,-0.02365291912158543
2023-12-09,Asia Pacific,Office Supplies,Binders,Consumer,2,133.68,44.87,0.0,2023-12-01,0.3356523040095751
2023-02-08,Europe,Office Supplies,Paper,Corporate,2,62.17,-5.29,0.3,2023-02-01,-0.08508927135274248
2023-05-09,North America,Technology,Accessories,Home Office,2,1058.8,291.6,0.0,2023-05-01,0.2754061201360031
2024-02-07,Middle East & Africa,Office Supplies,Storage,Corporate,4,130.09,53.55,0.0,2024-02-01,0.411638096702283
2024-01-12,Asia Pacific,Technology,Accessories,Corporate,1,540.46,-4.59,0.2,2024-01-01,-0.008492765422047884
2024-06-22,North America,Office Supplies,Art,Corporate,1,20.63,4.78,0.1,2024-06-01,0.23170140571982553
2023-08-18,North America,Furniture,Bookcases,Consumer,3,1009.14,70.6,0.1,2023-08-01,0.06996056047723805
2023-09-19,Latin America,Furniture,Bookcases,Consumer,1,308.09,36.47,0.0,2023-09-01,0.11837450095751242
2024-08-05,Europe,Furniture,Furnishings,Corporate,4,998.6,-519.49,0.4,2024-08-01,-0.5202183056278791
2023-06-13,Asia Pacific,Furniture,Furnishings,Home Office,4,1110.42,-106.76,0.15,2023-06-01,-0.09614380144449848
2023-02-20,Europe,Office Supplies,Art,Corporate,1,37.31,14.59,0.0,2023-02-01,0.39104797641383005
2023-03-25,Asia Pacific,Furniture,Tables,Corporate,4,1149.45,-98.34,0.15,2023-03-01,-0.08555396058984732
2023-01-21,North America,Furniture,Chairs,Consumer,3,1014.57,-651.5,0.5,2023-01-01,-0.6421439624668579
2023-12-03,Latin America,Office Supplies,Paper,Consumer,3,336.57,162.98,0.0,2023-12-01,0.48423804854859315
2024-09-19,Latin America,Technology,Machines,Corporate,3,946.67,81.38,0.1,2024-09-01,0.0859644860405421
2024-04-24,Europe,Furniture,Bookcases,Home Office,3,322.02,-29.37,0.2,2024-04-01,-0.09120551518539222
2024-08-04,Latin America,Technology,Copiers,Consumer,4,1325.24,427.29,0.0,2024-08-01,0.32242461742778666
2023-04-27,Middle East & Africa,Office Supplies,Storage,Corporate,3,180.6,69.74,0.0,2023-04-01,0.38615725359911407
2023-03-24,North America,Technology,Phones,Corporate,4,2154.57,243.17,0.1,2023-03-01,0.11286242730568047
2023-08-30,Middle East & Africa,Furniture,Chairs,Consumer,4,1085.77,198.68,0.0,2023-08-01,0.18298534680457187
2024-06-19,Europe,Technology,Machines,Corporate,3,1739.99,-2.67,0.15,2024-06-01,-0.001534491577537802
2023-01-22,Asia Pacific,Office Supplies,Art,Consumer,1,28.87,8.04,0.1,2023-01-01,0.27848978178039485
2023-08-15,Europe,Furniture,Chairs,Consumer,5,1478.68,179.33,0.0,2023-08-01,0.12127708496767388
2023-09-18,Middle East & Africa,Technology,Accessories,Corporate,6,1647.78,-67.28,0.2,2023-09-01,-0.040830693417810635
2023-12-11,Europe,Office Supplies,Storage,Corporate,4,307.08,115.38,0.0,2023-12-01,0.3757327080890973
2023-06-28,Latin America,Office Supplies,Paper,Home Office,2,91.71,-15.54,0.3,2023-06-01,-0.1694471704285247
2023-05-05,Latin America,Furniture,Chairs,Corporate,1,245.19,34.75,0.1,2023-05-01,0.14172682409559934
2024-07-27,North America,Office Supplies,Paper,Home Office,1,64.38,24.36,0.0,2024-07-01,0.3783783783783784
2023-05-12,North America,Furniture,Tables,Home Office,2,434.14,-29.18,0.15,2023-05-01,-0.06721334131846869
2024-07-26,Europe,Office Supplies,Paper,Consumer,1,14.86,5.18,0.0,2024-07-01,0.34858681022880217
2023-04-30,North America,Office Supplies,Paper,Consumer,3,156.27,22.72,0.1,2023-04-01,0.14538939015805974
2023-11-21,Latin America,Furniture,Bookcases,Consumer,1,264.9,49.34,0.0,2023-11-01,0.18625896564741415
2024-01-22,Europe,Office Supplies,Binders,Corporate,2,70.77,11.54,0.15,2024-01-01,0.16306344496255476
2024-03-10,Asia Pacific,Furniture,Bookcases,Consumer,4,1412.9,159.34,0.0,2024-03-01,0.11277514332224502
2023-05-21,North America,Office Supplies,Storage,Consumer,3,91.24,11.63,0.15,2023-05-01,0.12746602367382728
2024-08-06,Latin America,Furniture,Chairs,Corporate,1,281.53,65.54,0.0,2024-08-01,0.2327993464284446
2023-10-14,Europe,Office Supplies,Binders,Corporate,4,202.25,83.06,0.0,2023-10-01,0.41067985166872684
2024-08-09,Europe,Office Supplies,Paper,Corporate,1,44.04,16.23,0.0,2024-08-01,0.36852861035422346
2023-12-12,Asia Pacific,Technology,Phones,Consumer,2,836.05,137.2,0.1,2023-12-01,0.1641050176424855
2024-10-04,North America,Furniture,Tables,Consumer,1,244.95,44.14,0.0,2024-10-01,0.1802000408246581
2024-11-29,Europe,Technology,Phones,Consumer,2,1070.41,314.71,0.0,2024-11-01,0.2940088377350734
2023-08-21,North America,Office Supplies,Art,Consumer,4,181.22,76.39,0.0,2023-08-01,0.4215318397527867
2024-09-24,North America,Technology,Machines,Consumer,1,356.01,96.65,0.0,2024-09-01,0.27148113817027614
2024-06-03,Middle East & Africa,Technology,Phones,Corporate,1,308.15,76.72,0.0,2024-06-01,0.24896965763426904
2023-05-28,Europe,Office Supplies,Art,Corporate,3,142.13,43.07,0.1,2023-05-01,0.3030324350946317
2024-09-25,Asia Pacific,Technology,Copiers,Home Office,3,776.73,68.16,0.1,2024-09-01,0.08775250086902785
2024-05-03,Asia Pacific,Technology,Phones,Corporate,3,1661.65,-821.46,0.5,2024-05-01,-0.4943640357476003
2023-06-27,Asia Pacific,Technology,Accessories,Corporate,5,2791.47,857.87,0.0,2023-06-01,0.3073183663087907
2023-01-18,North America,Office Supplies,Paper,Corporate,1,20.1,6.91,0.0,2023-01-01,0.34378109452736316
2023-04-24,Latin America,Office Supplies,Paper,Home Office,2,85.35,-18.08,0.4,2023-04-01,-0.21183362624487403
2024-01-01,North America,Technology,Accessories,Home Office,4,1807.17,450.05,0.0,2024-01-01,0.24903578523326528
2023-07-06,North America,Office Supplies,Paper,Corporate,1,61.66,23.2,0.0,2023-07-01,0.3762568926370419
2024-09-05,Asia Pacific,Office Supplies,Storage,Corporate,3,120.37,43.51,0.0,2024-09-01,0.3614688045193985
2024-04-04,Asia Pacific,Technology,Accessories,Consumer,1,326.05,-48.22,0.3,2024-04-01,-0.14789142769513877
2024-05-16,Latin America,Technology,Accessories,Consumer,2,703.55,178.08,0.0,2024-05-01,0.2531163385686874
2024-10-09,Europe,Technology,Phones,Consumer,3,1178.28,-79.52,0.15,2024-10-01,-0.0674882031435652
2024-04-17,Middle East & Africa,Technology,Machines,Consumer,1,417.82,-75.03,0.3,2024-04-01,-0.17957493657555887
2023-04-11,North America,Furniture,Tables,Home Office,2,644.77,-33.37,0.15,2023-04-01,-0.05175488934038494
2024-03-15,Asia Pacific,Technology,Machines,Corporate,3,1086.21,10.24,0.2,2024-03-01,0.009427274652231152
2023-07-19,Asia Pacific,Furniture,Chairs,Home Office,1,235.59,39.65,0.0,2023-07-01,0.16830086166645442
2024-10-13,Europe,Office Supplies,Art,Corporate,3,149.92,47.84,0.0,2024-10-01,0.3191035218783352
2023-05-13,Asia Pacific,Technology,Phones,Corporate,3,1260.51,353.78,0.0,2023-05-01,0.28066417561145884
2024-01-28,Middle East & Africa,Technology,Phones,Corporate,2,676.59,209.04,0.0,2024-01-01,0.3089611138207777
2024-12-23,Latin America,Office Supplies,Art,Consumer,3,196.2,69.71,0.0,2024-12-01,0.3553007135575943
2024-12-13,North America,Office Supplies,Art,Consumer,3,185.37,12.97,0.2,2024-12-01,0.06996817176457895
2024-04-23,North America,Technology,Accessories,Consumer,4,2508.63,-25.12,0.2,2024-04-01,-0.010013433627119185
2024-11-17,Asia Pacific,Office Supplies,Storage,Home Office,1,10.72,3.78,0.0,2024-11-01,0.3526119402985074
2024-11-06,Asia Pacific,Technology,Phones,Consumer,6,3802.42,-192.51,0.15,2024-11-01,-0.050628284092761974
2024-08-05,Asia Pacific,Furniture,Chairs,Corporate,1,173.57,21.0,0.0,2024-08-01,0.12098865011234661
2024-08-25,Europe,Office Supplies,Art,Corporate,3,142.91,24.69,0.15,2024-08-01,0.1727660765516759
2024-09-05,Asia Pacific,Furniture,Chairs,Consumer,1,322.39,11.59,0.15,2024-09-01,0.03595024659573808
2023-05-25,North America,Office Supplies,Binders,Consumer,3,185.95,61.04,0.0,2023-05-01,0.32826028502285565
2023-01-19,Latin America,Technology,Accessories,Consumer,1,405.81,-38.6,0.2,2023-01-01,-0.09511840516497869
2024-12-06,Europe,Office Supplies,Art,Corporate,1,55.56,18.94,0.0,2024-12-01,0.3408927285817135
2023-04-05,Asia Pacific,Furniture,Bookcases,Consumer,1,409.92,128.2,0.0,2023-04-01,0.312743950039032
2024-01-21,Europe,Furniture,Chairs,Corporate,2,791.33,175.06,0.0,2024-01-01,0.22122249883108183
2023-01-06,Latin America,Furniture,Furnishings,Consumer,3,413.82,100.28,0.0,2023-01-01,0.2423275820405007
2024-08-31,Europe,Office Supplies,Binders,Consumer,2,40.86,1.66,0.2,2024-08-01,0.040626529613313755
2023-01-03,North America,Technology,Phones,Consumer,2,803.46,185.63,0.0,2023-01-01,0.23103825952754337
2024-08-17,North America,Technology,Accessories,Consumer,3,604.29,173.75,0.0,2024-08-01,0.28752751162521306
2024-06-05,North America,Office Supplies,Storage,Corporate,2,49.56,15.17,0.0,2024-06-01,0.30609362389023403
2024-07-25,Middle East & Africa,Office Supplies,Art,Corporate,4,193.11,81.91,0.0,2024-07-01,0.4241623944901869
2024-02-02,Middle East & Africa,Technology,Phones,Consumer,6,2166.79,-8.38,0.2,2024-02-01,-0.003867472159277088
2023-01-08,North America,Office Supplies,Binders,Corporate,3,200.09,50.9,0.1,2023-01-01,0.2543855265130691
2023-02-11,Latin America,Office Supplies,Paper,Corporate,2,92.03,31.07,0.0,2023-02-01,0.33760730196675
2023-02-20,Asia Pacific,Furniture,Bookcases,Consumer,1,112.68,25.52,0.0,2023-02-01,0.2264820731274405
2023-09-02,Asia Pacific,Office Supplies,Binders,Corporate,1,47.98,3.32,0.2,2023-09-01,0.06919549812421842
2024-02-06,Europe,Technology,Machines,Consumer,1,237.07,12.67,0.1,2024-02-01,0.05344413042561269
2024-01-02,Asia Pacific,Technology,Copiers,Consumer,5,1997.96,504.64,0.0,2024-01-01,0.2525776291817654
2024-11-02,Latin America,Office Supplies,Binders,Consumer,4,402.91,-105.06,0.4,2024-11-01,-0.2607530217666476
2024-02-28,Europe,Technology,Copiers,Corporate,2,497.36,18.34,0.15,2024-02-01,0.03687469840759208
2023-11-30,Latin America,Technology,Machines,Corporate,1,294.91,11.69,0.15,2023-11-01,0.03963921196297175
2024-04-12,Europe,Technology,Phones,Consumer,3,542.76,-29.03,0.2,2024-04-01,-0.05348588694819073
2023-09-08,Asia Pacific,Technology,Machines,Consumer,1,328.07,81.25,0.0,2023-09-01,0.2476605602462889
2023-12-27,Middle East & Africa,Office Supplies,Binders,Consumer,4,217.25,95.89,0.0,2023-12-01,0.44138089758342924
2023-07-31,Europe,Technology,Phones,Home Office,3,1880.9,357.36,0.0,2023-07-01,0.18999415173587111
2023-12-11,North America,Technology,Phones,Corporate,1,601.86,4.58,0.2,2023-12-01,0.007609743129631476
2024-06-29,Europe,Technology,Phones,Home Office,1,747.57,53.66,0.1,2024-06-01,0.07177923137632596
2023-06-17,Asia Pacific,Office Supplies,Paper,Home Office,2,66.65,25.62,0.0,2023-06-01,0.3843960990247562
2023-12-09,North America,Office Supplies,Storage,Consumer,1,46.23,1.44,0.2,2023-12-01,0.031148604802076575
2023-03-13,Europe,Furniture,Tables,Home Office,1,315.54,83.37,0.0,2023-03-01,0.26421372884578814
2024-06-10,Latin America,Technology,Machines,Consumer,3,1049.39,248.97,0.0,2024-06-01,0.237252117897064
2023-05-13,North America,Office Supplies,Paper,Consumer,1,42.07,16.24,0.0,2023-05-01,0.38602329450915135
